numSequencia,Data_Entrega_oficial,Hora_Entrega_oficial,Data_Documento_recibo,Protocolo_recibo
134736,02/01/2018,09:42:33,02/01/2018,003980IPE020120180104310205-79
134727,02/01/2018,08:45:57,02/01/2018,004170IPE020120180104310205-13
134856,03/01/2018,07:20:19,03/01/2018,009512IPE030120180104310213-17
134995,04/01/2018,08:18:38,31/12/2017,018660IPE311220170204309708-80
135424,08/01/2018,21:37:27,08/01/2018,011312IPE080120180104310811-77
135616,09/01/2018,18:09:19,09/01/2018,004170IPE090120180104310910-88
135440,09/01/2018,08:43:45,09/01/2018,003980IPE090120180104310810-17
135758,10/01/2018,11:29:08,10/01/2018,019569IPE100120180104311005-53
136631,15/01/2018,20:54:22,15/01/2018,002437IPE150120180104311512-52
136512,15/01/2018,08:00:11,15/01/2018,009512IPE150120180104311504-78
136702,16/01/2018,19:01:52,16/01/2018,014605IPE160120180104311611-38
136723,16/01/2018,21:52:05,16/01/2018,014443IPE160120180104311613-07
136696,16/01/2018,18:35:47,16/01/2018,015253IPE160120180104311611-13
136867,18/01/2018,18:06:16,18/01/2018,008672IPE180120180104311809-32
136811,18/01/2018,08:58:33,18/01/2018,009512IPE180120180104311805-01
136857,18/01/2018,18:00:44,18/01/2018,014320IPE180120180104311810-18
136813,18/01/2018,09:00:35,18/01/2018,019550IPE180120180104311805-03
136984,19/01/2018,22:51:04,19/01/2018,014443IPE190120180104311913-68
136980,19/01/2018,20:20:47,19/01/2018,019550IPE190120180104311912-18
136983,19/01/2018,21:06:32,19/01/2018,002437IPE190120180204311912-46
136956,19/01/2018,18:19:46,19/01/2018,018821IPE190120180104311910-31
137148,23/01/2018,18:45:17,23/01/2018,020494IPE230120180104312311-23
137153,23/01/2018,19:27:44,23/01/2018,020494IPE230120180104312311-66
137469,29/01/2018,19:07:29,29/01/2018,009512IPE290120180104312910-26
137377,29/01/2018,08:21:15,29/01/2018,024295IPE290120180104312904-99
137468,29/01/2018,19:04:58,29/01/2018,009512IPE290120180104312910-85
137681,31/01/2018,19:04:18,31/01/2018,016659IPE310120180104313110-96
137720,01/02/2018,09:53:17,01/02/2018,004030IPE010220180104313205-65
137706,01/02/2018,08:13:13,01/02/2018,000906IPE010220180104313204-91
137935,02/02/2018,20:35:25,02/02/2018,002437IPE020220180104313312-27
138074,05/02/2018,19:15:59,05/02/2018,019348IPE050220180104313009-63
138075,05/02/2018,19:16:22,05/02/2018,019348IPE050220180104313009-67
138112,05/02/2018,20:15:26,05/02/2018,002437IPE050220180104313612-12
138058,05/02/2018,19:06:29,05/02/2018,013986IPE050220180104313611-43
137946,05/02/2018,09:02:03,05/02/2018,000906IPE050220180104313605-22
137945,05/02/2018,09:00:13,05/02/2018,000906IPE050220180104313605-12
138127,06/02/2018,08:01:49,06/02/2018,023159IPE060220180104313608-13
138263,06/02/2018,19:00:04,06/02/2018,009512IPE060220180104313709-82
138290,06/02/2018,21:14:32,06/02/2018,002437IPE060220180104313712-72
138217,06/02/2018,17:26:50,05/02/2018,013986IPE050220180104313710-41
138509,07/02/2018,22:06:31,07/02/2018,011312IPE070220180104313813-19
138523,07/02/2018,23:46:03,07/02/2018,000906IPE070220180204313805-54
138783,08/02/2018,19:25:03,08/02/2018,014320IPE080220180104313911-63
138832,08/02/2018,20:44:39,08/02/2018,011312IPE080220180104313912-38
139254,09/02/2018,18:10:09,09/02/2018,019550IPE090220180104314010-05
139319,09/02/2018,18:32:21,09/02/2018,007617IPE090220180104314011-04
139497,14/02/2018,09:37:03,14/02/2018,014320IPE140220180104314505-61
139663,15/02/2018,18:50:31,15/02/2018,007617IPE150220180104314611-17
140026,19/02/2018,20:27:25,19/02/2018,007617IPE190220180104315011-92
139967,19/02/2018,18:21:47,19/02/2018,007617IPE190220180104315010-98
139893,19/02/2018,07:31:34,19/02/2018,023159IPE190220180104314711-54
140187,20/02/2018,21:55:31,20/02/2018,023310IPE200220180104315113-11
140053,20/02/2018,08:35:18,19/02/2018,020532IPE190220180104315105-09
140215,21/02/2018,09:25:55,20/02/2018,020540IPE200220180304315114-06
140223,21/02/2018,10:08:50,21/02/2018,018660IPE210220180204315204-97
140329,21/02/2018,19:55:56,21/02/2018,014443IPE210220180104315211-94
140366,22/02/2018,08:51:15,21/02/2018,008672IPE210220180104315305-27
140582,22/02/2018,21:15:34,22/02/2017,022470IPE220220170104315312-74
140528,22/02/2018,19:24:17,22/02/2018,019836IPE220220180104315311-20
140720,23/02/2018,18:54:53,22/02/2018,022470IPE220220180104315411-32
140780,25/02/2018,15:19:33,25/02/2018,016292IPE250220180104315609-17
140779,25/02/2018,13:36:39,25/02/2018,016292IPE250220180104315608-14
140815,26/02/2018,16:24:11,26/02/2018,016292IPE260220180104315709-82
140872,26/02/2018,18:45:37,23/02/2018,021431IPE230220180204315411-06
141045,27/02/2018,19:40:37,27/02/2018,004170IPE270220180204315811-23
141226,28/02/2018,18:46:20,28/02/2018,020516IPE280220180104315911-24
141273,28/02/2018,21:30:17,28/02/2018,009512IPE280220180104315912-86
141188,28/02/2018,18:12:01,22/02/2018,001023IPE220220180304315304-15
141276,28/02/2018,21:50:34,28/02/2018,018465IPE280220180104315913-09
141275,28/02/2018,21:46:34,28/02/2018,018465IPE280220180104315913-04
141434,01/03/2018,21:28:40,01/03/2018,019836IPE010320180104316012-88
141278,01/03/2018,01:38:32,28/02/2018,018821IPE280220180104316000-95
141388,01/03/2018,18:12:03,01/03/2018,023264IPE010320180104316009-23
141285,01/03/2018,08:53:42,01/03/2018,009512IPE010320180104316005-23
141283,01/03/2018,08:31:01,01/03/2018,009512IPE010320180104316005-06
141826,05/03/2018,20:40:34,05/03/2018,020087IPE050320180104316412-02
142008,06/03/2018,19:12:54,05/03/2018,011312IPE050320180204316413-62
141897,06/03/2018,11:04:36,06/03/2018,023310IPE060320180204316505-92
141942,06/03/2018,16:06:11,06/03/2018,011312IPE060320180104316509-63
142033,06/03/2018,22:27:39,05/03/2018,020931IPE050320180204316411-76
142043,07/03/2018,06:36:45,07/03/2018,019569IPE070320180104316510-89
142283,07/03/2018,21:11:01,07/03/2018,011312IPE070320180104316612-65
142244,07/03/2018,19:20:18,07/03/2017,011312IPE070320170104316610-59
142310,08/03/2018,07:25:09,08/03/2018,024112IPE080320180104316704-44
142608,08/03/2018,20:23:11,08/03/2018,018660IPE080320180104316712-21
142306,08/03/2018,06:59:34,08/03/2018,020087IPE080320180104316613-81
142586,08/03/2018,19:28:11,08/03/2018,020540IPE080320180104316711-66
142723,09/03/2018,11:07:26,09/03/2018,013986IPE090320180204316805-29
142838,09/03/2018,14:58:39,09/03/2018,022187IPE090320180204316805-69
143055,09/03/2018,18:04:41,09/03/2018,018660IPE090320180104316810-74
142719,09/03/2018,11:05:40,09/03/2018,013986IPE090320180204316805-25
143030,09/03/2018,18:00:06,09/03/2018,009512IPE090320180104316809-29
143289,09/03/2018,19:56:58,09/03/2018,002437IPE090320180104316811-92
143377,11/03/2018,23:15:13,11/03/2018,014443IPE110320180104317013-91
143605,12/03/2018,23:37:09,12/03/2018,018821IPE120320180104317113-96
143379,12/03/2018,07:29:02,12/03/2018,017671IPE120320180104317011-31
143631,13/03/2018,09:58:49,13/03/2018,020745IPE130320180104317205-95
143811,14/03/2018,08:53:09,14/03/2018,011312IPE140320180104317305-27
143980,14/03/2018,22:48:34,14/03/2018,015253IPE140320180104317313-66
143947,14/03/2018,20:47:30,14/03/2018,009512IPE140320180104317312-44
143911,14/03/2018,19:08:41,14/03/2017,019550IPE140320170104317311-15
144258,16/03/2018,08:40:43,16/03/2018,013986IPE160320180104317500-37
144425,16/03/2018,20:05:52,16/03/2018,011312IPE160320180104317511-81
144372,16/03/2018,18:03:28,16/03/2017,020540IPE160320170104317408-46
144640,19/03/2018,23:26:27,19/03/2018,018821IPE190320180104317814-03
144821,20/03/2018,18:58:49,20/03/2018,018660IPE200320180104317910-49
144894,21/03/2018,07:05:32,21/03/2018,002437IPE210320180104317913-71
145404,23/03/2018,08:31:13,23/03/2018,011312IPE230320180104318205-07
145532,23/03/2018,16:54:55,22/03/2018,019739IPE220320180204318111-24
145569,23/03/2018,17:59:50,23/03/2018,007617IPE230320180104318210-78
145593,23/03/2018,18:25:42,23/03/2018,005258IPE230320180104318211-02
146154,26/03/2018,23:30:55,26/03/2018,014443IPE260320180104318514-07
145781,26/03/2018,09:40:00,26/03/2018,023310IPE260320180104318505-44
146554,27/03/2018,18:59:40,27/03/2018,002437IPE270320180104318611-03
146789,28/03/2018,08:37:54,28/03/2018,009512IPE280320180104318705-14
147118,28/03/2018,19:45:17,28/03/2018,011312IPE280320180104318711-80
147303,29/03/2018,10:08:22,28/03/2018,004030IPE280320180204318711-52
147694,29/03/2018,19:29:09,29/03/2018,004170IPE290320180104318811-65
147597,29/03/2018,18:12:58,27/03/2018,022187IPE270320180204318609-47
147684,29/03/2018,19:20:13,29/03/2018,009512IPE290320180104318811-52
148037,02/04/2018,19:26:15,02/04/2018,018821IPE020420180104319211-64
148020,02/04/2018,18:46:01,02/04/2018,020516IPE020420180104319211-22
148083,03/04/2018,08:46:02,03/04/2018,009512IPE030420180104319305-07
148084,03/04/2018,08:47:05,03/04/2018,009512IPE030420180104319305-13
148082,03/04/2018,08:44:39,03/04/2018,009512IPE030420180104319304-99
148494,04/04/2018,18:20:17,04/04/2018,018465IPE040420180104319410-04
148752,05/04/2018,20:12:17,05/04/2018,018821IPE050420180104319512-04
148751,05/04/2018,20:07:41,05/04/2018,015253IPE050420180104319511-98
148715,05/04/2018,18:29:46,05/04/2018,019569IPE050420180104319510-00
149005,06/04/2018,18:01:53,06/04/2018,008672IPE060420180104319610-11
148809,06/04/2018,09:33:46,06/04/2018,022187IPE060420180104319605-65
148838,06/04/2018,10:22:54,06/04/2018,022187IPE060420180104319606-14
149306,09/04/2018,17:02:49,09/04/2018,020788IPE090420180204319905-65
149874,10/04/2018,18:00:04,10/04/2018,017329IPE100420180104320008-21
149883,10/04/2018,18:04:13,10/04/2018,021431IPE100420180204320007-14
149611,10/04/2018,11:16:52,06/04/2018,016292IPE060420180204319613-78
150094,10/04/2018,20:00:17,10/04/2018,019569IPE100420180104320011-49
149575,10/04/2018,10:15:38,10/04/2018,014320IPE100420180104320006-00
150341,11/04/2018,23:11:16,11/04/2018,016292IPE110420180204320112-22
150326,11/04/2018,20:16:50,11/04/2018,011312IPE110420180104320112-12
150372,12/04/2018,09:46:08,12/04/2018,016292IPE120420180104320205-73
150575,13/04/2018,09:02:57,27/02/2018,017450IPE270220180204315710-91
150924,16/04/2018,18:42:46,16/04/2018,015253IPE160420180104320611-19
151108,17/04/2018,18:17:02,17/04/2018,015253IPE170420180104320710-91
150985,17/04/2018,09:06:18,17/04/2018,014320IPE170420180104320610-72
151114,17/04/2018,18:24:42,17/04/2018,019550IPE170420180104320710-99
151103,17/04/2018,17:59:55,17/04/2018,020087IPE170420180104320710-35
151328,18/04/2018,20:22:51,18/04/2018,021610IPE180420180104320812-19
151344,18/04/2018,21:31:58,18/04/2018,021610IPE180420180104320812-87
151365,19/04/2018,08:25:56,19/04/2018,015253IPE190420180104320905-00
151537,19/04/2018,19:47:06,19/04/2018,080071IPE190420180104320911-83
151559,19/04/2018,21:10:56,19/04/2018,016292IPE190420180104320912-69
151575,20/04/2018,08:45:49,20/04/2018,019550IPE200420180104321005-22
151573,20/04/2018,08:31:53,19/04/2018,015253IPE190420180204320911-08
151566,20/04/2018,07:32:44,20/04/2018,002437IPE200420180104321004-50
151752,20/04/2018,18:27:22,20/04/2018,004170IPE200420180104321011-04
151579,20/04/2018,09:10:12,20/04/2018,004030IPE200420180104321005-48
151955,23/04/2018,17:31:18,23/04/2018,016292IPE230420180104321310-49
151842,23/04/2018,08:56:54,23/04/2018,017973IPE230420180104321305-35
151849,23/04/2018,09:33:54,23/04/2018,017973IPE230420180104321305-71
152086,24/04/2018,08:25:52,24/04/2018,019836IPE240420180104321312-15
153038,26/04/2018,18:02:04,26/04/2018,021431IPE260420180104321610-55
153315,26/04/2018,21:05:15,26/04/2018,004030IPE260420180104321612-62
153349,27/04/2018,08:02:38,27/04/2018,009512IPE270420180104321704-79
154385,27/04/2018,20:13:55,27/04/2018,004030IPE270420180104321712-11
155544,30/04/2018,19:25:33,30/04/2018,009512IPE300420180104322011-22
155306,30/04/2018,18:00:34,30/04/2018,009512IPE300420180104322010-56
155543,30/04/2018,19:25:22,30/04/2018,024295IPE300420180104322011-59
155598,30/04/2018,20:03:10,30/04/2018,002437IPE300420180104322012-01
155324,30/04/2018,18:04:17,30/04/2018,009512IPE300420180104322010-71
155882,02/05/2018,06:22:50,02/05/2018,002437IPE020520180104322203-78
156116,02/05/2018,18:17:12,02/05/2018,018465IPE020520180104322210-01
156389,03/05/2018,17:51:55,03/05/2018,020540IPE030520180204322305-59
156414,03/05/2018,18:40:25,03/05/2018,018660IPE030520180204322305-58
156728,04/05/2018,22:31:20,04/05/2018,014443IPE040520180104322413-49
156693,04/05/2018,19:21:31,04/05/2018,015253IPE040520180104322410-91
157054,08/05/2018,08:14:48,08/05/2018,009512IPE080520180104322804-51
157361,08/05/2018,19:52:48,08/05/2018,020982IPE080520180104322811-88
157841,09/05/2018,20:15:01,09/05/2018,020931IPE090520180104322912-02
157443,09/05/2018,08:07:55,09/05/2018,019569IPE090520180104322811-15
158657,10/05/2018,20:36:00,10/05/2018,019836IPE100520180104323012-28
158618,10/05/2018,20:14:06,10/05/2018,021610IPE100520180104323011-27
158607,10/05/2018,19:59:57,10/05/2018,015253IPE100520180104323011-93
157903,10/05/2018,00:53:51,10/05/2018,014443IPE100520180104323000-50
157923,10/05/2018,08:35:21,10/05/2018,009512IPE100520180104323005-08
158925,11/05/2018,18:06:37,11/05/2018,017329IPE110520180104323110-57
158789,11/05/2018,09:10:12,11/05/2018,017973IPE110520180104323105-48
158792,11/05/2018,09:24:22,11/05/2018,017973IPE110520180104323105-63
159218,14/05/2018,23:41:44,14/05/2018,014443IPE140520180104323414-19
159183,14/05/2018,21:10:24,14/05/2018,004030IPE140520180104323412-66
158996,14/05/2018,08:59:04,14/05/2018,009512IPE140520180104323405-09
159245,15/05/2018,08:50:17,15/05/2018,011312IPE150520180104323505-21
159566,16/05/2018,07:34:19,16/05/2018,002437IPE160520180104323604-52
159725,16/05/2018,19:47:19,16/05/2018,021016IPE160520180104323611-84
159802,17/05/2018,16:54:47,10/05/2018,001023IPE100520180204323004-15
160012,21/05/2018,09:00:32,21/05/2018,018821IPE210520180104324105-25
160127,21/05/2018,19:33:37,21/05/2018,021610IPE210520180104324111-70
160332,23/05/2018,08:45:06,23/05/2018,009512IPE230520180104324212-65
160395,23/05/2018,18:04:14,23/05/2018,016659IPE230520180104324309-80
160481,24/05/2018,09:45:58,24/05/2018,004820IPE240520180104324405-83
160473,24/05/2018,08:47:59,23/05/2018,009512IPE230520180304324311-63
160471,24/05/2018,08:03:50,24/05/2018,009512IPE240520180104324404-81
160586,24/05/2018,17:34:49,24/05/2018,007617IPE240520180104324408-89
160472,24/05/2018,08:30:11,24/05/2018,024295IPE240520180104324313-48
160612,24/05/2018,18:45:13,24/05/2018,019348IPE240520180104324408-62
160640,24/05/2018,22:37:36,24/05/2018,014443IPE240520180104324413-55
160784,25/05/2018,19:50:46,25/05/2018,002437IPE250520180104324511-34
160807,28/05/2018,09:13:39,28/05/2018,009512IPE280520180104324805-49
160819,28/05/2018,10:26:11,28/05/2018,013986IPE280520180104324806-24
161053,29/05/2018,18:47:17,28/05/2018,022187IPE280520180104324811-56
160970,29/05/2018,08:24:24,29/05/2018,009512IPE290520180104324812-71
161043,29/05/2018,18:27:59,29/05/2018,020745IPE290520180104324911-06
161305,30/05/2018,20:28:52,30/05/2018,004820IPE300520180104325012-20
161483,01/06/2018,19:58:41,01/06/2018,002437IPE010620180104325211-95
161356,01/06/2018,08:36:47,01/06/2018,009512IPE010620180104325205-09
161377,01/06/2018,11:48:53,01/06/2018,009512IPE010620180204325206-73
161469,01/06/2018,18:14:45,01/06/2018,009512IPE010620180104325210-93
161492,01/06/2018,22:01:27,01/06/2018,009512IPE010620180104325213-05
161363,01/06/2018,09:29:53,01/06/2018,013986IPE010620180204325205-34
161674,04/06/2018,21:06:05,04/06/2018,009512IPE040620180104325512-61
161650,04/06/2018,18:40:28,04/06/2018,018660IPE040620180104325511-12
161643,04/06/2018,18:33:44,04/06/2018,020540IPE040620180104325510-66
161678,05/06/2018,08:06:30,05/06/2018,002437IPE050620180104325604-69
161813,05/06/2018,18:23:25,04/06/2018,019550IPE040620180204325510-02
161850,05/06/2018,19:50:09,05/06/2018,018821IPE050620180104325609-96
161889,06/06/2018,09:51:05,06/06/2018,020788IPE060620180104325705-14
162201,07/06/2018,18:02:34,07/06/2018,009512IPE070620180104325810-73
162056,07/06/2018,08:45:21,07/06/2018,013986IPE070620180104325711-78
162278,08/06/2018,08:35:58,08/06/2018,009512IPE080620180104325814-01
162886,10/06/2018,20:08:16,10/06/2018,017329IPE100620180104326109-31
163009,11/06/2018,17:06:58,11/06/2018,004170IPE110620180104326210-25
163067,11/06/2018,18:02:19,11/06/2018,002437IPE110620180104326210-28
163272,13/06/2018,09:14:47,13/06/2018,003980IPE130620180104326405-50
163545,14/06/2018,20:09:17,14/06/2018,016292IPE140620180104326511-63
163524,14/06/2018,18:29:48,13/06/2018,021016IPE130620180204326411-47
163514,14/06/2018,18:16:06,14/06/2018,016292IPE140620180104326509-63
163384,14/06/2018,06:42:42,14/06/2018,002437IPE140620180104326504-00
163561,15/06/2018,09:00:07,15/06/2018,004820IPE150620180104326605-09
163554,15/06/2018,07:19:04,15/06/2018,009512IPE150620180104326511-20
163667,15/06/2018,18:32:32,15/06/2018,001023IPE150620180104326611-03
163802,18/06/2018,18:11:49,18/06/2018,000906IPE180620180104326910-88
164059,20/06/2018,17:36:50,20/06/2018,004030IPE200620180104327110-42
164209,21/06/2018,19:27:11,21/06/2018,014443IPE210620180104327211-65
164136,21/06/2018,12:03:22,21/06/2018,020540IPE210620180104327205-86
164137,21/06/2018,12:20:41,21/06/2018,018660IPE210620180104327207-31
164210,21/06/2018,19:29:08,21/06/2018,020982IPE210620180104327211-31
164164,21/06/2018,18:01:58,21/06/2018,019739IPE210620180104327206-00
164217,21/06/2018,20:41:45,21/06/2018,009512IPE210620180104327212-39
164314,25/06/2018,08:34:41,25/06/2018,009512IPE250620180104327605-05
164362,25/06/2018,17:19:30,25/06/2018,004170IPE250620180104327610-37
164514,26/06/2018,18:12:23,26/06/2018,000906IPE260620180104327710-86
164419,26/06/2018,09:11:43,25/06/2016,020516IPE250620160104327705-50
164415,26/06/2018,09:00:51,26/06/2018,023159IPE260620180104327705-11
164543,26/06/2018,19:20:59,26/06/2018,009512IPE260620180104327711-56
164417,26/06/2018,09:01:44,26/06/2018,001023IPE260620180104327705-36
164540,26/06/2018,19:15:11,26/06/2018,013986IPE260620180104327707-51
164554,26/06/2018,20:15:16,26/06/2018,024295IPE260620180104327711-95
164572,27/06/2018,08:08:48,27/06/2018,024112IPE270620180104327804-29
164583,27/06/2018,09:00:44,27/06/2018,009512IPE270620180104327805-34
164650,27/06/2018,20:15:57,27/06/2018,019836IPE270620180104327811-31
164646,27/06/2018,19:40:14,27/06/2018,024112IPE270620180104327811-54
164689,28/06/2018,17:28:30,28/06/2018,015253IPE280620180104327910-39
164683,28/06/2018,17:07:52,28/06/2018,004170IPE280620180104327910-25
164796,29/06/2018,08:04:15,29/06/2018,015253IPE290620180104328004-81
164954,29/06/2018,19:07:33,29/06/2018,016292IPE290620180204328011-01
164891,29/06/2018,17:31:01,29/06/2018,024112IPE290620180104328010-49
164963,29/06/2018,19:27:02,29/06/2018,004030IPE290620180104328010-74
165157,02/07/2018,20:06:04,02/07/2018,024295IPE020720180104328311-79
165130,02/07/2018,18:30:28,02/07/2018,013986IPE020720180104328310-62
165180,03/07/2018,08:51:40,03/07/2018,009512IPE030720180104328405-22
165292,03/07/2018,19:27:03,29/06/2018,014443IPE290620180204328012-10
165273,03/07/2018,18:38:47,03/07/2018,024295IPE030720180104328409-45
165181,03/07/2018,08:53:46,03/07/2018,009512IPE030720180104328405-26
165643,05/07/2018,21:40:00,05/07/2018,020516IPE050720180104328612-96
165593,05/07/2018,18:30:50,04/07/2018,019569IPE040720180104328408-42
165578,05/07/2018,18:01:27,05/07/2018,017973IPE050720180104328609-39
165576,05/07/2018,18:00:50,05/07/2018,017973IPE050720180104328609-35
165452,05/07/2018,08:00:19,05/07/2018,020087IPE050720180104328511-67
166710,12/07/2018,07:26:36,12/07/2018,020745IPE120720180104329304-41
166944,16/07/2018,08:48:29,16/07/2018,080071IPE160720180104329705-11
167169,17/07/2018,20:53:07,17/07/2018,024295IPE170720180104329812-50
167157,17/07/2018,18:49:02,17/07/2018,002437IPE170720180104329811-26
167163,17/07/2018,19:42:01,17/07/2018,004170IPE170720180104329811-72
167345,19/07/2018,18:02:08,18/07/2018,002437IPE180720180204329912-04
167442,20/07/2018,18:34:02,20/07/2018,020982IPE200720180104330111-12
167448,20/07/2018,18:49:10,20/07/2018,018821IPE200720180204330111-04
167431,20/07/2018,18:20:31,20/07/2018,011312IPE200720180104330110-94
167789,25/07/2018,18:15:23,25/07/2018,004170IPE250720180104330610-91
167985,26/07/2018,20:27:12,26/07/2018,002437IPE260720180204330712-04
167855,26/07/2018,10:54:21,26/07/2018,020010IPE260720180104330706-49
167846,26/07/2018,08:08:55,26/07/2018,000906IPE260720180104330704-76
167957,26/07/2018,18:32:37,26/07/2018,013986IPE260720180104330611-77
167954,26/07/2018,18:30:04,26/07/2018,023264IPE260720180104330710-87
168122,27/07/2018,17:52:34,27/07/2018,013986IPE270720180104330807-37
168120,27/07/2018,17:50:04,27/07/2018,009512IPE270720180104330810-67
168365,30/07/2018,20:48:38,30/07/2018,020087IPE300720180104331112-45
168389,30/07/2018,22:31:03,30/07/2018,022187IPE300720180104331113-47
168346,30/07/2018,19:07:12,30/07/2018,019348IPE300720180104329907-28
168481,31/07/2018,18:29:41,31/07/2018,013986IPE310720180104331210-84
168641,01/08/2018,19:18:37,01/08/2018,024295IPE010820180104331311-53
168824,02/08/2018,19:34:10,02/08/2018,018821IPE020820180104331411-70
168815,02/08/2018,19:20:08,02/08/2018,018821IPE020820180104331411-57
168678,02/08/2018,08:13:07,02/08/2018,019569IPE020820180104331312-71
168856,03/08/2018,08:09:23,03/08/2018,009512IPE030820180104331412-21
169005,06/08/2018,07:31:22,06/08/2018,023159IPE060820180104331510-21
169436,07/08/2018,21:20:46,07/08/2018,020931IPE070820180104331909-49
169437,07/08/2018,21:21:42,07/08/2018,020931IPE070820180104331910-16
169395,07/08/2018,19:14:07,07/08/2018,017450IPE070820180104331911-47
169203,07/08/2018,09:01:51,07/08/2018,009512IPE070820180104331905-39
169404,07/08/2018,19:24:02,30/06/2018,020494IPE300620180104331910-00
169478,08/08/2018,09:42:12,08/08/2018,004030IPE080820180104332004-94
169746,08/08/2018,19:52:36,08/08/2018,019836IPE080820180104332010-68
169701,08/08/2018,18:41:14,08/08/2018,020982IPE080820180104332011-20
169682,08/08/2018,18:28:18,08/08/2018,004170IPE080820180104332011-06
169815,09/08/2018,08:53:37,09/08/2018,009512IPE090820180104332105-22
169783,09/08/2018,07:05:12,09/08/2018,001023IPE090820180104332008-79
169784,09/08/2018,07:05:46,09/08/2018,001023IPE090820180104332008-88
169797,09/08/2018,08:14:04,09/08/2018,024112IPE090820180104332104-78
169788,09/08/2018,08:09:13,09/08/2018,013986IPE090820180104332104-66
170434,10/08/2018,14:31:06,10/08/2018,014320IPE100820180104332208-65
170680,10/08/2018,18:02:14,10/08/2018,024295IPE100820180104332210-69
170269,10/08/2018,08:30:23,10/08/2018,019348IPE100820180104332109-86
170259,10/08/2018,08:00:28,10/08/2018,016292IPE100820180104332113-10
170884,13/08/2018,08:40:03,13/08/2018,014320IPE130820180104332505-04
171068,13/08/2018,18:53:48,13/08/2018,080071IPE130820180104332511-20
171160,14/08/2018,07:10:56,13/08/2018,023310IPE130820180104332600-05
171167,14/08/2018,07:53:25,13/08/2018,007617IPE130820180104332506-86
171176,14/08/2018,08:45:09,14/08/2018,017973IPE140820180104332512-95
171177,14/08/2018,08:45:48,14/08/2018,017973IPE140820180104332513-00
171605,15/08/2018,18:58:18,15/08/2018,080071IPE150820180104332711-30
171601,15/08/2018,18:39:22,15/08/2018,017973IPE150820180104332707-93
171600,15/08/2018,18:38:20,15/08/2018,017973IPE150820180104332707-92
171755,17/08/2018,06:30:39,17/08/2018,002437IPE170820180104332903-84
171882,20/08/2018,08:54:30,20/08/2018,019739IPE200820180104333205-32
171877,20/08/2018,05:02:33,20/08/2018,020788IPE200820180104333113-39
171956,20/08/2018,19:04:04,20/08/2018,002437IPE200820180104333211-41
171970,21/08/2018,06:13:09,21/08/2018,002437IPE210820180104333303-61
172028,21/08/2018,17:05:40,17/08/2018,004030IPE170820180204332912-20
172187,22/08/2018,19:45:26,22/08/2018,020532IPE220820180104333411-65
172196,23/08/2018,08:42:26,23/08/2018,009512IPE230820180104333505-15
172232,23/08/2018,16:19:42,23/08/2018,014320IPE230820180104333509-68
172453,27/08/2018,23:07:04,27/08/2018,020788IPE270820180104333913-30
172463,28/08/2018,09:14:10,28/08/2018,020540IPE280820180104334005-51
172464,28/08/2018,09:54:15,28/08/2018,004030IPE280820180104334005-92
172684,29/08/2018,21:40:19,29/08/2018,004030IPE290820180104334112-98
172668,29/08/2018,18:32:52,29/08/2018,018465IPE290820180104334111-09
172712,30/08/2018,15:51:42,30/08/2018,015253IPE300820180104334209-48
172837,31/08/2018,17:30:05,31/08/2018,017973IPE310820180104334309-55
172836,31/08/2018,17:29:10,31/08/2018,017973IPE310820180104334309-53
172855,31/08/2018,18:12:27,30/08/2018,002437IPE300820180204334209-64
172852,31/08/2018,18:08:26,31/08/2018,024295IPE310820180104334310-86
173010,03/09/2018,18:46:46,03/09/2018,020788IPE030920180104334611-23
173162,05/09/2018,08:41:55,05/09/2018,020010IPE050920180104334805-07
173168,05/09/2018,09:29:56,04/09/2018,023310IPE040920180204334713-28
173549,06/09/2018,18:01:12,06/09/2018,001023IPE060920180104334910-68
174463,11/09/2018,18:33:47,11/09/2018,020931IPE110920180104335409-66
174554,12/09/2018,18:21:19,12/09/2018,020540IPE120920180104335510-59
174651,13/09/2018,18:22:31,13/09/2018,013986IPE130920180104335610-48
174706,14/09/2018,10:44:28,13/09/2018,011312IPE130920180204335612-57
174701,14/09/2018,09:25:25,14/09/2018,020788IPE140920180104335705-58
174950,17/09/2018,18:10:02,17/09/2018,013986IPE170920180104336010-87
175219,19/09/2018,19:07:45,19/09/2018,004030IPE190920180104336211-44
175343,20/09/2018,20:24:54,20/09/2018,014443IPE200920180204336311-38
175423,21/09/2018,18:00:52,21/09/2018,019739IPE210920180104336410-21
175424,21/09/2018,18:01:22,21/09/2018,019739IPE210920180104336410-29
175444,21/09/2018,18:49:42,21/09/2018,009512IPE210920180104336411-27
175433,21/09/2018,18:27:07,21/09/2018,020982IPE210920180104336410-93
175534,24/09/2018,19:40:25,24/09/2018,004820IPE240920180104336711-46
175574,25/09/2018,09:07:48,24/09/2018,022187IPE240920180104336712-76
175637,25/09/2018,18:13:47,25/09/2018,013986IPE250920180104336809-43
175685,26/09/2018,08:32:51,26/09/2018,024295IPE260920180104336904-15
175697,26/09/2018,10:21:49,26/09/2018,018821IPE260920180204336905-67
175713,26/09/2018,11:22:28,26/09/2018,018821IPE260920180104336906-76
176003,27/09/2018,18:47:24,27/09/2018,021016IPE270920180104337011-24
175783,27/09/2018,08:49:42,27/09/2018,009512IPE270920180104337005-16
175983,27/09/2018,18:00:17,27/09/2018,002437IPE270920180104337010-75
176322,01/10/2018,18:28:21,01/10/2018,019836IPE011020180104337410-78
176329,01/10/2018,18:50:42,01/10/2018,024295IPE011020180104337411-28
176348,02/10/2018,09:35:27,02/10/2018,020745IPE021020180104337505-67
176492,03/10/2018,08:26:26,03/10/2018,011312IPE031020180104337604-95
176493,03/10/2018,08:28:08,03/10/2018,011312IPE031020180104337605-00
176776,04/10/2018,23:46:07,04/10/2018,018821IPE041020180104337713-86
176626,04/10/2018,07:48:40,04/10/2018,022616IPE041020180104337703-91
176730,04/10/2018,18:30:08,04/10/2018,018821IPE041020180104337710-74
176955,05/10/2018,19:06:10,05/10/2018,017973IPE051020180104337810-41
176954,05/10/2018,19:05:36,05/10/2018,017973IPE051020180104337810-40
176998,08/10/2018,08:12:47,08/10/2018,019569IPE081020180104338104-90
177161,08/10/2018,18:05:40,08/10/2018,009512IPE081020180104338110-76
177444,09/10/2018,19:48:44,09/10/2018,002437IPE091020180104338211-02
177502,10/10/2018,09:28:22,10/10/2018,020540IPE101020180104338305-54
177807,10/10/2018,18:06:04,10/10/2018,009512IPE101020180104338310-51
178066,11/10/2018,09:45:21,11/10/2018,020087IPE111020180104338404-37
178152,11/10/2018,18:17:49,11/10/2018,080071IPE111020180104338410-52
178200,11/10/2018,21:55:43,11/10/2018,020540IPE111020180104338413-12
178201,11/10/2018,22:52:15,11/10/2018,018821IPE111020180104338413-70
178153,11/10/2018,18:18:42,11/10/2018,017973IPE111020180104338308-71
178219,14/10/2018,23:03:13,14/10/2018,019569IPE141020180104338713-80
178351,15/10/2018,22:38:39,15/10/2018,018821IPE151020180104338813-25
178465,16/10/2018,18:55:44,16/10/2018,004170IPE161020180104338911-34
178352,16/10/2018,07:41:44,16/10/2018,009512IPE161020180104338904-54
178502,16/10/2018,21:44:02,16/10/2018,002437IPE161020180104338913-01
178594,17/10/2018,20:04:03,17/10/2018,002437IPE171020180104339011-99
178577,17/10/2018,18:58:32,17/10/2018,020010IPE171020180204339010-20
178862,19/10/2018,18:55:35,19/10/2018,017450IPE191020180104339211-18
179190,23/10/2018,18:35:40,23/10/2018,002437IPE231020180104339611-14
179135,23/10/2018,12:36:45,23/10/2018,002437IPE231020180104339607-49
179239,24/10/2018,08:33:41,24/10/2018,023485IPE241020180104339612-27
179238,24/10/2018,08:32:34,24/10/2018,019836IPE241020180104339612-06
179484,25/10/2018,18:00:06,25/10/2018,013986IPE251020180104339809-74
179760,26/10/2018,22:02:12,26/10/2018,011312IPE261020180104339912-61
179776,29/10/2018,09:14:27,29/10/2018,022187IPE291020180104340205-51
180136,30/10/2018,19:19:09,30/10/2018,015253IPE301020180104340311-33
180135,30/10/2018,19:07:28,30/10/2018,002437IPE301020180104340310-28
180151,30/10/2018,20:20:19,30/10/2018,022187IPE301020180104340312-18
179995,30/10/2018,08:34:13,30/10/2018,017671IPE301020180104340305-13
180470,31/10/2018,20:14:23,31/10/2018,024295IPE311020180104340412-11
180348,31/10/2018,18:10:34,31/10/2018,017329IPE311020180104340410-25
180326,31/10/2018,18:00:11,30/10/2018,009512IPE301020180104340410-68
180662,01/11/2018,18:38:15,01/11/2018,023485IPE011120180104340510-92
180669,01/11/2018,19:02:03,01/11/2018,018821IPE011120180104340511-39
180631,01/11/2018,17:28:10,01/11/2018,023159IPE011120180104340509-43
180544,01/11/2018,08:35:55,01/11/2018,008133IPE011120180104340504-57
180646,01/11/2018,18:06:33,01/11/2018,020532IPE011120180104340509-93
180536,01/11/2018,08:04:12,01/11/2018,019569IPE011120180104340412-35
180659,01/11/2018,18:29:09,01/11/2018,019836IPE011120180104340506-28
180649,01/11/2018,18:10:19,01/11/2018,002437IPE011120180204340503-93
181175,06/11/2018,20:24:54,06/11/2018,020931IPE061120180104341012-22
180992,06/11/2018,09:15:16,06/11/2018,011312IPE061120180104341005-52
180976,06/11/2018,08:02:31,06/11/2018,009512IPE061120180104340910-46
181457,07/11/2018,18:56:12,07/11/2018,014460IPE071120180104341111-33
181556,07/11/2018,21:47:10,07/11/2018,019836IPE071120180104341113-06
181570,08/11/2018,07:08:13,08/11/2018,001023IPE081120180104341203-74
181824,08/11/2018,18:54:49,08/11/2018,017973IPE081120180104341209-94
183280,13/11/2018,21:41:35,13/11/2018,019836IPE131120180104341712-97
182990,13/11/2018,08:10:25,12/11/2018,007617IPE121120180104341207-12
183296,14/11/2018,06:31:04,14/11/2018,002437IPE141120180104341803-89
183744,19/11/2018,09:45:44,19/11/2018,009512IPE191120180104342305-81
183743,19/11/2018,09:43:43,19/11/2018,020516IPE191120180104342305-82
183935,20/11/2018,21:13:37,20/11/2018,002437IPE201120180104342412-70
184015,21/11/2018,18:04:48,21/11/2018,016659IPE211120180104342510-02
184194,22/11/2018,18:02:36,22/11/2018,020540IPE221120180104342609-63
184265,22/11/2018,22:23:11,22/11/2018,002437IPE221120180104342613-41
184319,23/11/2018,16:01:38,23/11/2018,019739IPE231120180104342709-19
184539,26/11/2018,22:28:40,26/11/2018,002437IPE261120180204343012-32
184515,26/11/2018,20:16:42,26/11/2018,020540IPE261120180104343012-14
184412,26/11/2018,09:51:57,26/11/2018,019992IPE261120180204343004-81
184754,28/11/2018,08:59:30,28/11/2018,009512IPE281120180104343205-24
184840,28/11/2018,20:03:59,28/11/2018,018821IPE281120180104343212-02
184753,28/11/2018,08:59:01,28/11/2018,009512IPE281120180104343205-18
184887,29/11/2018,11:21:42,29/11/2018,018821IPE291120180204343306-72
184984,29/11/2018,20:01:06,29/11/2018,002437IPE291120180104343311-88
184967,29/11/2018,19:03:56,29/11/2018,019348IPE291120180104343204-99
184899,29/11/2018,12:29:45,29/11/2018,013986IPE291120180104343210-58
185136,30/11/2018,19:02:51,30/11/2018,020788IPE301120180104343411-41
185148,30/11/2018,19:42:13,30/11/2018,024295IPE301120180104343411-80
185150,30/11/2018,20:01:01,30/11/2018,002437IPE301120180204343408-98
185343,03/12/2018,20:02:23,03/12/2018,002437IPE031220180104343711-98
185192,03/12/2018,09:01:03,03/12/2018,009512IPE031220180104343705-35
185372,03/12/2018,23:37:45,03/12/2018,009512IPE031220180104343714-11
185335,03/12/2018,19:17:51,03/12/2018,024295IPE031220180104343711-55
185504,04/12/2018,19:05:02,04/12/2018,018660IPE041220180104343810-17
185532,04/12/2018,19:36:16,04/12/2018,004170IPE041220180104343811-73
185584,05/12/2018,09:07:25,05/12/2018,009512IPE051220180104343905-41
185693,05/12/2018,18:43:26,04/12/2018,022616IPE041220180204343812-52
185668,05/12/2018,18:01:19,05/12/2018,015253IPE051220180104343910-34
185859,06/12/2018,18:01:20,06/12/2018,017450IPE061220180104344010-67
185941,06/12/2018,23:01:19,06/12/2018,020087IPE061220180104344013-70
185857,06/12/2018,18:00:05,06/12/2018,020540IPE061220180104344010-69
185748,06/12/2018,08:56:30,06/12/2018,004170IPE061220180104344005-30
185907,06/12/2018,20:16:14,06/12/2018,002437IPE061220180204344011-83
185858,06/12/2018,18:01:13,06/12/2018,015253IPE061220180104344010-49
186402,07/12/2018,23:36:31,07/12/2018,024295IPE071220180104344114-13
186401,07/12/2018,23:00:09,07/12/2018,018821IPE071220180104344113-29
186280,07/12/2018,18:15:13,07/12/2018,000906IPE071220180104344110-70
186355,07/12/2018,19:51:36,07/12/2018,017671IPE071220180104344108-85
185976,07/12/2018,09:30:16,07/12/2018,003980IPE071220180204344104-99
186645,10/12/2018,15:52:04,09/12/2018,018821IPE091220180104344404-07
186863,10/12/2018,18:16:44,10/12/2018,002437IPE101220180104344410-94
186561,10/12/2018,14:01:26,10/12/2018,020087IPE101220180104344408-35
186813,10/12/2018,18:08:58,10/12/2018,020516IPE101220180104344111-20
187097,10/12/2018,20:05:14,10/12/2018,002437IPE101220180104344411-90
186726,10/12/2018,17:11:21,10/12/2018,013986IPE101220180104344405-19
187553,12/12/2018,20:20:28,12/12/2018,003980IPE121220180104344610-42
187581,12/12/2018,23:13:10,12/12/2018,004030IPE121220180104344613-88
187514,12/12/2018,19:04:42,12/12/2018,024139IPE121220180104344611-39
187457,12/12/2018,18:01:57,12/12/2018,017671IPE121220180104344609-16
187461,12/12/2018,18:03:19,12/12/2018,007617IPE121220180104344610-62
187365,12/12/2018,08:44:30,12/12/2018,014443IPE121220180104344605-23
187750,13/12/2018,21:49:46,13/12/2018,009512IPE131220180104344713-03
187702,13/12/2018,18:38:40,13/12/2018,019739IPE131220180104344710-97
187903,14/12/2018,18:57:34,14/12/2018,022187IPE141220180104344811-35
187917,14/12/2018,19:59:44,14/12/2018,004030IPE141220180104344811-99
188097,17/12/2018,22:33:45,17/12/2018,021016IPE171220180104345113-41
187948,17/12/2018,08:55:26,17/12/2018,020087IPE171220180104345105-01
188076,17/12/2018,19:09:43,17/12/2018,015253IPE171220180104345111-48
187943,17/12/2018,00:39:24,17/12/2018,002437IPE171220180104345100-37
187944,17/12/2018,07:45:45,17/12/2018,021610IPE171220180104345104-58
188090,17/12/2018,21:14:04,17/12/2018,004030IPE171220180104345112-68
187942,17/12/2018,00:08:43,16/12/2018,019569IPE161220180204345012-65
188208,18/12/2018,18:05:59,18/12/2018,018660IPE181220180104345210-62
188266,18/12/2018,21:22:01,18/12/2018,009512IPE181220180104345212-51
188282,18/12/2018,23:03:35,18/12/2018,009512IPE181220180104345213-74
188296,19/12/2018,09:12:43,19/12/2018,020532IPE191220180104345305-16
188724,20/12/2018,18:09:30,20/12/2018,015253IPE201220180104345410-83
188756,20/12/2018,19:16:56,20/12/2018,020087IPE201220180104345411-54
188617,20/12/2018,09:40:41,20/12/2018,020540IPE201220180104345405-77
188450,20/12/2018,06:31:35,20/12/2018,002437IPE201220180104345403-88
188804,21/12/2018,08:36:12,21/12/2018,015253IPE211220180104345505-14
189007,21/12/2018,19:54:26,21/12/2018,019836IPE211220180104345509-85
188798,21/12/2018,07:43:48,20/12/2018,020931IPE201220180104345411-95
188933,21/12/2018,18:19:41,21/12/2018,020982IPE211220180104345510-63
188800,21/12/2018,08:11:50,21/12/2018,011312IPE211220180104345504-72
189009,21/12/2018,20:16:57,21/12/2018,009512IPE211220180104345512-14
188799,21/12/2018,08:00:17,21/12/2018,009512IPE211220180104345504-73
189034,22/12/2018,19:24:05,22/12/2018,020087IPE221220180104345611-60
189170,26/12/2018,19:37:42,26/12/2018,009512IPE261220180104346011-66
189186,26/12/2018,20:52:59,26/12/2018,002437IPE261220180104346012-51
189327,27/12/2018,20:00:31,21/12/2018,002437IPE211220180204345512-71
189473,28/12/2018,18:32:18,28/12/2018,020010IPE281220180104346210-90
189514,28/12/2018,20:19:29,28/12/2018,024295IPE281220180104346211-59
189512,28/12/2018,20:12:32,28/12/2018,009512IPE281220180104346212-08
189364,28/12/2018,09:31:59,27/12/2018,014605IPE271220180204346205-20
189483,28/12/2018,19:00:03,28/12/2018,019569IPE281220180104346210-10
189363,28/12/2018,09:23:16,27/12/2018,015253IPE271220180204346204-89
189480,28/12/2018,18:58:40,28/12/2018,022616IPE281220180104346210-65
189441,28/12/2018,18:00:11,28/12/2018,002437IPE281220180104346210-10
189506,28/12/2018,19:49:00,28/12/2018,002437IPE281220180104346209-78
189508,28/12/2018,19:55:29,28/12/2018,014443IPE281220180104346211-85
189532,31/12/2018,07:39:36,31/12/2018,018660IPE311220180104346210-01
189555,02/01/2019,06:11:00,02/01/2019,002437IPE020120190104346703-64
189691,03/01/2019,09:04:29,03/01/2019,024295IPE030120190104346804-17
189693,03/01/2019,09:25:14,03/01/2019,021610IPE030120190104346805-62
190059,07/01/2019,18:44:39,07/01/2019,024295IPE070120190104347211-22
190069,07/01/2019,19:29:59,07/01/2019,019569IPE070120190104347211-20
189942,07/01/2019,08:46:29,07/01/2019,024295IPE070120190104347200-59
190213,08/01/2019,20:31:48,08/01/2019,002437IPE080120190104347312-07
190192,08/01/2019,19:03:32,08/01/2019,009512IPE080120190104347309-62
190243,09/01/2019,08:39:21,08/01/2019,011312IPE080120190104347405-06
190810,10/01/2019,19:38:39,10/01/2019,020087IPE100120190104347511-70
190864,10/01/2019,21:01:57,10/01/2019,014443IPE100120190104347512-59
190883,11/01/2019,07:59:59,11/01/2019,019569IPE110120190104347511-64
191071,11/01/2019,19:12:36,11/01/2019,020087IPE110120190104347611-47
191028,11/01/2019,18:06:54,11/01/2019,018821IPE110120190104347610-77
191167,14/01/2019,18:04:20,11/01/2019,024295IPE110120190104347909-54
191209,14/01/2019,19:12:34,14/01/2019,013986IPE140120190104347908-93
191597,16/01/2019,19:04:17,16/01/2019,013986IPE160120190104348110-10
191616,16/01/2019,21:01:50,16/01/2019,019739IPE160120190104348112-59
191513,16/01/2019,09:18:57,16/01/2019,020087IPE160120190104348105-04
191631,17/01/2019,08:13:36,17/01/2019,009512IPE170120190104348204-88
191870,18/01/2019,20:59:30,18/01/2019,019836IPE180120190104348312-48
191890,18/01/2019,21:25:20,18/01/2019,019739IPE180120190104348312-81
192358,24/01/2019,19:40:11,24/01/2019,018821IPE240120190104348911-78
192338,24/01/2019,18:16:11,24/01/2019,023485IPE240120190104348910-42
192355,24/01/2019,19:32:42,24/01/2019,020087IPE240120190104348911-15
192406,25/01/2019,16:02:53,25/01/2019,004170IPE250120190104349009-61
192405,25/01/2019,15:39:14,25/01/2019,004170IPE250120190104349009-38
192421,25/01/2019,19:22:47,25/01/2019,020087IPE250120190104349011-58
192427,27/01/2019,23:49:43,27/01/2019,004170IPE270120190104349214-27
192428,27/01/2019,23:54:27,27/01/2019,004170IPE270120190104349214-33
192426,27/01/2019,23:36:31,27/01/2019,004170IPE270120190104349214-03
192556,28/01/2019,23:11:24,28/01/2019,018821IPE280120190104349313-90
192551,28/01/2019,21:40:49,28/01/2019,004170IPE280120190104349312-98
192553,28/01/2019,22:54:55,28/01/2019,004170IPE280120190104349313-73
192432,28/01/2019,08:34:56,28/01/2019,011312IPE280120190104349304-78
192741,29/01/2019,23:49:41,29/01/2019,004170IPE290120190204349413-06
192752,30/01/2019,08:51:28,30/01/2019,022187IPE300120190104349505-30
192866,30/01/2019,20:00:09,30/01/2019,009512IPE300120190104349511-49
192857,30/01/2019,18:30:20,30/01/2019,016659IPE300120190104349510-94
192864,30/01/2019,19:48:15,30/01/2019,009512IPE300120190104349511-82
193127,31/01/2019,23:25:22,31/01/2019,019739IPE310120190104349612-40
192928,31/01/2019,07:46:20,31/01/2019,000906IPE310120190104349604-66
193022,31/01/2019,18:11:19,31/01/2019,024295IPE310120190104349610-88
193241,01/02/2019,18:38:16,01/02/2019,020516IPE010220190104349709-02
193359,04/02/2019,15:10:08,04/02/2019,004170IPE040220190104350009-07
193412,04/02/2019,19:49:28,04/02/2019,004170IPE040220190104350011-83
193402,04/02/2019,19:09:24,04/02/2019,019348IPE040220190104349406-09
193403,04/02/2019,19:09:52,04/02/2019,019348IPE040220190104349406-12
193386,04/02/2019,18:15:07,04/02/2019,020494IPE040220190104350009-11
193449,04/02/2019,21:47:00,04/02/2019,012653IPE040220190104350012-91
193732,06/02/2019,17:33:05,06/02/2019,004170IPE060220190104350210-51
193687,06/02/2019,09:09:32,06/02/2019,024112IPE060220190104350205-47
193805,06/02/2019,20:56:26,06/02/2019,012653IPE060220190104350212-54
194089,07/02/2019,22:34:18,07/02/2019,000906IPE070220190104350313-54
194060,07/02/2019,19:18:56,07/02/2019,009512IPE070220190104350311-34
193815,07/02/2019,06:52:32,07/02/2019,016292IPE070220190104350304-10
194087,07/02/2019,22:17:31,07/02/2019,008133IPE070220190104350313-32
194062,07/02/2019,19:23:15,07/02/2019,024295IPE070220190104350311-54
194129,08/02/2019,09:32:22,08/02/2019,004170IPE080220190204350405-29
194555,08/02/2019,19:53:40,08/02/2019,011312IPE080220190104350411-46
194130,08/02/2019,09:34:48,08/02/2019,004170IPE080220190204350405-33
194857,11/02/2019,19:31:43,11/02/2019,023159IPE110220190104350509-18
195337,13/02/2019,21:21:27,13/02/2019,022187IPE130220190104350912-79
195103,13/02/2019,07:53:34,13/02/2019,017450IPE130220190104350904-71
195127,13/02/2019,11:17:23,13/02/2019,018821IPE130220190204350906-06
195555,14/02/2019,20:52:31,14/02/2019,019836IPE140220190104351008-49
195510,14/02/2019,19:02:42,14/02/2019,009512IPE140220190104351010-93
195353,14/02/2019,07:02:52,14/02/2019,001023IPE140220190104351004-11
195896,17/02/2019,09:25:40,17/02/2019,004170IPE170220190104351305-61
195902,18/02/2019,08:58:14,18/02/2019,024295IPE180220190104351405-32
195992,18/02/2019,18:22:57,18/02/2019,007617IPE180220190104351410-81
196190,19/02/2019,19:35:39,19/02/2018,024295IPE190220180104351511-56
196375,20/02/2019,19:09:23,20/02/2019,018465IPE200220190104351611-46
196405,20/02/2019,20:35:51,20/02/2019,004030IPE200220190104351612-36
196313,20/02/2019,16:00:10,20/02/2019,004170IPE200220190204351605-25
196627,21/02/2019,20:40:25,21/02/2019,021431IPE210220190104351712-38
196620,21/02/2019,20:20:15,21/02/2019,004030IPE210220190104351712-19
196621,21/02/2019,20:25:47,21/02/2019,022470IPE210220190104351712-24
196433,21/02/2019,08:37:22,21/02/2019,004170IPE210220190104351705-15
196438,21/02/2019,09:00:12,21/02/2019,022187IPE210220190104351705-38
196577,21/02/2019,19:07:50,21/02/2019,021610IPE210220190104351711-47
196437,21/02/2019,08:48:43,21/02/2019,020087IPE210220190104351705-16
196757,22/02/2019,18:03:48,22/02/2019,001023IPE220220190104351810-71
196838,25/02/2019,08:31:18,25/02/2019,020087IPE250220190104352105-06
197055,25/02/2019,22:32:37,25/02/2019,020087IPE250220190104352113-49
196952,25/02/2019,18:06:23,25/02/2019,020532IPE250220190104352110-83
196966,25/02/2019,18:19:02,25/02/2019,007617IPE250220190104352110-72
197083,26/02/2019,07:40:50,26/02/2019,020087IPE260220190104352204-58
197094,26/02/2019,10:51:50,26/02/2019,020087IPE260220190104352206-50
197278,27/02/2019,08:51:41,26/02/2019,005258IPE260220190204352211-61
197500,27/02/2019,20:43:11,27/02/2019,009512IPE270220190104352312-37
197801,28/02/2019,20:54:28,28/02/2019,013986IPE280220190104352410-81
197815,28/02/2019,23:18:25,28/02/2019,014443IPE280220190104352413-96
197549,28/02/2019,09:02:03,28/02/2019,019569IPE280220190104352400-24
197534,28/02/2019,04:08:31,28/02/2019,023264IPE280220190104352401-40
197545,28/02/2019,08:44:43,28/02/2019,011312IPE280220190104352405-22
198072,01/03/2019,20:16:47,01/03/2019,004030IPE010320190104352512-15
197933,01/03/2019,15:59:05,01/03/2019,004170IPE010320190104352509-57
198062,01/03/2019,19:20:47,01/03/2019,022187IPE010320190104352511-59
198046,01/03/2019,18:45:03,01/03/2019,024295IPE010320190104352507-39
198082,04/03/2019,11:28:03,02/03/2019,004170IPE020320190204352806-88
198087,06/03/2019,09:06:26,06/03/2019,022187IPE060320190104353005-46
198239,06/03/2019,16:18:56,06/03/2019,018821IPE060320190104353009-78
198294,06/03/2019,19:53:38,06/03/2019,012653IPE060320190104353011-88
198396,07/03/2019,16:16:36,28/02/2019,023310IPE280220190204352410-94
198304,07/03/2019,09:34:59,07/03/2019,018821IPE070320190204353105-74
198871,08/03/2019,20:00:58,08/03/2019,019836IPE080320190104353211-95
198817,08/03/2019,18:38:07,08/03/2019,009512IPE080320190104353210-28
198851,08/03/2019,19:27:53,08/03/2019,009512IPE080320190104353211-38
198920,08/03/2019,21:08:02,08/03/2019,009512IPE080320190104353212-64
199233,11/03/2019,19:12:29,11/03/2019,018821IPE110320190104353511-52
198953,11/03/2019,08:16:07,11/03/2019,024112IPE110320190104353414-10
199503,12/03/2019,20:52:39,12/03/2019,020931IPE120320190104353612-52
199739,13/03/2019,21:29:52,13/03/2019,020745IPE130320190104353712-86
199752,14/03/2019,08:03:52,14/03/2019,019569IPE140320190104353804-83
199865,14/03/2019,18:10:45,14/03/2019,020532IPE140320190104353810-87
200289,15/03/2019,20:56:00,15/03/2019,021610IPE150320190104353912-56
200273,15/03/2019,19:15:12,15/03/2019,004170IPE150320190104353911-53
200051,15/03/2019,09:21:55,15/03/2019,024112IPE150320190104353905-59
200420,18/03/2019,17:10:58,18/03/2019,020087IPE180320190104354210-30
200574,18/03/2019,23:23:42,18/03/2019,024295IPE180320190104354214-03
200430,18/03/2019,18:00:16,18/03/2019,020010IPE180320190104354210-80
200347,18/03/2019,08:34:32,18/03/2019,004170IPE180320190104354205-14
200568,18/03/2019,21:57:43,18/03/2019,009512IPE180320190104354213-08
200486,18/03/2019,19:00:57,18/03/2019,024112IPE180320190104354211-38
200753,19/03/2019,19:25:44,19/03/2019,002437IPE190320190104354311-57
200588,19/03/2019,07:54:16,19/03/2019,002437IPE190320190104354304-71
200586,19/03/2019,07:46:05,19/03/2019,017450IPE190320190104354304-61
200590,19/03/2019,08:02:15,19/03/2019,019836IPE190320190104354213-02
200644,19/03/2019,15:56:13,19/03/2019,004170IPE190320190104354309-55
200992,20/03/2019,19:39:16,20/03/2019,004170IPE200320190104354411-76
201017,20/03/2019,21:05:08,20/03/2019,019739IPE200320190104354412-65
201319,21/03/2019,23:32:03,21/03/2019,004030IPE210320190104354514-12
201249,21/03/2019,19:19:45,21/03/2019,002437IPE210320190104354511-39
201196,21/03/2019,18:05:52,21/03/2019,019739IPE210320190104354510-85
201259,21/03/2019,19:48:00,21/03/2019,004170IPE210320190104354511-86
201478,22/03/2019,15:38:19,22/03/2019,019550IPE220320190104354609-34
202069,25/03/2019,20:33:48,25/03/2019,004170IPE250320190104354912-32
201771,25/03/2019,08:21:35,25/03/2019,004170IPE250320190104354905-01
202001,25/03/2019,19:04:28,25/03/2019,022187IPE250320190104354911-44
202140,26/03/2019,09:03:17,26/03/2019,013986IPE260320190104355005-01
202785,27/03/2019,18:54:59,27/03/2019,024112IPE270320190104355111-32
203293,28/03/2019,20:08:47,28/03/2019,016292IPE280320190104355211-79
203037,28/03/2019,15:29:32,28/03/2019,017450IPE280320190104355209-27
203214,28/03/2019,19:03:20,28/03/2019,004170IPE280320190104355211-39
203049,28/03/2019,16:00:53,28/03/2019,023485IPE280320190104355209-58
203468,29/03/2019,08:52:30,29/03/2019,009512IPE290320190104355305-29
203930,29/03/2019,18:10:39,29/03/2019,007617IPE290320190104355309-12
204899,01/04/2019,18:20:35,01/04/2019,024295IPE010420190104355611-00
204903,01/04/2019,18:23:24,01/04/2019,013986IPE010420190104355610-97
204701,01/04/2019,08:28:59,01/04/2019,004170IPE010420190104355605-08
204986,02/04/2019,08:54:18,02/04/2019,017973IPE020420190104355705-34
204985,02/04/2019,08:53:46,02/04/2019,017973IPE020420190104355705-33
205221,02/04/2019,18:54:37,02/04/2019,018660IPE020420190104355711-24
205309,03/04/2019,09:51:06,03/04/2019,019569IPE030420190104355805-91
205695,04/04/2019,21:47:26,04/04/2019,002437IPE040420190104355913-07
205889,05/04/2019,18:58:46,05/04/2019,017329IPE050420190104356011-38
205827,05/04/2019,17:03:13,05/04/2019,009512IPE050420190104356010-23
206224,08/04/2019,19:43:03,08/04/2019,014443IPE080420190104356311-83
206285,09/04/2019,09:12:42,09/04/2019,019569IPE090420190104356405-52
206457,09/04/2019,17:50:19,09/04/2019,017671IPE090420190104356410-57
206575,09/04/2019,22:01:00,09/04/2019,009512IPE090420190104356413-21
206474,09/04/2019,18:10:49,09/04/2019,004170IPE090420190104356410-89
206978,10/04/2019,19:20:04,10/04/2019,002437IPE100420190104356511-54
206883,10/04/2019,18:06:38,10/04/2019,018821IPE100420190104356510-86
207055,10/04/2019,22:46:42,10/04/2019,014443IPE100420190104356513-66
207066,10/04/2019,23:56:34,10/04/2019,022470IPE100420190204356514-14
207213,11/04/2019,17:52:19,11/04/2019,020982IPE110420190104356610-70
207273,11/04/2019,19:43:43,11/04/2019,018821IPE110420190104356611-83
207583,12/04/2019,20:13:53,12/04/2019,002437IPE120420190104356712-12
207755,15/04/2019,20:20:18,15/04/2019,004820IPE150420190104357012-20
207978,16/04/2019,18:03:37,16/04/2019,012653IPE160420190104357110-79
208411,18/04/2019,07:45:42,18/04/2019,014320IPE180420190104357304-63
208740,22/04/2019,09:33:55,22/04/2019,022187IPE220420190104357705-69
208923,22/04/2019,20:01:32,22/04/2019,021610IPE220420190104357712-01
209470,24/04/2019,17:06:44,23/04/2019,001023IPE230420190204357910-26
209652,24/04/2019,21:22:47,24/04/2019,009512IPE240420190104357912-82
210011,25/04/2019,19:01:39,25/04/2019,002437IPE250420190104358011-21
209706,25/04/2019,08:49:30,25/04/2019,009512IPE250420190104358005-29
210033,25/04/2019,19:25:55,25/04/2019,009512IPE250420190104358011-27
210854,26/04/2019,21:58:51,26/04/2019,014443IPE260420190104358113-18
210752,26/04/2019,19:12:40,26/04/2019,009512IPE260420190104358111-24
210729,26/04/2019,19:01:45,26/04/2019,021431IPE260420190104358111-37
211300,29/04/2019,18:17:54,29/04/2019,022470IPE290420190104358410-95
211309,29/04/2019,18:20:16,29/04/2019,022470IPE290420190104358410-99
211287,29/04/2019,18:12:01,29/04/2019,020931IPE290420190104358410-92
211509,29/04/2019,20:27:12,29/04/2019,019739IPE290420190104358412-27
211446,29/04/2019,19:25:08,29/04/2019,024295IPE290420190104358411-65
211527,29/04/2019,21:00:18,29/04/2019,004170IPE290420190104358412-60
211581,30/04/2019,08:07:58,30/04/2019,019569IPE300420190104358414-13
213631,30/04/2019,21:16:32,30/04/2019,019836IPE300420190104358512-69
212965,30/04/2019,18:23:34,30/04/2019,007617IPE300420190104358510-32
213718,01/05/2019,17:00:37,01/05/2019,009512IPE010520190104358610-20
214278,02/05/2019,20:59:18,02/05/2019,019992IPE020520190104358712-55
214225,02/05/2019,19:08:13,02/05/2019,019348IPE020520190104357205-95
213943,02/05/2019,15:00:16,25/04/2019,017329IPE250420190204358709-00
213938,02/05/2019,14:51:15,30/04/2019,020745IPE300420190104358708-87
214260,02/05/2019,19:28:55,02/05/2019,018821IPE020520190104358711-68
214480,03/05/2019,18:27:48,03/05/2019,024295IPE030520190104358811-07
214564,06/05/2019,08:43:34,06/05/2019,009512IPE060520190104359105-23
214841,06/05/2019,20:15:51,06/05/2019,020931IPE060520190104359112-15
214561,06/05/2019,08:30:37,06/05/2019,000906IPE060520190104359105-10
215175,07/05/2019,18:55:01,07/05/2019,009512IPE070520190104359211-35
215023,07/05/2019,16:05:28,07/05/2019,024392IPE070520190204359209-65
215525,08/05/2019,17:53:05,08/05/2019,019992IPE080520190104359310-37
215612,08/05/2019,20:06:26,08/05/2019,004170IPE080520190104359312-06
215792,09/05/2019,12:40:27,09/05/2019,004820IPE090520190104359407-60
215660,09/05/2019,07:17:16,09/05/2019,001023IPE090520190104359404-37
215966,09/05/2019,18:05:25,09/05/2019,021610IPE090520190104359410-85
216159,09/05/2019,23:44:25,09/05/2019,019992IPE090520190104359414-22
215978,09/05/2019,18:10:19,09/05/2019,004030IPE090520190104359410-90
215750,09/05/2019,11:25:16,09/05/2019,013986IPE090520190104359406-69
216163,10/05/2019,00:04:14,09/05/2019,019992IPE090520190104359500-02
216753,13/05/2019,09:20:50,13/05/2019,024112IPE130520190104359805-28
217001,13/05/2019,20:09:47,13/05/2019,009512IPE130520190104359812-09
216770,13/05/2019,11:48:38,13/05/2019,004820IPE130520190104359807-08
216985,13/05/2019,19:18:55,13/05/2019,024295IPE130520190104359811-58
217374,15/05/2019,08:17:36,15/05/2019,017973IPE150520190104360004-97
217373,15/05/2019,08:16:58,15/05/2019,017973IPE150520190104360004-96
217689,15/05/2019,19:11:26,15/05/2019,023264IPE150520190104360011-51
217709,15/05/2019,19:59:44,15/05/2019,020788IPE150520190104360011-98
218003,17/05/2019,10:57:20,16/05/2019,018821IPE160520190204360112-20
218184,17/05/2019,21:59:35,17/05/2019,009512IPE170520190104360213-19
218389,21/05/2019,10:21:02,24/04/2019,018660IPE240420190204357811-19
218531,21/05/2019,19:37:14,21/05/2019,009512IPE210520190104360611-77
218375,21/05/2019,08:31:47,21/05/2019,009512IPE210520190104360605-11
218371,21/05/2019,08:21:57,21/05/2019,020540IPE210520190104360605-00
218390,21/05/2019,10:22:22,21/05/2019,018660IPE210520190204360604-94
218521,21/05/2019,18:52:54,21/05/2019,001023IPE210520190204360611-16
218388,21/05/2019,10:19:26,22/04/2019,018660IPE220420190204357613-64
218737,22/05/2019,23:19:01,22/05/2019,019992IPE220520190104360713-60
218668,22/05/2019,17:18:33,22/05/2019,009512IPE220520190104360710-38
218561,22/05/2019,09:21:29,22/05/2019,019550IPE220520190104360705-41
218671,22/05/2019,17:26:34,22/05/2019,019550IPE220520190104360710-22
218677,22/05/2019,17:39:29,22/05/2019,024295IPE220520190104360710-59
218747,23/05/2019,09:00:53,23/05/2019,022470IPE230520190104360805-38
219074,24/05/2019,18:32:06,22/05/2019,002437IPE220520190204360712-24
219101,26/05/2019,20:22:05,26/05/2019,022470IPE260520190104361112-19
219105,27/05/2019,08:40:54,27/05/2019,009512IPE270520190104361205-20
219243,27/05/2019,19:42:42,27/05/2019,004820IPE270520190104361211-82
219394,28/05/2019,18:56:43,28/05/2019,024295IPE280520190104361311-36
219779,30/05/2019,18:01:10,28/05/2019,022616IPE280520190204361312-01
219782,30/05/2019,18:04:33,30/05/2019,019348IPE300520190104361508-76
219823,30/05/2019,18:30:02,30/05/2019,016292IPE300520190104361511-03
219826,30/05/2019,18:31:01,30/05/2019,020788IPE300520190104361511-04
219834,30/05/2019,18:34:14,30/05/2019,020982IPE300520190104361510-62
219710,30/05/2019,11:38:49,30/05/2019,018660IPE300520190204361504-42
220021,31/05/2019,18:14:27,31/05/2019,018821IPE310520190104361610-94
219997,31/05/2019,17:34:04,31/05/2019,024295IPE310520190104361610-54
220028,31/05/2019,18:31:13,31/05/2019,001023IPE310520190104361611-11
220118,03/06/2019,08:10:59,03/06/2019,009512IPE030620190104361904-90
220266,03/06/2019,18:01:20,03/06/2019,016292IPE030620190104361909-70
220303,03/06/2019,19:11:48,03/06/2019,024295IPE030620190104361911-51
220332,03/06/2019,23:43:23,03/06/2019,022470IPE030620190104361913-90
220525,04/06/2019,20:06:10,04/06/2019,019836IPE040620190104362011-74
220338,04/06/2019,07:31:21,04/06/2019,004820IPE040620190104362004-51
220532,05/06/2019,00:28:41,04/06/2019,022616IPE040620190104362100-27
220978,06/06/2019,23:03:33,06/06/2019,009512IPE060620190104362213-83
221208,07/06/2019,18:22:23,07/06/2019,024295IPE070620190104362311-02
221201,07/06/2019,18:14:22,07/06/2019,018821IPE070620190104362310-94
221215,07/06/2019,18:31:33,07/06/2019,009512IPE070620190104362311-11
221312,09/06/2019,17:40:42,09/06/2019,024392IPE090620190104362510-57
221874,11/06/2019,15:45:51,11/06/2019,009512IPE110620190104362709-45
221814,11/06/2019,08:59:07,11/06/2019,021610IPE110620190104362705-39
221966,11/06/2019,22:36:59,11/06/2019,022616IPE110620190104362713-13
221947,11/06/2019,18:53:19,11/06/2019,023485IPE110620190104362706-51
222355,13/06/2019,19:45:42,13/06/2019,014443IPE130620190104362911-85
222222,13/06/2019,07:57:16,12/06/2019,018660IPE120620190204362814-13
222229,13/06/2019,08:43:46,13/06/2019,004820IPE130620190104362905-23
222304,13/06/2019,17:28:09,13/06/2019,022470IPE130620190204362813-48
222302,13/06/2019,17:24:40,13/06/2019,017329IPE130620190104362910-44
222292,13/06/2019,17:16:06,13/06/2019,009512IPE130620190104362910-36
222436,14/06/2019,12:25:06,14/06/2019,022470IPE140620190104363007-43
222535,14/06/2019,18:54:48,14/06/2019,022470IPE140620190104363011-32
222701,17/06/2019,19:41:40,17/06/2019,018821IPE170620190104363311-81
222690,17/06/2019,18:34:54,17/06/2019,004170IPE170620190104363311-14
222724,17/06/2019,23:13:04,17/06/2019,024392IPE170620190104363313-88
222668,17/06/2019,18:05:49,17/06/2019,000906IPE170620190104363310-85
222862,18/06/2019,21:06:18,18/06/2019,004820IPE180620190104363412-66
222851,18/06/2019,19:24:18,18/06/2019,019739IPE180620190104363411-64
222861,18/06/2019,20:17:57,18/06/2019,024295IPE180620190104363412-17
222896,19/06/2019,09:33:35,19/06/2019,019569IPE190620190104363505-73
222895,19/06/2019,08:59:28,19/06/2019,004170IPE190620190204363505-09
223250,21/06/2019,18:56:44,21/06/2019,009512IPE210620190104363711-36
223411,24/06/2019,19:25:12,24/06/2019,020516IPE240620190104363713-04
223389,24/06/2019,18:27:32,24/06/2019,020982IPE240620190104364010-99
223416,24/06/2019,19:58:30,24/06/2019,020516IPE240620190104363713-18
223508,25/06/2019,18:09:40,25/06/2019,002437IPE250620190104364110-87
223520,25/06/2019,18:22:53,25/06/2019,000906IPE250620190104364111-02
223548,25/06/2019,19:23:27,25/06/2019,004820IPE250620190104364111-63
223606,26/06/2019,08:32:04,26/06/2019,004820IPE260620190104364205-12
223958,27/06/2019,19:10:14,27/06/2019,002437IPE270620190104364311-44
223961,27/06/2019,19:15:24,27/06/2019,018821IPE270620190104364311-55
223967,27/06/2019,19:24:49,27/06/2019,021610IPE270620190104364311-64
224186,28/06/2019,17:20:18,27/06/2019,018660IPE270620190204364311-04
224038,28/06/2019,06:21:56,28/06/2019,009512IPE280620190104364403-81
224410,01/07/2019,09:01:40,01/07/2019,014320IPE010720190104364705-38
224622,01/07/2019,22:53:12,01/07/2019,017329IPE010720190104364713-73
224617,01/07/2019,21:47:43,01/07/2019,024295IPE010720190104364713-07
224549,01/07/2019,18:43:34,01/07/2019,005258IPE010720190104364711-20
224587,01/07/2019,19:17:36,01/07/2019,024295IPE010720190104364711-57
224762,02/07/2019,18:41:22,02/07/2019,004170IPE020720190104364811-21
224814,03/07/2019,00:09:35,03/07/2019,009512IPE030720190104364813-97
224816,03/07/2019,08:00:00,03/07/2019,024295IPE030720190204353100-53
225185,05/07/2019,10:13:09,05/07/2019,009512IPE050720190104365106-07
225504,08/07/2019,17:01:02,08/07/2019,009512IPE080720190104365410-03
225394,08/07/2019,07:51:22,08/07/2019,019569IPE080720190104365404-56
225396,08/07/2019,08:15:42,08/07/2019,009512IPE080720190104365404-95
225704,09/07/2019,20:20:39,09/07/2019,004170IPE090720190104365512-20
226122,10/07/2019,23:28:11,10/07/2019,001023IPE100720190104365614-08
226063,10/07/2019,19:06:37,10/07/2019,002437IPE100720190104365611-44
226119,10/07/2019,23:12:21,10/07/2019,023159IPE100720190104365609-60
226276,11/07/2019,20:01:19,11/07/2019,020788IPE110720190104365711-35
226277,11/07/2019,20:08:46,11/07/2019,014320IPE110720190104365712-05
226275,11/07/2019,19:59:17,11/07/2019,016292IPE110720190104365711-85
226303,12/07/2019,09:00:47,12/07/2019,022470IPE120720190104365805-39
226459,12/07/2019,18:38:03,12/07/2019,018465IPE120720190104365811-18
226338,12/07/2019,13:12:45,12/07/2019,004030IPE120720190204365806-74
226483,12/07/2019,23:50:34,12/07/2019,024392IPE120720190104365814-15
226498,15/07/2019,08:38:17,15/07/2019,019739IPE150720190104366105-18
226619,16/07/2019,08:44:03,16/07/2019,011312IPE160720190104366205-24
227029,19/07/2019,08:29:42,18/07/2019,018821IPE180720190104366505-09
227031,19/07/2019,08:35:12,19/07/2019,001023IPE190720190104366505-15
227025,19/07/2019,08:07:39,18/07/2019,023159IPE180720190104366411-74
227286,22/07/2019,18:31:38,22/07/2019,020010IPE220720190104366811-11
227314,22/07/2019,20:41:43,22/07/2019,024295IPE220720190104366812-41
227468,23/07/2019,22:09:36,23/07/2019,009512IPE230720190104366913-29
227475,23/07/2019,23:10:17,23/07/2019,009512IPE230720190104366913-87
227449,23/07/2019,19:28:18,23/07/2019,004170IPE230720190104366911-68
227442,23/07/2019,19:04:37,23/07/2019,018821IPE230720190104366911-44
227625,24/07/2019,18:05:56,24/07/2019,009512IPE240720190104367010-85
227587,24/07/2019,15:50:57,22/07/2019,004170IPE220720190204366811-13
227879,25/07/2019,19:35:41,25/07/2019,002437IPE250720190104367111-75
227883,25/07/2019,19:51:11,25/07/2019,018821IPE250720190104367111-91
227710,25/07/2019,00:56:57,24/07/2019,024392IPE240720190104367100-52
227895,25/07/2019,22:00:53,25/07/2019,014443IPE250720190104367113-20
227882,25/07/2019,19:47:55,25/07/2019,009512IPE250720190104367111-87
227921,26/07/2019,08:04:30,26/07/2019,014320IPE260720190104367204-82
227913,26/07/2019,00:04:52,25/07/2019,009512IPE250720190104367200-04
228345,29/07/2019,19:04:44,29/07/2019,019348IPE290720190104366806-30
228371,29/07/2019,20:16:37,29/07/2019,009512IPE290720190104367512-16
228167,29/07/2019,09:10:09,29/07/2019,001023IPE290720190104367505-50
228606,30/07/2019,20:43:51,30/07/2019,024295IPE300720190104367612-43
228581,30/07/2019,18:59:05,30/07/2019,004030IPE300720190104367611-25
228611,30/07/2019,21:13:05,30/07/2019,007617IPE300720190104367611-08
228439,30/07/2019,12:02:53,29/07/2019,000906IPE290720190204367510-96
228921,31/07/2019,21:09:26,31/07/2019,004170IPE310720190104367712-69
228792,31/07/2019,18:28:55,31/07/2019,017450IPE310720190104367711-08
228795,31/07/2019,18:32:34,31/07/2019,014443IPE310720190104367711-12
228923,31/07/2019,23:11:18,31/07/2019,002437IPE310720190104367713-91
228871,31/07/2019,19:49:15,31/07/2019,019992IPE310720190104367711-83
228929,01/08/2019,08:13:37,31/07/2019,019569IPE310720190104367804-93
229129,01/08/2019,20:45:38,01/08/2019,023310IPE010820190104367812-35
228927,01/08/2019,08:02:25,01/08/2019,019569IPE010820190104367800-27
229140,01/08/2019,22:11:41,01/08/2019,009512IPE010820190104367813-31
229125,01/08/2019,20:05:40,01/08/2019,002437IPE010820190104367812-05
229153,02/08/2019,09:00:41,02/08/2019,017973IPE020820190104367905-40
229315,02/08/2019,19:02:58,02/08/2019,002437IPE020820190104367911-42
229540,05/08/2019,20:07:35,05/08/2019,009512IPE050820190204359311-01
229829,06/08/2019,18:12:58,06/08/2019,019836IPE060820190104368310-77
229876,06/08/2019,19:05:05,06/08/2019,005258IPE060820190104368311-41
229777,06/08/2019,17:33:19,06/08/2019,023159IPE060820190104368309-33
229905,07/08/2019,07:51:55,07/08/2019,003980IPE070820190104368309-84
230174,08/08/2019,07:45:23,30/06/2019,001023IPE300620190104368504-65
230213,08/08/2019,10:00:59,08/08/2019,020494IPE080820190104368505-99
230204,08/08/2019,09:12:44,07/08/2019,024392IPE070820190104368505-50
230175,08/08/2019,07:50:38,08/08/2019,001023IPE080820190104368504-70
230193,08/08/2019,08:39:56,08/08/2019,024112IPE080820190104368505-19
230410,08/08/2019,18:08:05,08/08/2019,021610IPE080820190104368510-88
230440,08/08/2019,18:21:54,08/08/2019,022187IPE080820190104368511-01
230418,08/08/2019,18:10:38,08/08/2019,013986IPE080820190104368510-31
230904,09/08/2019,18:01:31,09/08/2019,009512IPE090820190104368610-81
230928,09/08/2019,18:11:46,09/08/2019,009512IPE090820190104368610-89
231005,09/08/2019,19:10:33,09/08/2019,004820IPE090820190204371611-02
230578,09/08/2019,08:45:25,09/08/2019,016292IPE090820190104368512-64
231377,12/08/2019,21:26:21,12/08/2019,019836IPE120820190104368912-83
231227,12/08/2019,18:05:43,12/08/2019,007617IPE120820190104368910-44
231395,13/08/2019,00:09:07,12/08/2019,024295IPE120820190104369000-09
232111,15/08/2019,07:34:02,15/08/2019,024295IPE150820190104369204-54
232274,15/08/2019,18:59:01,15/08/2019,004170IPE150820190104369211-39
232350,15/08/2019,23:05:16,15/08/2019,024295IPE150820190104369213-85
232267,15/08/2019,18:31:30,15/08/2019,022470IPE150820190104369211-10
232523,16/08/2019,22:58:48,16/08/2019,009512IPE160820190104369313-78
233062,21/08/2019,23:55:31,21/08/2019,001023IPE210820190104369814-35
233012,21/08/2019,17:47:39,21/08/2019,019569IPE210820190104369810-67
233069,22/08/2019,09:22:03,22/08/2019,012653IPE220820190104369905-62
240564,22/08/2019,18:16:12,22/08/2019,090379IPE220820190104369910-96
233404,23/08/2019,19:25:03,23/08/2019,001023IPE230820190104370011-65
233836,28/08/2019,20:53:25,28/08/2019,009512IPE280820190104370512-53
233834,28/08/2019,20:07:50,28/08/2019,009512IPE280820190104370512-07
233999,29/08/2019,19:24:13,29/08/2019,020540IPE290820190204370611-26
233989,29/08/2019,18:55:43,29/08/2019,018660IPE290820190104370610-96
234066,30/08/2019,08:46:49,30/08/2019,001023IPE300820190104370705-26
234279,30/08/2019,18:08:03,30/08/2019,024295IPE300820190104370710-88
234392,02/09/2019,14:40:58,31/08/2019,019739IPE310820190204350505-24
234432,02/09/2019,18:05:03,02/09/2019,017329IPE020920190104371010-85
234757,04/09/2019,18:07:17,04/09/2019,019739IPE040920190104371210-87
235197,09/09/2019,08:31:18,09/09/2019,017329IPE090920190104371410-75
235738,10/09/2019,18:14:10,10/09/2019,009512IPE100920190104371811-04
236012,11/09/2019,20:33:49,11/09/2019,001023IPE110920190104371912-82
235960,11/09/2019,17:06:26,11/09/2019,021610IPE110920190104371910-52
236019,12/09/2019,08:42:18,12/09/2019,021016IPE120920190104372005-28
236200,12/09/2019,19:56:33,12/09/2019,004170IPE120920190204380806-45
236177,12/09/2019,18:53:00,12/09/2019,019739IPE120920190104372011-33
236219,13/09/2019,09:17:43,13/09/2019,009512IPE130920190104372106-00
236372,13/09/2019,18:56:42,13/09/2019,017450IPE130920190104372111-58
236356,13/09/2019,18:37:11,13/09/2019,019836IPE130920190104372109-59
236376,13/09/2019,19:58:21,13/09/2019,009512IPE130920190104372112-19
236568,16/09/2019,22:28:32,16/09/2019,009512IPE160920190104372413-80
236722,18/09/2019,08:15:56,18/09/2019,018660IPE180920190104372605-09
236907,18/09/2019,22:34:31,18/09/2019,014320IPE180920190104372614-07
237191,20/09/2019,19:06:00,20/09/2019,014320IPE200920190104372810-87
237182,20/09/2019,18:30:30,20/09/2019,011312IPE200920190104372811-40
237176,20/09/2019,18:11:31,20/09/2019,023485IPE200920190104372811-40
237350,23/09/2019,19:16:40,23/09/2019,001023IPE230920190104373111-96
237495,24/09/2019,18:37:49,24/09/2019,020931IPE240920190104373211-66
237604,25/09/2019,17:31:57,25/09/2019,023159IPE250920190104373310-63
237663,25/09/2019,19:35:08,25/09/2019,004170IPE250920190104373311-83
237637,25/09/2019,18:36:05,25/09/2019,020982IPE250920190104373311-28
237661,25/09/2019,19:25:30,25/09/2019,001023IPE250920190104373311-95
237610,25/09/2019,17:50:31,25/09/2019,001023IPE250920190104373311-01
237696,26/09/2019,09:05:52,26/09/2019,004170IPE260920190104373405-97
237832,26/09/2019,18:50:42,26/09/2019,018821IPE260920190104373411-72
237843,26/09/2019,19:24:06,26/09/2019,002437IPE260920190104373411-70
237699,26/09/2019,09:12:53,26/09/2019,004170IPE260920190104373406-05
237691,26/09/2019,08:30:56,26/09/2019,009512IPE260920190104373405-66
237682,26/09/2019,00:17:42,25/09/2019,024295IPE250920190204373314-38
238079,27/09/2019,21:01:27,27/09/2019,004170IPE270920190104373512-88
238349,30/09/2019,18:02:58,30/09/2019,018660IPE300920190104373810-11
238438,30/09/2019,19:13:09,30/09/2019,009512IPE300920190104373811-62
238345,30/09/2019,18:00:34,30/09/2019,020540IPE300920190104373810-22
238341,30/09/2019,17:58:40,30/09/2019,009512IPE300920190104373811-18
238487,30/09/2019,21:11:53,30/09/2019,024295IPE300920190104373813-24
238445,30/09/2019,19:20:05,30/09/2019,022187IPE300920190104373811-65
238715,01/10/2019,20:14:34,01/10/2019,022187IPE011020190104373912-48
238492,01/10/2019,08:32:24,01/10/2019,004170IPE011020190104373905-36
238623,01/10/2019,17:35:42,01/10/2019,020931IPE011020190104373910-97
238915,02/10/2019,18:43:44,02/10/2019,004170IPE021020190104374011-67
238767,02/10/2019,00:04:04,02/10/2019,022187IPE021020190104374000-08
239193,03/10/2019,21:55:19,03/10/2019,005258IPE031020190104374113-34
238965,03/10/2019,08:35:17,03/10/2019,020087IPE031020190104374105-32
238971,03/10/2019,09:45:08,03/10/2019,001023IPE031020190104374105-93
239488,04/10/2019,18:01:07,04/10/2019,012653IPE041020190104374208-89
239608,07/10/2019,08:30:00,07/10/2019,000906IPE071020190104374505-10
239836,07/10/2019,20:26:53,07/10/2019,002437IPE071020190104374512-79
240006,08/10/2019,18:04:11,08/10/2019,019569IPE081020190104374610-95
239981,08/10/2019,17:19:17,08/10/2019,020532IPE081020190104374610-56
240016,08/10/2019,18:35:39,08/10/2019,009512IPE081020190104374611-54
240723,11/10/2019,18:15:32,11/10/2019,009512IPE111020190104374911-27
240733,11/10/2019,18:37:30,11/10/2019,019550IPE111020190104374911-47
240734,11/10/2019,18:37:44,11/10/2019,024783IPE111020190104374911-43
240767,12/10/2019,05:51:40,11/10/2019,019550IPE111020190104375003-91
240766,12/10/2019,05:49:51,11/10/2019,024783IPE111020190104375003-94
240902,14/10/2019,18:20:24,14/10/2019,017329IPE141020190104375211-24
240944,14/10/2019,22:10:11,14/10/2019,002437IPE141020190104375213-41
240792,14/10/2019,08:57:35,14/10/2019,024813IPE141020190104375205-72
241369,17/10/2019,18:16:24,17/10/2019,024813IPE171020190104375511-20
241555,18/10/2019,20:04:38,18/10/2019,002437IPE181020190104375612-42
241551,18/10/2019,19:26:38,18/10/2019,009512IPE181020190104375612-04
241662,21/10/2019,17:26:38,21/10/2019,004170IPE211020190104375910-84
241563,21/10/2019,03:28:30,21/10/2019,021016IPE211020190104375902-38
241737,21/10/2019,19:00:37,21/10/2019,004820IPE211020190104375911-77
241767,22/10/2019,09:47:17,21/10/2019,090689IPE211020190104376006-04
242047,23/10/2019,19:34:04,23/10/2019,004030IPE231020190104376111-78
242017,23/10/2019,18:03:25,23/10/2019,009512IPE231020190104376111-08
242249,24/10/2019,20:48:02,24/10/2019,019992IPE241020190104376213-00
242252,24/10/2019,21:27:47,24/10/2019,009512IPE241020190104376213-34
242436,25/10/2019,18:07:17,25/10/2019,004170IPE251020190104376311-04
242669,28/10/2019,22:36:30,28/10/2019,019992IPE281020190104376613-72
242893,30/10/2019,08:55:59,30/10/2019,004170IPE301020190104376805-94
243093,30/10/2019,23:49:10,30/10/2019,022470IPE301020190104376814-39
243058,30/10/2019,19:20:12,30/10/2019,024295IPE301020190104376811-72
243114,31/10/2019,08:52:41,31/10/2019,011312IPE311020190104376905-73
243264,31/10/2019,18:14:17,31/10/2019,013986IPE311020190104376911-11
243098,31/10/2019,06:38:29,31/10/2019,002437IPE311020190104376904-27
243120,31/10/2019,09:40:38,31/10/2019,004170IPE311020190104376906-18
243115,31/10/2019,09:10:20,31/10/2019,019569IPE311020190204376905-33
243534,01/11/2019,18:40:12,01/11/2019,009512IPE011120190104377011-32
243500,01/11/2019,18:15:53,01/11/2019,020532IPE011120190104377011-48
243342,01/11/2019,08:59:21,01/11/2019,004170IPE011120190104377005-60
243565,01/11/2019,19:15:40,01/11/2019,002437IPE011120190104377011-95
243827,04/11/2019,21:51:49,04/11/2019,002437IPE041120190104377313-60
243619,04/11/2019,07:08:16,04/11/2019,023159IPE041120190104377304-44
244099,05/11/2019,22:16:16,05/11/2019,020010IPE051120190104377413-52
244092,05/11/2019,21:09:59,05/11/2019,002437IPE051120190104377413-28
244270,06/11/2019,18:14:53,06/11/2019,019550IPE061120190104377511-47
244388,06/11/2019,21:06:16,06/11/2019,001023IPE061120190104377512-82
244334,06/11/2019,19:06:49,06/11/2019,011312IPE061120190104377511-95
244272,06/11/2019,18:17:49,06/11/2019,024783IPE061120190104377511-46
244188,06/11/2019,13:20:38,06/11/2019,009512IPE061120190104377508-38
244399,07/11/2019,07:22:23,07/11/2019,001023IPE071120190104377604-65
244708,07/11/2019,19:40:19,07/11/2019,017973IPE071120190104377611-99
244400,07/11/2019,07:28:22,07/11/2019,001023IPE071120190104377604-70
244737,07/11/2019,21:47:53,07/11/2019,023310IPE071120190104377613-60
244417,07/11/2019,08:58:23,07/11/2019,009512IPE071120190104377605-61
244510,07/11/2019,12:40:54,07/11/2019,009512IPE071120190104377608-14
244625,07/11/2019,18:35:19,07/11/2019,020087IPE071120190104377611-34
244425,07/11/2019,09:31:08,07/11/2019,007617IPE071120190104377605-79
244429,07/11/2019,09:47:27,07/11/2019,024112IPE071120190204365705-13
244754,08/11/2019,08:06:01,08/11/2019,016292IPE081120190104377704-87
244770,08/11/2019,08:56:20,08/11/2019,024295IPE081120190104377705-56
245313,11/11/2019,08:56:21,11/11/2019,004170IPE111120190104378005-57
245585,11/11/2019,20:15:45,11/11/2019,019836IPE111120190104378012-60
245551,11/11/2019,19:33:32,11/11/2019,017450IPE111120190104378012-05
245455,11/11/2019,18:14:59,11/11/2019,020010IPE111120190104378011-53
245695,12/11/2019,09:08:21,12/11/2019,002437IPE121120190204381005-30
245813,12/11/2019,18:21:50,12/11/2019,024821IPE121120190104378111-51
245906,12/11/2019,19:36:45,12/11/2019,009512IPE121120190104378112-21
245678,12/11/2019,07:34:36,12/11/2019,020087IPE121120190104378104-90
246150,13/11/2019,18:18:13,13/11/2019,020745IPE131120190104378211-11
246085,13/11/2019,15:00:26,13/11/2019,024783IPE131120190104378209-26
245969,13/11/2019,02:06:31,12/11/2019,022470IPE121120190104378201-33
246153,13/11/2019,18:21:42,13/11/2019,023310IPE131120190104378211-43
246148,13/11/2019,18:16:38,13/11/2019,019550IPE131120190104378211-34
246084,13/11/2019,14:56:36,13/11/2019,019550IPE131120190104378209-32
246165,13/11/2019,18:24:57,13/11/2019,024783IPE131120190104378211-61
245981,13/11/2019,08:17:18,13/11/2019,017973IPE131120190204378204-65
246592,14/11/2019,19:24:18,14/11/2019,022187IPE141120190304378311-24
246516,14/11/2019,18:12:40,14/11/2019,022187IPE141120190104378311-32
246605,14/11/2019,19:39:02,14/11/2019,004820IPE141120190104378311-81
246563,14/11/2019,18:34:02,14/11/2019,018821IPE141120190104378311-16
246676,17/11/2019,22:00:26,17/11/2019,020788IPE171120190104378612-93
247037,19/11/2019,18:00:44,19/11/2019,009512IPE191120190104378811-24
247043,19/11/2019,18:05:49,19/11/2019,007617IPE191120190104378811-34
247062,19/11/2019,18:16:39,19/11/2019,019739IPE191120190104378811-35
247117,20/11/2019,09:04:23,20/11/2019,020745IPE201120190104378905-67
247208,21/11/2019,08:51:15,21/11/2019,022470IPE211120190104379005-46
247381,21/11/2019,20:48:34,21/11/2019,004820IPE211120190104379012-82
247200,21/11/2019,07:09:57,21/11/2019,020931IPE211120190104379004-86
247530,22/11/2019,18:52:19,21/11/2019,011312IPE211120190104379111-51
247523,22/11/2019,18:26:30,22/11/2019,015253IPE221120190104379111-36
247560,22/11/2019,20:42:54,22/11/2019,017973IPE221120190104379112-96
247403,22/11/2019,08:42:56,22/11/2019,017973IPE221120190104379105-78
247564,25/11/2019,07:37:36,25/11/2019,023310IPE251120190104379404-93
247931,26/11/2019,22:07:25,26/11/2019,018821IPE261120190104379513-52
247908,26/11/2019,19:06:25,26/11/2019,004170IPE261120190104379511-71
248051,27/11/2019,18:20:47,27/11/2019,023310IPE271120190104379611-47
248188,28/11/2019,18:09:35,28/11/2019,022187IPE281120190104379711-24
248179,28/11/2019,18:05:20,28/11/2019,009512IPE281120190104379711-05
248185,28/11/2019,18:07:59,28/11/2019,019348IPE281120190104379711-46
248113,28/11/2019,09:38:06,28/11/2019,009512IPE281120190104379705-84
248186,28/11/2019,18:08:22,28/11/2019,018821IPE281120190104379711-10
248242,29/11/2019,07:16:18,29/11/2019,001023IPE291120190204379804-67
248392,29/11/2019,18:22:01,29/11/2019,020788IPE291120190104379810-96
248441,29/11/2019,20:13:31,29/11/2019,024295IPE291120190204379811-66
248450,29/11/2019,21:12:35,29/11/2019,004170IPE291120190104379813-07
248460,30/11/2019,20:57:31,30/11/2019,018821IPE301120190104379912-88
248539,02/12/2019,14:30:55,02/12/2019,004170IPE021220190104380109-25
248540,02/12/2019,14:35:25,02/12/2019,004170IPE021220190104380109-00
248584,02/12/2019,18:13:31,02/12/2019,009512IPE021220190104380111-24
248727,03/12/2019,18:17:44,03/12/2019,024392IPE031220190104380211-41
248725,03/12/2019,18:14:33,03/12/2019,024295IPE031220190104380211-27
248722,03/12/2019,18:08:35,03/12/2019,009512IPE031220190104380211-23
249234,05/12/2019,18:05:45,05/12/2019,020745IPE051220190104380411-30
249548,06/12/2019,18:40:20,06/12/2019,018821IPE061220190104380511-40
249571,06/12/2019,19:05:57,06/12/2019,011312IPE061220190104380512-02
249901,09/12/2019,18:17:28,09/12/2019,000906IPE091220190104380811-25
249879,09/12/2019,18:02:38,09/12/2019,007617IPE091220190104380811-20
249932,09/12/2019,18:36:28,06/12/2019,020788IPE061220190204362813-71
249600,09/12/2019,06:00:04,09/12/2019,019569IPE091220190104380803-64
249941,09/12/2019,18:45:16,09/12/2019,009512IPE091220190104380811-41
250351,10/12/2019,17:43:05,10/12/2019,011312IPE101220190104380910-68
250470,10/12/2019,18:36:13,10/12/2019,015253IPE101220190204375011-13
250722,11/12/2019,18:18:52,11/12/2019,009512IPE111220190104381011-50
250601,11/12/2019,00:32:23,11/12/2019,001023IPE111220190104381000-55
250704,11/12/2019,18:02:38,11/12/2019,009512IPE111220190104381011-20
250905,12/12/2019,18:09:17,12/12/2019,013986IPE121220190104381111-06
250936,12/12/2019,18:33:14,12/12/2019,019739IPE121220190204381111-18
250947,12/12/2019,19:10:00,12/12/2019,021610IPE121220190104381111-50
250799,12/12/2019,08:46:47,12/12/2019,004170IPE121220190104381105-73
251176,13/12/2019,18:28:41,13/12/2019,024392IPE131220190104381211-49
250999,13/12/2019,06:10:04,13/12/2019,021610IPE131220190104381203-74
251014,13/12/2019,09:02:07,13/12/2019,020516IPE131220190104381205-49
251431,16/12/2019,18:55:48,16/12/2019,019550IPE161220190104381511-83
251420,16/12/2019,18:39:39,16/12/2019,024783IPE161220190104381511-58
251261,16/12/2019,08:46:52,16/12/2019,009512IPE161220190104381505-78
251455,16/12/2019,21:12:09,16/12/2019,001023IPE161220190104381512-81
251664,17/12/2019,22:24:31,17/12/2019,020788IPE171220190104381613-75
251674,18/12/2019,08:05:06,18/12/2019,021431IPE181220190104381704-91
251794,18/12/2019,18:17:45,18/12/2019,009512IPE181220190104381711-42
251867,18/12/2019,20:47:21,18/12/2019,018660IPE181220190104381712-68
251782,18/12/2019,18:05:16,18/12/2019,009512IPE181220190104381711-01
251895,19/12/2019,08:49:16,19/12/2019,017973IPE191220190104381805-45
252105,19/12/2019,19:46:40,19/12/2019,018821IPE191220190104381812-26
252106,19/12/2019,19:53:44,19/12/2019,018821IPE191220190104381812-37
252108,19/12/2019,20:01:49,19/12/2019,018821IPE191220190104381812-50
252098,19/12/2019,19:35:01,19/12/2019,023264IPE191220190104381811-76
251885,19/12/2019,07:45:47,19/12/2019,020540IPE191220190104381805-12
252088,19/12/2019,19:02:54,19/12/2019,024783IPE191220190104381811-96
252085,19/12/2019,18:59:51,19/12/2019,019550IPE191220190104381811-90
251897,19/12/2019,09:11:14,19/12/2019,013986IPE191220190104381805-65
252112,19/12/2019,20:12:17,19/12/2019,004170IPE191220190104381812-29
251884,19/12/2019,07:45:29,19/12/2019,018660IPE191220190104381804-94
252155,20/12/2019,08:48:39,20/12/2019,009512IPE201220190104381905-67
252421,20/12/2019,18:26:12,20/12/2019,009512IPE201220190104381911-18
252200,20/12/2019,09:53:18,20/12/2019,020532IPE201220190104381906-11
252430,20/12/2019,18:31:08,20/12/2019,022616IPE201220190104381911-19
252425,20/12/2019,18:28:04,20/12/2019,004170IPE201220190104381911-12
252139,20/12/2019,08:00:31,20/12/2019,019569IPE201220190104381905-11
252699,23/12/2019,21:36:19,23/12/2019,017329IPE231220190104382213-15
252535,23/12/2019,09:49:54,23/12/2019,018821IPE231220190104382206-43
252638,23/12/2019,18:18:26,23/12/2019,020982IPE231220190104382211-24
252523,23/12/2019,06:14:09,23/12/2019,011312IPE231220190104382203-83
252651,23/12/2019,18:46:08,23/12/2019,002437IPE231220190104382211-34
252838,26/12/2019,21:45:12,26/12/2019,024295IPE261220190104382513-17
252952,27/12/2019,18:02:57,27/12/2019,009512IPE271220190104382611-39
252956,27/12/2019,18:05:35,27/12/2019,009512IPE271220190104382611-20
252973,27/12/2019,18:18:36,27/12/2019,020788IPE271220190104382611-34
253012,28/12/2019,07:02:09,27/12/2019,019992IPE271220190104382704-31
253143,30/12/2019,21:35:58,30/12/2019,002437IPE301220190104382913-53
253076,30/12/2019,18:13:32,30/12/2019,024295IPE301220190104382911-25
253196,01/01/2020,19:01:29,01/01/2020,024783IPE010120200104383111-70
253195,01/01/2020,11:29:52,01/01/2020,020087IPE010120200104383107-41
253203,02/01/2020,07:49:45,02/01/2020,021610IPE020120200104383205-14
253407,03/01/2020,14:13:24,03/01/2020,024783IPE030120200104383308-77
253341,03/01/2020,08:57:40,03/01/2020,004820IPE030120200104383305-77
253522,06/01/2020,08:46:37,06/01/2020,009512IPE060120200104383605-63
253710,06/01/2020,21:14:51,06/01/2020,018821IPE060120200104383613-25
253523,06/01/2020,08:47:27,06/01/2020,024783IPE060120200104383605-54
253937,08/01/2020,08:00:07,08/01/2020,019569IPE080120200104383804-87
254700,10/01/2020,19:37:51,10/01/2020,024295IPE100120200104384012-28
254739,11/01/2020,12:59:10,10/01/2020,024821IPE100120200104384107-89
255260,14/01/2020,19:29:28,14/01/2020,009512IPE140120200104384411-97
255515,15/01/2020,22:01:14,15/01/2020,020931IPE150120200104384513-35
255471,15/01/2020,18:53:03,15/01/2020,009512IPE150120200104384511-36
255613,16/01/2020,18:30:54,16/01/2020,024295IPE160120200104384611-64
255787,20/01/2020,08:54:21,20/01/2020,020494IPE200120200104385005-55
255954,21/01/2020,08:46:50,21/01/2020,019836IPE210120200104385105-76
255956,21/01/2020,08:49:12,21/01/2020,023485IPE210120200104385105-41
256202,22/01/2020,03:46:12,22/01/2020,009512IPE220120200104385202-38
256356,22/01/2020,20:42:16,22/01/2020,002437IPE220120200104385212-58
256358,23/01/2020,08:52:24,23/01/2020,017973IPE230120200104385305-56
256529,24/01/2020,12:52:37,24/01/2020,011312IPE240120200104385408-09
256487,24/01/2020,01:40:57,23/01/2020,020931IPE230120200104385401-57
256852,28/01/2020,09:43:15,28/01/2020,024112IPE280120200104385805-98
256851,28/01/2020,09:39:50,28/01/2020,024112IPE280120200204385805-91
257236,29/01/2020,18:03:16,29/01/2020,009512IPE290120200104385910-99
257517,30/01/2020,18:28:25,30/01/2020,024295IPE300120200104386011-33
257548,30/01/2020,19:28:34,30/01/2020,002437IPE300120200104386012-02
257546,30/01/2020,19:14:54,30/01/2020,018821IPE300120200104386012-08
257515,30/01/2020,18:24:08,30/01/2020,016659IPE300120200104386011-12
257516,30/01/2020,18:25:37,30/01/2020,019992IPE300120200204386011-22
257519,30/01/2020,18:32:36,30/01/2020,020532IPE300120200104386011-48
257623,31/01/2020,07:49:57,31/01/2020,011312IPE310120200104386105-26
257890,31/01/2020,19:00:11,31/01/2020,019569IPE310120200104386111-51
257906,31/01/2020,20:18:45,31/01/2020,017973IPE310120200104386112-63
257628,31/01/2020,08:50:28,31/01/2020,009512IPE310120200104386105-58
257924,03/02/2020,08:31:07,03/02/2020,009512IPE030220200104386405-18
258109,03/02/2020,18:57:07,03/02/2019,022187IPE030220190104386411-44
258131,03/02/2020,20:04:43,03/02/2020,009512IPE030220200104386412-47
258507,04/02/2020,20:25:18,04/02/2020,018821IPE040220200104386512-43
258179,04/02/2020,07:56:37,04/02/2020,019569IPE040220200104386505-13
258667,05/02/2020,08:08:50,05/02/2020,000906IPE050220200104386605-38
258675,05/02/2020,08:39:06,05/02/2020,000906IPE050220200104386605-25
259013,05/02/2020,19:25:08,05/02/2020,024813IPE050220200104386611-73
259048,06/02/2020,08:43:41,06/02/2020,009512IPE060220200104386705-64
259473,06/02/2020,19:30:44,06/02/2020,024783IPE060220200104386712-14
259914,07/02/2020,20:02:30,07/02/2020,001023IPE070220200204401411-88
259986,07/02/2020,22:19:40,07/02/2020,018821IPE070220200104386813-79
259964,07/02/2020,21:08:24,07/02/2020,000906IPE070220200104386812-92
260498,10/02/2020,18:15:17,10/02/2020,009512IPE100220200104387111-12
260638,10/02/2020,19:28:49,10/02/2020,019348IPE100220200104387112-17
260647,10/02/2020,19:35:03,10/02/2020,001023IPE100220200104387111-78
260195,10/02/2020,07:10:44,10/02/2020,023159IPE100220200104387104-74
260607,10/02/2020,19:15:23,10/02/2020,009512IPE100220200104387111-78
260829,11/02/2020,08:48:46,11/02/2020,009512IPE110220200104387205-74
260854,11/02/2020,09:26:27,11/02/2020,004170IPE110220200104387205-93
260845,11/02/2020,09:12:57,11/02/2020,004170IPE110220200104387206-09
261587,12/02/2020,19:54:28,12/02/2020,019992IPE120220200104387312-22
261476,12/02/2020,18:04:56,10/02/2020,019348IPE100220200204410612-15
261219,12/02/2020,00:09:26,11/02/2020,017973IPE110220200104387300-35
261909,13/02/2020,09:32:12,13/02/2020,013986IPE130220200104387405-84
261834,13/02/2020,07:39:02,13/02/2020,001023IPE130220200104387404-61
261718,13/02/2020,00:13:25,12/02/2020,013986IPE120220200204416711-41
261848,13/02/2020,07:59:18,13/02/2020,001023IPE130220200104387404-97
261855,13/02/2020,08:10:27,13/02/2020,001023IPE130220200104387405-17
262240,13/02/2020,21:47:11,13/02/2020,017450IPE130220200104387413-18
262372,14/02/2020,07:57:08,14/02/2020,014320IPE140220200104387504-85
262727,14/02/2020,21:01:16,14/02/2020,019836IPE140220200104387512-77
262909,17/02/2020,09:26:52,17/02/2020,024821IPE170220200104387806-18
263280,17/02/2020,18:25:06,17/02/2020,007617IPE170220200104387811-11
263712,18/02/2020,20:57:46,18/02/2020,020931IPE180220200104387913-03
264263,19/02/2020,20:09:51,19/02/2020,020087IPE190220200104388012-60
263971,19/02/2020,12:03:34,19/02/2020,019569IPE190220200104388007-57
264499,20/02/2020,09:37:08,20/02/2020,009512IPE200220200204388106-05
264485,20/02/2020,09:01:02,20/02/2020,019569IPE200220200104388105-43
264899,20/02/2020,20:53:47,20/02/2020,004170IPE200220200104388113-00
264860,20/02/2020,19:27:28,20/02/2020,014443IPE200220200104388111-95
264907,20/02/2020,21:21:49,20/02/2020,002437IPE200220200104388113-30
264906,20/02/2020,21:07:01,20/02/2020,004170IPE200220200104388112-68
265310,21/02/2020,18:43:41,21/02/2020,004170IPE210220200104388211-64
265334,21/02/2020,19:12:49,21/02/2020,019569IPE210220200104388212-01
265266,21/02/2020,18:02:50,21/02/2020,001023IPE210220200104388211-32
265285,21/02/2020,18:19:21,21/02/2020,018821IPE210220200104388211-20
265351,21/02/2020,19:35:37,21/02/2020,014460IPE210220200104388212-12
266101,27/02/2020,18:17:49,27/02/2020,009512IPE270220200104388811-46
265801,27/02/2020,03:23:43,27/02/2020,023264IPE270220200104388802-46
266116,27/02/2020,18:28:56,27/02/2020,009512IPE270220200104388811-64
266598,28/02/2020,18:43:09,28/02/2020,020532IPE280220200104388911-32
266567,28/02/2020,18:26:54,28/02/2020,024295IPE280220200104388911-60
266358,28/02/2020,07:38:56,28/02/2020,011312IPE280220200104388905-14
266607,28/02/2020,19:06:23,28/02/2020,001023IPE280220200104388911-69
266647,28/02/2020,22:25:31,28/02/2020,023310IPE280220200104388913-76
266731,02/03/2020,08:02:03,02/03/2020,021431IPE020320200104389204-85
267555,03/03/2020,21:51:36,03/03/2020,024295IPE030320200104389313-47
267269,03/03/2020,06:52:14,03/03/2020,016292IPE030320200104389304-26
267482,03/03/2020,19:06:24,03/03/2020,018465IPE030320200104389311-70
267419,03/03/2020,18:03:52,03/03/2020,017329IPE030320200104389311-35
267914,04/03/2020,22:17:52,04/03/2020,023159IPE040320200104389413-89
267975,05/03/2020,09:40:10,05/03/2020,019569IPE050320200104389505-90
268282,05/03/2020,20:14:59,05/03/2020,023310IPE050320200104389512-73
268202,05/03/2020,18:48:12,05/03/2020,021610IPE050320200104389511-40
268664,06/03/2020,20:38:33,06/03/2020,021431IPE060320200104389612-71
268564,06/03/2020,18:09:24,06/03/2020,024910IPE060320200104389611-13
268678,06/03/2020,22:48:22,06/03/2020,011312IPE060320200104389613-90
268673,06/03/2020,21:31:37,06/03/2020,019992IPE060320200104389613-28
268331,06/03/2020,08:49:33,06/03/2020,009512IPE060320200104389605-62
269003,09/03/2020,18:52:20,09/03/2020,017671IPE090320200104389911-52
269517,10/03/2020,19:33:40,10/03/2020,019739IPE100320200104390012-13
269560,10/03/2020,22:00:45,10/03/2020,011312IPE100320200104390013-65
269177,10/03/2020,08:00:34,10/03/2020,019569IPE100320200104390005-14
269568,10/03/2020,23:46:14,10/03/2020,002437IPE100320200104390014-40
269210,10/03/2020,09:54:36,10/03/2020,008133IPE100320200104390006-30
269559,10/03/2020,21:58:36,10/03/2020,017671IPE100320200104390013-54
269732,11/03/2020,15:19:13,11/03/2020,019836IPE110320200104390109-32
269903,11/03/2020,22:32:21,11/03/2020,024295IPE110320200104390113-73
269769,11/03/2020,17:32:40,11/03/2020,004820IPE110320200104390110-92
269777,11/03/2020,18:09:34,11/03/2020,001023IPE110320200104390111-23
269734,11/03/2020,15:20:15,11/03/2020,017450IPE110320200104390109-35
269733,11/03/2020,15:20:02,11/03/2020,023485IPE110320200104390109-22
270092,12/03/2020,20:09:59,12/03/2020,004170IPE120320200104390212-68
269932,12/03/2020,08:55:17,12/03/2020,024112IPE120320200104390205-52
270460,13/03/2020,19:04:57,13/03/2020,019569IPE130320200104390312-01
270454,13/03/2020,18:54:03,13/03/2020,009512IPE130320200104390311-37
270480,13/03/2020,19:41:20,13/03/2020,001023IPE130320200104390312-01
270692,16/03/2020,19:56:44,16/03/2020,002437IPE160320200104390612-40
270538,16/03/2020,09:25:34,16/03/2020,024112IPE160320200104390605-99
270542,16/03/2020,09:44:27,16/03/2020,019836IPE160320200204390605-84
270762,16/03/2020,22:51:20,16/03/2020,020788IPE160320200104390613-91
270617,16/03/2020,18:16:19,16/03/2020,019569IPE160320200104390611-15
270522,16/03/2020,08:29:28,13/03/2020,015253IPE130320200104390605-37
270743,16/03/2020,21:18:34,16/03/2020,004170IPE160320200104390613-12
271026,17/03/2020,19:24:44,17/03/2020,020982IPE170320200104390712-08
270766,17/03/2020,00:01:54,16/03/2020,020788IPE160320200104390700-55
271278,18/03/2020,18:10:25,18/03/2020,008133IPE180320200104390811-15
271082,18/03/2020,09:03:42,18/03/2020,004170IPE180320200104390805-85
271362,18/03/2020,21:55:23,18/03/2020,020494IPE180320200104390813-38
271145,18/03/2020,11:38:40,17/03/2020,020494IPE170320200104390807-38
271365,18/03/2020,22:33:32,18/08/2020,022187IPE180820200104390813-85
271350,18/03/2020,20:46:28,18/03/2020,018821IPE180320200104390812-74
271102,18/03/2020,09:59:41,18/03/2020,020982IPE180320200104390806-40
271075,18/03/2020,08:09:54,18/03/2020,021431IPE180320200104390805-43
271733,19/03/2020,22:33:17,19/03/2020,014443IPE190320200104390913-70
271697,19/03/2020,20:30:35,19/03/2020,004170IPE190320200104390912-65
271480,19/03/2020,09:50:53,19/03/2020,020982IPE190320200104390906-43
271704,19/03/2020,20:51:12,19/03/2020,022187IPE190320200104390912-63
271527,19/03/2020,17:07:56,19/03/2020,008133IPE190320200104390910-83
271905,20/03/2020,17:59:02,20/03/2020,020982IPE200320200104391010-81
272057,20/03/2020,21:03:25,20/03/2020,020494IPE200320200104391012-88
271766,20/03/2020,08:57:51,20/03/2020,009512IPE200320200104391005-88
271952,20/03/2020,18:44:07,20/03/2020,004170IPE200320200104391011-31
271949,20/03/2020,18:36:55,20/03/2020,014320IPE200320200104391011-71
272144,21/03/2020,21:29:34,21/03/2020,018821IPE210320200104391113-23
272197,23/03/2020,09:00:44,23/03/2020,004170IPE230320200104391305-84
272183,23/03/2020,08:28:09,23/03/2020,022470IPE230320200104391305-17
272189,23/03/2020,08:41:43,23/03/2020,012653IPE230320200104391305-64
272374,23/03/2020,20:22:27,23/03/2020,023310IPE230320200104391312-49
272188,23/03/2020,08:39:36,23/03/2020,011312IPE230320200104391305-55
272389,23/03/2020,21:19:03,23/03/2020,019739IPE230320200104391312-82
272383,23/03/2020,21:01:40,23/03/2020,023264IPE230320200204391312-37
272695,24/03/2020,19:12:28,24/03/2020,014320IPE240320200104391411-80
272523,24/03/2020,09:07:55,24/03/2020,024112IPE240320200104391406-02
272519,24/03/2020,08:39:47,24/03/2020,003980IPE240320200104391405-66
272514,24/03/2020,08:32:05,24/03/2020,019569IPE240320200104391405-17
272701,24/03/2020,19:17:56,24/03/2020,023310IPE240320200104391412-13
272515,24/03/2020,08:33:43,24/03/2020,019739IPE240320200104391405-56
272509,24/03/2020,08:07:36,24/03/2020,004170IPE240320200104391405-23
272893,25/03/2020,08:51:20,25/03/2020,013986IPE250320200104391505-51
273589,26/03/2020,22:51:22,26/03/2020,020010IPE260320200104391613-93
273274,26/03/2020,09:25:15,26/03/2020,024783IPE260320200104391605-80
273275,26/03/2020,09:27:03,26/03/2020,019550IPE260320200104391605-70
273259,26/03/2020,07:50:52,26/03/2020,009512IPE260320200104391605-22
273554,26/03/2020,21:48:16,26/03/2020,016292IPE260320200104391613-24
273260,26/03/2020,07:57:18,26/03/2020,009512IPE260320200104391604-95
273251,26/03/2020,07:14:05,26/03/2020,020087IPE260320200104391604-39
273220,26/03/2020,00:12:59,25/03/2020,011312IPE250320200104391600-71
273900,27/03/2020,18:42:35,27/03/2020,020494IPE270320200104391711-57
274227,28/03/2020,00:08:20,27/03/2020,002437IPE270320200104391800-28
274250,28/03/2020,00:57:41,27/03/2020,002437IPE270320200204391713-11
274783,30/03/2020,19:48:03,30/03/2020,024295IPE300320200104392011-91
275031,30/03/2020,23:24:51,30/03/2020,023310IPE300320200104392014-55
275716,31/03/2020,22:12:59,31/03/2020,020010IPE310320200104392113-91
275713,31/03/2020,22:06:00,31/03/2020,019836IPE310320200104392113-26
275149,31/03/2020,09:23:43,31/03/2020,004820IPE310320200104392106-06
275477,31/03/2020,18:09:19,31/03/2020,009512IPE310320200104392111-08
275717,31/03/2020,22:14:55,31/03/2020,023485IPE310320200104392113-89
275711,31/03/2020,22:05:28,31/03/2020,023310IPE310320200104392113-53
276030,01/04/2020,18:58:59,01/04/2020,009512IPE010420200104392211-97
276041,01/04/2020,19:28:38,01/04/2020,018465IPE010420200104392212-06
275884,01/04/2020,08:37:17,01/04/2020,004170IPE010420200104392205-34
276060,01/04/2020,20:31:16,30/03/2020,014443IPE300320200304392013-54
276069,01/04/2020,20:46:44,01/04/2020,001023IPE010420200104392212-90
275889,01/04/2020,08:55:24,01/04/2020,009512IPE010420200104392205-59
276064,01/04/2020,20:40:41,01/04/2020,019739IPE010420200104392212-81
275892,01/04/2020,09:09:00,01/04/2020,017450IPE010420200104392205-49
276289,02/04/2020,17:37:05,02/04/2020,014320IPE020420200104392310-62
276660,03/04/2020,18:52:50,03/04/2020,020010IPE030420200104392411-82
276630,03/04/2020,17:40:22,03/04/2020,003980IPE030420200104392410-82
276722,03/04/2020,22:39:30,03/04/2020,004820IPE030420200104392413-89
277037,06/04/2020,18:36:02,06/04/2020,008656IPE060420200104392711-18
277023,06/04/2020,18:20:47,06/04/2020,003980IPE060420200104392711-47
277380,07/04/2020,19:37:09,07/04/2020,019836IPE070420200104392811-86
277372,07/04/2020,19:19:00,07/04/2020,020494IPE070420200104392811-59
277470,07/04/2020,22:34:19,07/04/2020,018821IPE070420200104392813-73
277381,07/04/2020,19:45:05,07/04/2020,001023IPE070420200104392811-90
277169,07/04/2020,09:15:28,07/04/2020,019569IPE070420200104392805-83
277413,07/04/2020,20:58:18,07/04/2020,002437IPE070420200104392812-76
277152,07/04/2020,08:00:38,07/04/2020,019569IPE070420200104392805-18
277339,07/04/2020,18:18:01,07/04/2020,009512IPE070420200104392810-99
277689,08/04/2020,18:28:33,08/04/2020,007617IPE080420200104392911-41
277701,08/04/2020,18:39:55,08/04/2020,009512IPE080420200104392911-74
277522,08/04/2020,09:02:13,08/04/2020,009512IPE080420200104392905-55
277641,08/04/2020,17:30:40,08/04/2020,004170IPE080420200104392910-90
277709,08/04/2020,18:55:42,06/04/2020,022616IPE060420200204398604-22
278262,09/04/2020,23:15:55,09/04/2020,014443IPE090420200104393014-50
278065,09/04/2020,18:01:34,09/04/2020,018821IPE090420200104393011-15
278643,13/04/2020,21:37:45,09/04/2020,020745IPE090420200204407810-79
278436,13/04/2020,09:00:24,13/04/2020,019348IPE130420200104393405-64
278970,14/04/2020,21:07:00,14/04/2020,004170IPE140420200104393512-67
278675,14/04/2020,08:45:56,14/04/2020,021016IPE140420200104393505-81
279163,15/04/2020,18:08:36,15/04/2020,008672IPE150420200104393611-24
279166,15/04/2020,18:11:37,15/04/2020,013986IPE150420200104393611-28
279459,16/04/2020,21:17:58,16/04/2020,017329IPE160420200104393713-35
279536,17/04/2020,09:52:45,17/04/2020,020010IPE170420200104393806-37
279725,17/04/2020,18:20:53,17/04/2020,004170IPE170420200104393811-53
279811,17/04/2020,22:09:16,17/04/2020,020010IPE170420200104393813-45
279758,17/04/2020,19:36:33,17/04/2020,002437IPE170420200104393812-09
280023,20/04/2020,19:55:26,20/04/2020,022187IPE200420200104394112-21
280037,20/04/2020,21:41:30,20/04/2020,016292IPE200420200104394113-31
280330,22/04/2020,17:53:26,22/04/2020,019992IPE220420200104394310-99
280387,22/04/2020,19:05:53,20/04/2020,014320IPE200420200304394111-19
280631,23/04/2020,18:28:27,23/04/2020,020494IPE230420200104394411-35
280427,23/04/2020,08:26:48,23/04/2020,023310IPE230420200104394405-54
280751,23/04/2020,20:35:13,23/04/2020,014443IPE230420200104394412-48
280547,23/04/2020,17:09:18,23/04/2020,008133IPE230420200104394410-47
281162,24/04/2020,21:29:40,24/04/2020,004170IPE240420200104394513-29
281200,25/04/2020,14:12:15,25/04/2020,020087IPE250420200104394608-67
281214,26/04/2020,23:12:21,24/04/2020,014443IPE240420200204394514-54
281426,27/04/2020,18:26:49,27/04/2020,019992IPE270420200104394811-55
281225,27/04/2020,09:17:30,27/04/2020,020087IPE270420200104394805-87
281491,27/04/2020,20:22:54,27/04/2020,023310IPE270420200104394812-76
281387,27/04/2020,18:01:49,27/04/2020,009512IPE270420200104394811-30
281216,27/04/2020,07:42:29,27/04/2020,021016IPE270420200104394804-91
281735,28/04/2020,18:07:32,28/04/2020,009512IPE280420200104394911-19
281908,28/04/2020,22:43:12,28/04/2020,004170IPE280420200104394913-75
281545,28/04/2020,08:47:17,28/04/2020,020540IPE280420200104394905-44
281543,28/04/2020,08:39:55,28/04/2020,018660IPE280420200104394905-74
281778,28/04/2020,18:32:40,28/04/2020,024392IPE280420200104394911-52
282382,29/04/2020,19:29:58,29/04/2020,017329IPE290420200204395011-28
282368,29/04/2020,19:17:27,29/04/2020,009512IPE290420200104395011-84
282841,30/04/2020,18:19:41,30/04/2020,019992IPE300420200104395111-40
282967,30/04/2020,19:46:03,30/04/2020,023159IPE300420200104395111-89
282529,30/04/2020,08:36:34,30/04/2020,000906IPE300420200104395105-50
283005,30/04/2020,20:12:05,30/04/2020,024295IPE300420200104395112-17
282525,30/04/2020,07:21:59,30/04/2020,002437IPE300420200104395105-00
282878,30/04/2020,18:50:45,30/04/2020,020982IPE300420200104395111-75
283185,04/05/2020,07:05:34,04/05/2020,023159IPE040520200104395504-59
283206,04/05/2020,08:53:58,04/05/2020,009512IPE040520200104395505-91
283455,04/05/2020,19:14:54,04/05/2020,019348IPE040520200104395512-08
283192,04/05/2020,07:48:32,04/05/2020,019569IPE040520200104395505-00
284193,06/05/2020,18:28:11,06/05/2020,020540IPE060520200104395711-19
283997,06/05/2020,08:18:30,06/05/2020,003980IPE060520200104395705-28
283998,06/05/2020,08:21:10,06/05/2020,008656IPE060520200104395705-11
284204,06/05/2020,18:35:30,06/05/2020,018660IPE060520200104395711-45
284406,07/05/2020,07:06:52,07/05/2020,001023IPE070520200104395804-78
284415,07/05/2020,08:53:28,07/05/2020,001023IPE070520200204401705-20
285868,11/05/2020,20:54:18,11/05/2020,007617IPE110520200104396212-72
285388,11/05/2020,08:21:04,07/05/2020,024783IPE070520200204401714-37
285390,11/05/2020,08:28:21,07/05/2020,019550IPE070520200204404800-50
286040,12/05/2020,19:11:22,12/05/2020,002437IPE120520200104396311-73
286223,13/05/2020,09:41:08,13/05/2020,019569IPE130520200104396405-89
286498,13/05/2020,20:11:00,13/05/2020,023264IPE130520200104396412-11
286408,13/05/2020,18:22:48,13/05/2020,009512IPE130520200104396411-50
286433,13/05/2020,18:59:15,13/05/2020,009512IPE130520200104396411-54
286382,13/05/2020,18:04:10,13/05/2020,024112IPE130520200104396410-94
286377,13/05/2020,17:59:03,13/05/2020,004820IPE130520200104396410-82
286753,14/05/2020,18:20:27,14/05/2020,013986IPE140520200104396511-27
286566,14/05/2020,09:12:02,14/05/2020,024112IPE140520200104396505-54
286776,14/05/2020,18:50:06,14/05/2020,020494IPE140520200104396511-36
286818,14/05/2020,19:21:24,14/05/2020,004030IPE140520200104396511-85
286743,14/05/2020,18:09:52,14/05/2020,021610IPE140520200104396511-41
286870,14/05/2020,20:12:28,14/05/2020,019739IPE140520200204396511-88
286958,15/05/2020,00:04:05,14/05/2020,014443IPE140520200104396600-09
287229,15/05/2020,21:09:35,15/05/2020,017973IPE150520200104396613-04
287404,18/05/2020,19:02:33,18/05/2020,021610IPE180520200104396911-75
287304,18/05/2020,09:41:06,18/05/2020,004170IPE180520200204396905-81
287292,18/05/2020,00:14:52,17/05/2020,020010IPE170520200104396900-66
287375,18/05/2020,17:52:32,18/05/2020,008133IPE180520200104396911-04
287740,19/05/2020,20:58:46,19/05/2020,017671IPE190520200104397013-04
287889,20/05/2020,18:11:19,20/05/2020,020494IPE200520200104397111-10
288131,21/05/2020,18:14:24,21/05/2020,020540IPE210520200104397211-18
288127,21/05/2020,18:11:49,21/05/2020,020982IPE210520200104397211-40
288459,22/05/2020,18:45:12,22/05/2020,004030IPE220520200104397311-37
288942,25/05/2020,21:17:17,25/05/2020,004170IPE250520200104397612-94
288504,25/05/2020,09:26:30,25/05/2020,016292IPE250520200104397605-96
288502,25/05/2020,08:59:56,25/05/2020,020982IPE250520200104397605-95
289102,26/05/2020,08:34:16,25/05/2020,021431IPE250520200104397705-30
289340,26/05/2020,20:12:09,26/05/2020,020788IPE260520200104397712-21
289269,26/05/2020,18:11:49,26/05/2020,020982IPE260520200104397711-40
289264,26/05/2020,18:06:08,26/05/2020,020494IPE260520200104397710-94
289602,27/05/2020,22:47:59,27/05/2020,011312IPE270520200104397814-26
289484,27/05/2020,13:39:05,27/05/2020,017450IPE270520200204397807-06
289588,27/05/2020,20:31:32,27/05/2020,009512IPE270520200104397812-63
289485,27/05/2020,13:41:29,27/05/2020,023485IPE270520200204397807-58
289367,27/05/2020,09:07:52,27/05/2020,004170IPE270520200104397805-99
289615,28/05/2020,08:32:44,28/05/2020,018821IPE280520200104397905-56
290037,29/05/2020,17:46:07,29/05/2020,023310IPE290520200104398010-73
290069,29/05/2020,18:10:05,29/05/2020,004030IPE290520200104398010-95
290146,29/05/2020,19:45:33,29/05/2020,009512IPE290520200104398012-18
290237,31/05/2020,18:08:47,31/05/2020,020494IPE310520200104398211-35
290532,01/06/2020,20:40:26,01/06/2020,009512IPE010620200104398312-66
290441,01/06/2020,18:16:38,01/06/2020,024295IPE010620200104398311-34
290256,01/06/2020,09:04:06,01/06/2020,020982IPE010620200104398305-50
290870,02/06/2020,18:30:34,02/06/2020,020982IPE020620200104398411-44
291248,03/06/2020,23:13:30,03/06/2020,014443IPE030620200104398514-23
291098,03/06/2020,17:29:36,03/06/2020,014320IPE030620200104398510-85
291111,03/06/2020,18:12:59,03/06/2020,021610IPE030620200104398511-51
291239,03/06/2020,22:06:41,03/06/2020,021431IPE030620200104398513-67
291450,04/06/2020,21:56:50,04/06/2020,009512IPE040620200104398613-66
291436,04/06/2020,20:03:51,04/06/2020,021016IPE040620200104398612-54
291678,05/06/2020,18:19:29,05/06/2020,018660IPE050620200104398711-28
291699,05/06/2020,18:50:41,05/06/2020,024821IPE050620200104398711-71
291674,05/06/2020,18:16:09,05/06/2020,020540IPE050620200104398711-05
291751,06/06/2020,22:42:28,06/06/2020,004170IPE060620200204398813-73
291764,08/06/2020,08:44:05,08/06/2020,024295IPE080620200104399005-29
292005,08/06/2020,18:23:32,08/06/2020,004030IPE080620200104399011-35
292047,08/06/2020,19:20:40,08/06/2020,018821IPE080620200104399012-00
291758,08/06/2020,08:16:50,08/06/2020,020494IPE080620200104399005-46
292108,09/06/2020,08:19:07,09/06/2020,024783IPE090620200104399105-06
292473,09/06/2020,21:51:45,09/06/2020,024295IPE090620200104399113-56
292113,09/06/2020,09:20:39,09/06/2020,019569IPE090620200104399105-99
292528,10/06/2020,08:56:42,10/06/2020,009512IPE100620200104399205-78
292896,10/06/2020,19:21:10,10/06/2020,020982IPE100620200104399211-71
292784,10/06/2020,18:11:07,10/06/2020,020540IPE100620200104399210-98
292527,10/06/2020,08:52:25,10/06/2020,004820IPE100620200104399205-57
293136,11/06/2020,18:47:31,11/06/2020,017973IPE110620200204414111-50
293149,11/06/2020,22:40:27,11/06/2020,014443IPE110620200104399313-87
293140,11/06/2020,19:35:03,11/06/2020,020494IPE110620200104399311-78
293056,11/06/2020,00:12:30,10/06/2020,004170IPE100620200104399300-42
293159,12/06/2020,09:26:22,12/06/2020,024783IPE120620200104399405-88
293154,12/06/2020,09:01:21,12/06/2020,020982IPE120620200104399405-62
293311,12/06/2020,19:35:06,12/06/2020,018821IPE120620200104399411-81
293451,15/06/2020,09:07:08,15/06/2020,020982IPE150620200104399705-55
293915,15/06/2020,23:52:00,15/06/2020,011312IPE150620200104399714-32
293428,15/06/2020,08:20:17,15/06/2020,017973IPE150620200104399705-17
293838,15/06/2020,21:28:10,15/06/2020,014443IPE150620200104399712-98
293828,15/06/2020,21:10:15,15/06/2020,020494IPE150620200104399712-85
293472,15/06/2020,09:56:30,15/06/2020,020494IPE150620200104399706-26
294389,16/06/2020,19:37:26,16/06/2020,014443IPE160620200104399812-03
294105,16/06/2020,09:21:11,16/06/2020,022187IPE160620200104399805-72
294122,16/06/2020,09:53:20,16/06/2020,020982IPE160620200104399806-13
294444,17/06/2020,08:42:51,17/06/2020,009512IPE170620200104399905-73
294639,17/06/2020,18:01:33,17/06/2020,021431IPE170620200104399911-14
294672,17/06/2020,18:59:04,17/06/2020,004170IPE170620200104399911-43
294812,18/06/2020,09:06:35,18/06/2020,004170IPE180620200104400005-81
294972,18/06/2020,20:31:08,18/06/2020,019739IPE180620200104400012-39
295129,19/06/2020,18:07:26,19/06/2020,020540IPE190620200104400111-13
294992,19/06/2020,08:48:29,19/06/2020,009512IPE190620200104400105-57
295192,19/06/2020,19:37:54,19/06/2020,019739IPE190620200104400112-31
295285,22/06/2020,09:31:34,22/06/2020,020494IPE220620200104400406-05
295471,22/06/2020,19:31:20,22/06/2020,020494IPE220620200104400411-91
295514,22/06/2020,20:23:14,22/06/2020,020982IPE220620200104400412-37
295467,22/06/2020,19:25:59,22/06/2020,022616IPE220620200304400404-27
295280,22/06/2020,09:00:18,22/06/2020,020982IPE220620200104400405-58
296302,25/06/2020,20:38:56,25/06/2020,002437IPE250620200104400712-94
296584,26/06/2020,19:44:55,26/06/2020,002437IPE260620200104400812-39
296558,26/06/2020,19:19:42,26/06/2020,009512IPE260620200104400812-01
296699,29/06/2020,08:56:31,29/06/2020,020494IPE290620200104401105-67
297000,29/06/2020,21:06:17,29/06/2020,020516IPE290620200104401112-83
296917,29/06/2020,19:16:41,29/06/2020,009512IPE290620200104401111-97
297032,29/06/2020,22:52:11,29/06/2020,022616IPE290620200104401113-83
297524,30/06/2020,18:32:48,30/06/2020,020982IPE300620200104401211-60
297807,30/06/2020,21:36:46,30/06/2020,002437IPE300620200104401213-42
298174,01/07/2020,21:23:11,01/07/2020,014443IPE010720200104401312-94
298041,01/07/2020,18:32:26,01/07/2020,024821IPE010720200104401311-38
298372,02/07/2020,19:40:42,02/07/2020,024295IPE020720200104401412-22
298471,02/07/2020,21:55:32,02/07/2020,024929IPE020720200104401413-47
298553,03/07/2020,08:13:25,03/07/2020,009512IPE030720200104401505-18
298729,03/07/2020,20:40:05,03/07/2020,023485IPE030720200104401512-45
298726,03/07/2020,20:21:42,03/07/2020,019836IPE030720200204389711-60
298986,06/07/2020,20:08:30,06/07/2020,018821IPE060720200104401812-38
298782,06/07/2020,08:56:48,06/07/2020,019569IPE060720200104401805-84
298771,06/07/2020,08:21:13,06/07/2020,017973IPE060720200104401805-14
298889,06/07/2020,18:04:37,06/07/2020,020982IPE060720200104401811-21
298775,06/07/2020,08:26:49,06/07/2020,024112IPE060720200104401805-55
298762,06/07/2020,07:59:04,06/07/2020,020540IPE060720200104401804-83
298779,06/07/2020,08:30:19,06/07/2020,017973IPE060720200104401805-29
299035,07/07/2020,07:37:02,07/07/2020,023310IPE070720200104401904-59
299065,07/07/2020,09:43:10,07/07/2020,019836IPE070720200104401905-93
299395,07/07/2020,23:39:29,07/07/2020,014460IPE070720200104401914-48
299066,07/07/2020,09:45:29,07/07/2020,023485IPE070720200104401906-14
299589,08/07/2020,18:33:52,03/07/2020,024112IPE030720200204389705-73
299689,09/07/2020,09:04:46,09/07/2020,019569IPE090720200104402105-90
299932,10/07/2020,00:20:30,09/07/2010,023310IPE090720100104402200-50
300367,10/07/2020,20:14:12,10/07/2020,014443IPE100720200104402212-26
300818,14/07/2020,20:10:59,14/07/2020,015784IPE140720200104402612-69
300840,14/07/2020,21:08:56,14/07/2020,020982IPE140720200104402613-24
300637,14/07/2020,08:31:17,14/07/2020,024295IPE140720200104402605-28
301067,15/07/2020,20:09:38,15/07/2020,009512IPE150720200104402712-47
301071,15/07/2020,20:27:50,15/07/2020,009512IPE150720200104402712-77
301107,15/07/2020,22:01:40,15/07/2020,014443IPE150720200104402713-61
300875,15/07/2020,08:00:54,15/07/2020,004170IPE150720200104402705-34
301040,15/07/2020,18:41:01,15/07/2020,004820IPE150720200104402711-22
301257,16/07/2020,18:15:50,16/07/2020,004030IPE160720200104402811-45
301252,16/07/2020,18:09:48,15/07/2020,024392IPE150720200204402704-70
301678,17/07/2020,18:18:32,17/07/2020,018821IPE170720200104402911-30
301787,17/07/2020,20:11:32,17/07/2020,002437IPE170720200104402912-43
301903,18/07/2020,03:00:56,18/07/2020,024929IPE180720200104403002-36
301918,18/07/2020,19:28:02,18/07/2020,020494IPE180720200104403011-70
301904,18/07/2020,03:13:42,18/07/2020,024929IPE180720200104403002-35
301900,18/07/2020,02:50:55,18/07/2020,017671IPE180720200104403002-25
301908,18/07/2020,09:22:48,18/07/2020,011312IPE180720200104403006-10
301909,18/07/2020,09:26:16,18/07/2020,011312IPE180720200104403005-82
302031,20/07/2020,20:15:40,20/07/2020,009512IPE200720200104403212-55
302022,20/07/2020,19:28:59,20/07/2020,017329IPE200720200104403212-27
302002,20/07/2020,18:11:53,20/07/2020,020982IPE200720200104403211-44
302029,20/07/2020,20:09:29,20/07/2020,004170IPE200720200104403212-38
302240,21/07/2020,18:07:08,21/07/2020,017450IPE210720200104403310-95
302142,21/07/2020,07:47:57,21/07/2020,009512IPE210720200104403305-24
302313,21/07/2020,20:38:22,21/07/2020,002437IPE210720200104403312-60
302324,21/07/2020,21:18:57,21/07/2020,023485IPE210720200104403313-35
302266,21/07/2020,18:45:32,21/07/2020,009512IPE210720200104403311-57
302542,22/07/2020,22:43:31,22/07/2020,011312IPE220720200104403413-94
302443,22/07/2020,18:30:56,22/07/2020,009512IPE220720200104403411-66
302341,22/07/2020,08:30:25,22/07/2020,024295IPE220720200104403405-35
302335,22/07/2020,07:29:11,22/07/2020,012653IPE220720200104403404-60
302554,23/07/2020,07:27:09,23/07/2020,017973IPE230720200104403504-56
302562,23/07/2020,08:39:13,23/07/2020,014460IPE230720200104403505-32
303013,24/07/2020,18:47:03,24/07/2020,020982IPE240720200104403611-30
302995,24/07/2020,18:33:29,24/07/2020,020982IPE240720200104403611-42
303046,24/07/2020,19:21:46,24/07/2020,001023IPE240720200204403611-30
303088,24/07/2020,20:45:36,24/07/2020,021431IPE240720200104403612-81
302827,24/07/2020,08:26:44,24/07/2020,009512IPE240720200104403605-50
303105,24/07/2020,23:49:59,24/07/2020,009512IPE240720200104403614-88
303116,25/07/2020,13:25:55,25/07/2020,014460IPE250720200104403708-60
303126,26/07/2020,21:23:12,26/07/2020,017450IPE260720200104403812-95
303127,26/07/2020,21:49:05,26/07/2020,023485IPE260720200104403813-14
303124,26/07/2020,20:24:51,26/07/2020,020494IPE260720200104403812-75
303431,27/07/2020,21:14:40,27/07/2020,004170IPE270720200104403913-14
303469,27/07/2020,23:05:59,27/07/2020,024929IPE270720200104403914-44
303353,27/07/2020,19:52:16,27/07/2020,019739IPE270720200104403912-08
303462,27/07/2020,22:45:24,27/07/2020,017671IPE270720200104403913-89
303446,27/07/2020,21:32:20,27/07/2020,009512IPE270720200104403913-12
303447,27/07/2020,21:35:08,27/07/2020,009512IPE270720200104403913-03
303477,28/07/2020,07:35:37,28/07/2020,021016IPE280720200104404004-92
303511,28/07/2020,12:16:15,28/07/2020,011312IPE280720200104404007-51
303650,28/07/2020,18:49:53,28/07/2020,004030IPE280720200104404011-82
303759,29/07/2020,09:16:22,29/07/2020,020532IPE290720200104404105-78
303981,29/07/2020,19:10:05,29/07/2020,020532IPE290720200104404111-55
303742,29/07/2020,08:02:40,29/07/2020,024295IPE290720200104404105-22
304049,29/07/2020,21:51:46,29/07/2020,004170IPE290720200104404113-57
304066,29/07/2020,22:41:00,29/07/2020,004170IPE290720200104404113-61
304025,29/07/2020,21:11:42,29/07/2020,009512IPE290720200104404113-13
303945,29/07/2020,18:40:42,29/07/2020,009512IPE290720200104404111-62
303730,29/07/2020,06:39:43,29/07/2020,017671IPE290720200104404104-42
304061,29/07/2020,22:19:20,29/07/2020,024929IPE290720200104404113-59
304409,30/07/2020,19:41:20,30/07/2020,002437IPE300720200104404212-01
304099,30/07/2020,07:51:29,30/07/2020,014320IPE300720200104404205-00
304246,30/07/2020,16:33:43,30/07/2020,019836IPE300720200104404210-36
304587,31/07/2020,08:59:47,31/07/2020,019569IPE310720200104404305-86
305069,31/07/2020,20:05:09,31/07/2020,019836IPE310720200104404312-14
304560,31/07/2020,00:06:47,30/07/2020,017973IPE300720200104404300-53
304558,31/07/2020,00:02:08,30/07/2020,017973IPE300720200104404300-10
305049,31/07/2020,19:43:45,31/07/2020,020982IPE310720200104404312-28
305188,01/08/2020,16:43:51,01/08/2020,002437IPE010820200104404410-54
305194,02/08/2020,21:29:17,02/08/2020,024112IPE020820200104404513-06
305553,03/08/2020,22:53:42,03/08/2020,022187IPE030820200104404614-15
305471,03/08/2020,19:49:03,03/08/2020,019992IPE030820200104404611-92
305264,03/08/2020,12:06:51,03/08/2020,023310IPE030820200204389804-49
305447,03/08/2020,19:15:56,03/08/2020,019348IPE030820200104404612-11
305748,04/08/2020,18:47:02,30/07/2020,014443IPE300720200204404212-50
305717,04/08/2020,18:09:01,04/08/2020,008672IPE040820200104404710-90
306262,05/08/2020,18:01:10,05/08/2020,020982IPE050820200104404810-91
306363,05/08/2020,20:13:06,05/08/2020,024112IPE050820200104404812-19
306863,06/08/2020,19:34:32,06/08/2020,020494IPE060820200104404912-06
306504,06/08/2020,07:06:13,06/08/2020,001023IPE060820200104404904-39
307523,07/08/2020,21:14:54,07/08/2020,024929IPE070820200104405013-28
307076,07/08/2020,09:37:44,07/08/2020,020982IPE070820200104405006-21
307555,07/08/2020,23:41:49,07/08/2020,004820IPE070820200104405014-70
307392,07/08/2020,18:59:34,07/08/2020,020982IPE070820200104405011-73
307329,07/08/2020,18:18:31,07/08/2020,020494IPE070820200104405011-29
307365,07/08/2020,18:39:46,07/08/2020,020494IPE070820200104405011-65
307518,07/08/2020,21:11:34,07/08/2020,017671IPE070820200104405013-05
307560,08/08/2020,14:17:16,08/08/2020,020494IPE080820200104405108-73
308075,10/08/2020,19:06:58,10/08/2020,007617IPE100820200204411211-24
308119,10/08/2020,19:36:13,10/08/2020,009512IPE100820200104405311-89
308523,11/08/2020,20:00:47,11/08/2020,024112IPE110820200104405412-47
308428,11/08/2020,17:56:51,11/08/2020,024910IPE110820200104405411-27
309518,13/08/2020,21:25:24,13/08/2020,017671IPE130820200104405613-09
309415,13/08/2020,20:07:41,13/08/2020,021610IPE130820200204405611-77
309368,13/08/2020,19:04:47,13/08/2020,021610IPE130820200104405611-91
309397,13/08/2020,19:38:04,13/08/2020,004170IPE130820200104405611-82
309647,13/08/2020,23:57:58,13/08/2020,011312IPE130820200104405614-95
309642,13/08/2020,23:53:27,13/08/2020,011312IPE130820200104405614-60
309356,13/08/2020,18:56:51,13/08/2020,021610IPE130820200104405611-87
309692,14/08/2020,09:19:59,14/08/2020,019992IPE140820200104405706-18
309653,14/08/2020,00:15:15,13/08/2020,017450IPE130820200204405614-81
310097,14/08/2020,20:07:27,14/08/2020,014443IPE140820200104405712-34
309991,14/08/2020,18:28:29,14/08/2020,001023IPE140820200104405711-37
309651,14/08/2020,00:12:45,13/08/2020,023485IPE130820200204405614-45
310631,18/08/2020,19:46:43,18/08/2020,018465IPE180820200104406112-29
310697,18/08/2020,21:49:11,18/08/2020,022187IPE180820200104406113-20
310731,19/08/2020,08:33:50,19/08/2020,024295IPE190820200104406205-63
310988,19/08/2020,21:56:47,19/08/2020,019739IPE190820200104406213-63
311002,20/08/2020,03:54:39,20/08/2020,014443IPE200820200104406302-73
311341,21/08/2020,19:06:09,21/08/2020,009512IPE210820200104406411-55
311344,21/08/2020,19:25:03,21/08/2020,009512IPE210820200104406411-68
311781,24/08/2020,23:54:38,24/08/2020,017450IPE240820200104406714-72
311782,24/08/2020,23:59:45,24/08/2020,023485IPE240820200104406714-84
311754,24/08/2020,19:45:02,24/08/2020,009512IPE240820200104406711-87
312017,25/08/2020,19:36:48,25/08/2020,009512IPE250820200104406812-24
312063,25/08/2020,22:20:13,25/08/2020,004030IPE250820200104406813-53
312486,26/08/2020,20:16:55,26/08/2020,024295IPE260820200104406912-71
312360,26/08/2020,18:19:01,26/08/2020,001023IPE260820200104406911-00
312397,26/08/2020,18:58:07,26/08/2020,022470IPE260820200204406905-75
312131,26/08/2020,09:18:49,26/08/2020,024821IPE260820200104406906-07
312478,26/08/2020,20:09:07,26/08/2020,009512IPE260820200104406912-16
313219,27/08/2020,19:40:09,27/08/2020,001023IPE270820200104407011-89
313241,27/08/2020,20:41:04,27/08/2020,009512IPE270820200104407012-45
313388,28/08/2020,00:56:53,27/08/2020,022187IPE270820200104407101-09
313813,28/08/2020,18:02:09,28/08/2020,001023IPE280820200104407110-91
314381,31/08/2020,19:17:21,31/08/2020,024112IPE310820200104407411-78
314440,31/08/2020,20:16:31,31/08/2020,024929IPE310820200104407412-47
314443,31/08/2020,20:19:25,31/08/2020,024929IPE310820200104407412-44
314314,31/08/2020,18:39:02,31/08/2020,021431IPE310820200104407411-21
314050,31/08/2020,08:25:30,31/08/2020,021610IPE310820200104407405-35
314488,31/08/2020,21:21:51,31/08/2020,018821IPE310820200104407413-32
314991,01/09/2020,19:14:18,01/09/2020,008133IPE010920200104407511-72
314586,01/09/2020,08:00:41,01/09/2020,019569IPE010920200104407505-21
314579,01/09/2020,06:14:01,31/08/2020,023310IPE310820200104407503-75
315032,01/09/2020,20:13:45,01/09/2020,019992IPE010920200104407512-58
314592,01/09/2020,08:54:33,01/09/2020,014460IPE010920200104407505-67
315229,02/09/2020,06:46:30,02/09/2020,002437IPE020920200104407604-36
315845,03/09/2020,22:17:15,03/09/2020,013986IPE030920200104407713-52
316088,04/09/2020,18:41:16,04/09/2020,019739IPE040920200104407811-37
316174,07/09/2020,21:22:30,07/09/2020,011312IPE070920200104408113-12
316175,07/09/2020,21:28:48,07/09/2020,024929IPE070920200104408113-36
316178,07/09/2020,21:33:25,07/09/2020,017671IPE070920200104408113-18
316173,07/09/2020,20:26:35,07/09/2020,004170IPE070920200104408112-61
316176,07/09/2020,21:31:34,07/09/2020,024929IPE070920200104408113-25
316637,08/09/2020,21:33:21,08/09/2020,019836IPE080920200104408213-14
316198,08/09/2020,08:46:40,08/09/2020,024392IPE080920200104408205-66
316986,09/09/2020,21:11:09,09/09/2020,019836IPE090920200104408312-80
316661,09/09/2020,00:30:47,08/09/2020,011312IPE080920200104408300-77
317275,10/09/2020,18:07:11,10/09/2020,024112IPE100920200104408410-98
317034,10/09/2020,09:01:11,10/09/2020,022187IPE100920200104408405-52
317285,10/09/2020,18:08:42,10/09/2020,024821IPE100920200104408411-30
317024,10/09/2020,08:30:12,10/09/2020,019569IPE100920200104408405-22
317325,10/09/2020,18:33:25,10/09/2020,004820IPE100920200104408411-38
317720,11/09/2020,20:26:48,11/09/2020,019992IPE110920200104408512-74
317533,11/09/2020,09:03:03,10/09/2020,004170IPE100920200204411311-66
317735,11/09/2020,23:44:24,11/09/2020,024295IPE110920200104408514-48
317946,14/09/2020,23:07:39,14/09/2020,020931IPE140920200104408814-26
317938,14/09/2020,21:38:54,14/09/2020,009512IPE140920200104408813-52
317788,14/09/2020,08:58:28,14/09/2020,021016IPE140920200104408805-66
317967,15/09/2020,09:24:42,15/09/2020,004820IPE150920200104408906-06
318279,15/09/2020,22:56:23,15/09/2020,014460IPE150920200104408913-99
318419,16/09/2020,18:42:29,16/09/2020,018821IPE160920200104409011-51
318287,16/09/2020,08:31:51,15/09/2020,012653IPE150920200204408913-61
318720,17/09/2020,20:53:24,17/09/2020,023310IPE170920200104409112-77
318523,17/09/2020,07:57:55,17/09/2020,018465IPE170920200104409105-32
318682,17/09/2020,19:39:25,17/09/2020,022187IPE170920200104409112-04
318723,17/09/2020,21:12:06,17/09/2020,009512IPE170920200104409112-78
318638,17/09/2020,18:48:43,15/09/2020,005258IPE150920200204408911-95
318737,18/09/2020,00:53:57,18/09/2020,014460IPE180920200104409201-10
318899,18/09/2020,17:30:43,18/09/2020,013986IPE180920200104409210-93
318758,18/09/2020,08:26:26,18/09/2020,022470IPE180920200104409205-32
319099,21/09/2020,09:09:40,21/09/2020,004030IPE210920200104409505-89
319305,21/09/2020,19:29:09,21/09/2020,001023IPE210920200104409511-78
319101,21/09/2020,09:12:02,21/09/2020,004030IPE210920200104409505-54
319460,22/09/2020,18:01:23,22/09/2020,001023IPE220920200104409611-04
319774,23/09/2020,21:58:23,23/09/2020,023310IPE230920200104409713-41
319571,23/09/2020,08:58:53,23/09/2020,024910IPE230920200104409705-91
319555,23/09/2020,01:19:34,22/09/2020,019739IPE220920200104409701-13
319897,24/09/2020,17:26:18,24/09/2020,024821IPE240920200104409810-64
319961,25/09/2020,09:25:05,25/09/2020,009512IPE250920200104409905-70
320128,25/09/2020,21:34:50,25/09/2020,014443IPE250920200104409913-44
320876,28/09/2020,22:16:42,28/09/2020,024929IPE280920200104410213-78
320659,28/09/2020,08:22:34,28/09/2020,009512IPE280920200104410205-36
320878,28/09/2020,22:19:58,28/09/2020,024929IPE280920200104410213-97
320683,28/09/2020,13:43:26,28/09/2020,019836IPE280920200104410208-49
320672,28/09/2020,09:30:08,28/09/2020,020010IPE280920200104410205-78
321018,29/09/2020,18:58:37,29/09/2020,024910IPE290920200104410311-75
321047,29/09/2020,20:30:07,29/09/2020,005258IPE290920200104410312-37
321335,30/09/2020,23:55:21,30/09/2020,019550IPE300920200104410414-56
321070,30/09/2020,07:53:14,30/09/2020,009512IPE300920200104410404-87
321333,30/09/2020,23:53:19,30/09/2020,024783IPE300920200104410414-52
321332,30/09/2020,23:52:08,30/09/2020,024783IPE300920200104410414-40
321192,30/09/2020,18:03:14,30/09/2020,001023IPE300920200104410410-97
321280,30/09/2020,19:39:01,30/09/2020,009512IPE300920200104410411-80
321202,30/09/2020,18:12:41,30/09/2020,018660IPE300920200104410411-33
321210,30/09/2020,18:20:59,30/09/2020,020540IPE300920200104410411-59
321352,01/10/2020,08:52:14,01/10/2020,024783IPE011020200104410505-46
321468,01/10/2020,18:24:51,01/10/2020,017671IPE011020200104410511-55
321480,01/10/2020,18:32:47,01/10/2020,009512IPE011020200104410511-59
321795,02/10/2020,18:47:21,02/10/2020,009512IPE021020200104410611-48
321746,02/10/2020,17:23:44,02/10/2020,013986IPE021020200104410610-87
322217,05/10/2020,19:32:08,05/10/2020,024929IPE051020200104410911-80
322220,05/10/2020,19:35:25,05/10/2020,024929IPE051020200104410912-00
321960,05/10/2020,08:59:39,05/10/2020,020931IPE051020200104410905-78
322567,06/10/2020,20:38:55,06/10/2020,013986IPE061020200104411012-93
322283,06/10/2020,09:09:06,06/10/2020,011312IPE061020200104411005-55
322508,06/10/2020,19:32:55,06/10/2020,024112IPE061020200104411012-27
322994,07/10/2020,19:38:33,07/10/2020,019569IPE071020200104411112-11
322924,07/10/2020,18:22:51,07/10/2020,018821IPE071020200104411111-53
323326,08/10/2020,17:52:33,08/10/2020,019992IPE081020200104411211-05
323349,08/10/2020,18:13:06,08/10/2020,020931IPE081020200104411210-99
323323,08/10/2020,17:50:46,08/10/2020,019992IPE081020200104411211-16
323466,08/10/2020,21:35:45,08/10/2020,019739IPE081020200104411213-40
323496,09/10/2020,00:52:30,08/10/2020,024783IPE081020200104411300-82
323508,09/10/2020,08:09:38,09/10/2020,024783IPE091020200104411305-27
324051,09/10/2020,20:57:32,09/10/2020,024821IPE091020200104411312-89
323506,09/10/2020,08:01:56,09/10/2020,019569IPE091020200104411305-37
324419,13/10/2020,21:50:01,13/10/2020,009512IPE131020200104411713-11
324935,15/10/2020,18:05:57,15/10/2020,023159IPE151020200104411911-42
324978,15/10/2020,19:05:28,15/10/2020,004030IPE151020200104411911-73
324666,15/10/2020,10:23:15,15/10/2020,012653IPE151020200104411906-38
324963,15/10/2020,18:54:42,15/10/2020,012653IPE151020200104411911-76
325065,16/10/2020,09:22:43,16/10/2020,012653IPE161020200104412006-05
325048,16/10/2020,06:39:28,16/10/2020,017671IPE161020200104412004-27
325059,16/10/2020,08:51:20,16/10/2020,009512IPE161020200104412005-51
325911,19/10/2020,18:23:04,19/10/2020,004030IPE191020200104412311-07
326120,20/10/2020,01:34:09,19/10/2020,023310IPE191020200104412401-03
326463,20/10/2020,19:38:43,20/10/2020,019992IPE201020200104412412-21
326408,20/10/2020,18:42:20,20/10/2020,009512IPE201020200104412411-42
327649,23/10/2020,21:17:12,23/10/2020,018821IPE231020200104412712-89
327512,23/10/2020,18:08:03,23/10/2020,023159IPE231020200104412710-91
327549,23/10/2020,18:35:43,23/10/2020,023159IPE231020200104412711-58
327273,23/10/2020,08:43:00,23/10/2020,009512IPE231020200104412705-23
327757,26/10/2020,18:05:37,26/10/2020,019836IPE261020200104413011-22
327852,26/10/2020,19:59:36,26/10/2020,002437IPE261020200104413012-35
327659,26/10/2020,07:46:18,26/10/2020,012653IPE261020200104413004-84
327681,26/10/2020,09:41:00,26/10/2020,024112IPE261020200104413005-81
328017,27/10/2020,18:54:02,27/10/2020,024813IPE271020200104413111-36
328013,27/10/2020,18:43:25,27/10/2020,019739IPE271020200104413111-48
328147,27/10/2020,23:27:11,27/10/2020,019992IPE271020200104413114-18
328164,28/10/2020,07:51:37,28/10/2020,009512IPE281020200104413205-08
328478,28/10/2020,21:57:56,28/10/2020,017450IPE281020200104413213-73
328401,28/10/2020,20:22:02,28/10/2020,004170IPE281020200104413212-24
328450,28/10/2020,21:21:54,28/10/2020,024295IPE281020200104413213-35
328516,29/10/2020,10:03:59,29/10/2020,024910IPE291020200104413306-62
329030,30/10/2020,19:27:01,30/10/2020,002437IPE301020200104413411-68
329028,30/10/2020,19:24:35,30/10/2020,002437IPE301020200104413411-99
329298,03/11/2020,18:24:41,03/11/2020,019348IPE031120200104413811-45
329090,03/11/2020,07:31:01,03/11/2020,017671IPE031120200104413804-52
329396,03/11/2020,22:00:12,03/11/2020,022187IPE031120200104413813-32
329300,03/11/2020,18:26:20,03/11/2020,024392IPE031120200104413811-26
329107,03/11/2020,08:37:44,03/11/2020,015253IPE031120200104413805-61
329428,04/11/2020,08:39:27,04/11/2020,009512IPE041120200104413905-46
329456,04/11/2020,09:47:04,04/11/2020,019569IPE041120200104413905-91
329446,04/11/2020,09:20:28,04/11/2020,007617IPE041120200104413905-88
329955,05/11/2020,06:48:07,05/11/2020,001023IPE051120200104414004-15
329971,05/11/2020,09:07:34,05/11/2020,022187IPE051120200104414005-81
330262,05/11/2020,21:42:11,05/11/2020,020494IPE051120200104414013-13
330769,06/11/2020,19:50:26,06/11/2020,020745IPE061120200104414112-16
330698,06/11/2020,18:35:45,06/11/2020,009512IPE061120200104414111-60
330807,09/11/2020,00:18:02,08/11/2020,024112IPE081120200104414400-20
330808,09/11/2020,07:22:02,09/11/2020,024392IPE091120200104414404-44
330822,09/11/2020,08:35:56,09/11/2020,001023IPE091120200104414405-71
331965,10/11/2020,18:35:30,10/11/2020,022187IPE101120200104414511-45
332486,11/11/2020,18:40:15,11/11/2020,020788IPE111120200104414611-35
332770,12/11/2020,16:02:53,12/11/2020,019739IPE121120200104414710-15
332929,12/11/2020,19:10:59,12/11/2020,024783IPE121120200104414712-09
333046,12/11/2020,21:27:52,12/11/2020,020087IPE121120200104414713-39
332689,12/11/2020,12:40:43,12/11/2020,019739IPE121120200104414708-03
333028,12/11/2020,20:55:52,12/11/2020,014443IPE121120200104414713-07
333066,12/11/2020,22:03:45,12/11/2020,024112IPE121120200104414713-68
332883,12/11/2020,18:47:41,12/11/2020,021610IPE121120200104414711-68
333385,13/11/2020,18:26:39,13/11/2020,015253IPE131120200104414811-45
333104,13/11/2020,08:11:56,13/11/2020,017973IPE131120200104414805-47
333580,16/11/2020,08:24:43,16/11/2020,009512IPE161120200104415105-47
333593,16/11/2020,09:00:19,16/11/2020,024112IPE161120200104415105-59
333827,16/11/2020,18:38:24,16/11/2020,020532IPE161120200104415111-42
334586,18/11/2020,20:06:55,18/11/2020,018821IPE181120200104415312-61
334614,18/11/2020,21:16:50,18/11/2020,019992IPE181120200104415313-26
334547,18/11/2020,18:17:02,18/11/2020,007617IPE181120200104415310-99
334556,18/11/2020,18:37:54,18/11/2020,019569IPE181120200104415311-71
334693,19/11/2020,06:01:54,19/11/2020,022187IPE191120200104415404-15
334699,19/11/2020,09:11:58,19/11/2020,003980IPE191120200104415406-09
334850,19/11/2020,18:42:11,19/11/2020,024392IPE191120200104415411-33
334876,19/11/2020,22:08:10,19/11/2020,023310IPE191120200104415413-38
334835,19/11/2020,18:36:27,19/11/2020,004030IPE191120200104415411-43
334700,19/11/2020,09:16:24,19/11/2020,008656IPE191120200104415405-80
335116,23/11/2020,07:30:08,23/11/2020,017671IPE231120200104415804-58
335369,23/11/2020,23:00:43,23/11/2020,017450IPE231120200104415814-23
335538,24/11/2020,18:24:04,24/11/2020,001023IPE241120200104415911-08
335893,25/11/2020,18:26:17,25/11/2020,017671IPE251120200104416011-23
336018,25/11/2020,23:20:11,25/11/2020,009512IPE251120200104416014-11
336217,26/11/2020,18:32:25,26/11/2020,012653IPE261120200104416111-37
336036,26/11/2020,09:10:05,26/11/2020,004820IPE261120200104416105-55
336243,26/11/2020,19:16:19,26/11/2020,011312IPE261120200104416111-75
336239,26/11/2020,19:13:20,26/11/2020,011312IPE261120200104416111-73
336197,26/11/2020,18:12:44,26/11/2020,019348IPE261120200104416111-36
336042,26/11/2020,09:56:33,26/11/2020,024295IPE261120200204416105-26
336201,26/11/2020,18:14:56,26/11/2020,019348IPE261120200104416111-50
336241,26/11/2020,19:13:24,26/11/2020,020745IPE261120200104416111-77
336292,26/11/2020,21:47:36,26/11/2020,018821IPE261120200104416113-43
336187,26/11/2020,18:06:15,26/11/2020,023159IPE261120200104416111-01
336327,27/11/2020,08:17:30,27/11/2020,013986IPE271120200104416205-27
336527,27/11/2020,18:21:11,27/11/2020,019992IPE271120200104416211-12
336356,27/11/2020,09:35:24,27/11/2020,019836IPE271120200104416205-99
336560,27/11/2020,20:24:07,27/11/2020,011312IPE271120200104416212-31
336521,27/11/2020,18:08:06,27/11/2020,001023IPE271120200104416210-94
336595,30/11/2020,07:39:37,30/11/2020,012653IPE301120200104416504-96
336609,30/11/2020,08:57:20,30/11/2020,007617IPE301120200104416505-57
336795,30/11/2020,19:29:57,30/11/2020,020982IPE301120200104416512-26
336658,30/11/2020,11:13:47,29/11/2020,023957IPE291120200104416507-20
336787,30/11/2020,19:06:26,30/11/2020,002437IPE301120200104416511-72
336806,30/11/2020,21:33:53,30/11/2020,020087IPE301120200104416513-46
337325,02/12/2020,20:03:01,02/12/2020,020516IPE021220200104416712-04
337063,02/12/2020,09:14:39,02/12/2020,004820IPE021220200104416705-93
337076,02/12/2020,10:57:03,02/12/2020,004170IPE021220200204387305-70
337433,03/12/2020,09:53:42,03/12/2020,019348IPE031220200104416806-35
338016,04/12/2020,18:42:53,04/12/2020,022187IPE041220200104416911-75
337789,04/12/2020,09:36:21,04/12/2020,019836IPE041220200104416905-97
337978,04/12/2020,18:13:27,04/12/2020,021610IPE041220200104416911-20
337790,04/12/2020,09:37:59,04/12/2020,023485IPE041220200104416906-36
338031,04/12/2020,19:32:54,04/12/2020,009512IPE041220200104416912-26
337994,04/12/2020,18:23:26,04/12/2020,020010IPE041220200104416911-29
338379,07/12/2020,18:25:02,07/12/2020,007617IPE071220200104417211-07
338139,07/12/2020,08:22:20,07/12/2020,024910IPE071220200104417205-22
338136,07/12/2020,06:18:18,07/12/2020,019569IPE071220200104417203-96
338137,07/12/2020,08:01:27,07/12/2020,019569IPE071220200104417205-08
338155,07/12/2020,09:31:19,07/12/2020,019569IPE071220200104417205-90
338533,08/12/2020,10:11:23,08/12/2020,016292IPE081220200204405506-43
339160,09/12/2020,18:29:09,09/12/2020,001023IPE091220200104417411-18
339243,09/12/2020,19:46:56,09/12/2020,023264IPE091220200104417412-42
339309,09/12/2020,21:19:44,09/12/2020,009512IPE091220200104417413-23
339971,10/12/2020,19:46:50,10/12/2020,019739IPE101220200104417512-36
339413,10/12/2020,09:04:21,10/12/2020,004030IPE101220200104417505-65
339751,10/12/2020,18:12:03,10/12/2020,024910IPE101220200104417510-95
339806,10/12/2020,18:27:21,10/12/2020,021610IPE101220200104417511-28
339814,10/12/2020,18:28:51,10/12/2020,021610IPE101220200104417511-59
339820,10/12/2020,18:31:49,10/12/2020,021610IPE101220200104417511-60
340572,11/12/2020,19:08:48,11/12/2020,009512IPE111220200104417611-96
340769,14/12/2020,05:37:04,14/12/2020,025372IPE141220200104417903-41
341116,14/12/2020,18:46:00,14/12/2020,017671IPE141220200104417911-26
341106,14/12/2020,18:37:01,14/12/2020,024929IPE141220200104417911-18
340792,14/12/2020,09:04:33,14/12/2020,024910IPE141220200104417905-77
340778,14/12/2020,08:07:48,14/12/2020,017973IPE141220200104417905-35
341118,14/12/2020,18:48:44,14/12/2020,011312IPE141220200104417911-72
341110,14/12/2020,18:39:49,14/12/2020,024929IPE141220200104417911-68
341805,15/12/2020,20:57:01,15/12/2020,019992IPE151220200104418012-58
341769,15/12/2020,19:23:41,15/12/2020,013986IPE151220200104418012-04
341781,15/12/2020,19:41:21,15/12/2020,022187IPE151220200104418012-02
342126,16/12/2020,19:11:47,16/12/2020,024112IPE161220200104418111-98
342191,16/12/2020,20:17:34,16/12/2020,023310IPE161220200104418112-51
342064,16/12/2020,18:30:38,16/12/2020,000906IPE161220200104418111-48
341847,16/12/2020,08:58:04,16/12/2020,004170IPE161220200104418105-42
342449,17/12/2020,18:38:16,17/12/2020,018821IPE171220200104418211-34
342509,17/12/2020,20:27:51,17/12/2020,019836IPE171220200104418212-78
342427,17/12/2020,18:16:58,17/12/2020,014320IPE171220200104418211-54
342279,17/12/2020,09:32:24,17/12/2020,019836IPE171220200204418205-79
342523,17/12/2020,22:09:29,17/12/2020,015253IPE171220200104418213-58
342429,17/12/2020,18:18:12,17/12/2020,009512IPE171220200104418211-10
342424,17/12/2020,18:14:13,17/12/2020,009512IPE171220200104418211-07
342521,17/12/2020,21:12:29,16/12/2020,024295IPE161220200104418213-01
342280,17/12/2020,09:34:34,17/12/2020,023485IPE171220200204418205-89
342800,18/12/2020,18:32:53,18/12/2020,024295IPE181220200104418311-65
342540,18/12/2020,08:30:32,18/12/2020,009512IPE181220200104418305-42
342858,18/12/2020,19:45:38,18/12/2020,002437IPE181220200104418312-23
343192,21/12/2020,20:59:59,21/12/2020,022187IPE211220200104418613-18
342940,21/12/2020,08:26:34,21/12/2020,017973IPE211220200104418605-40
343119,21/12/2020,18:28:06,21/12/2020,020982IPE211220200104418611-14
343190,21/12/2020,20:48:24,21/12/2020,018821IPE211220200104418612-72
342934,21/12/2020,06:05:34,21/12/2020,019569IPE211220200104418603-99
343492,22/12/2020,20:00:38,22/12/2020,009512IPE221220200104418712-38
343494,22/12/2020,20:07:05,22/12/2020,004820IPE221220200104418712-12
343468,22/12/2020,19:03:08,22/12/2020,002437IPE221220200104418711-51
343780,23/12/2020,23:28:14,23/12/2020,002437IPE231220200304418812-49
343755,23/12/2020,19:50:00,23/12/2020,000906IPE231220200104418811-90
343666,23/12/2020,18:01:17,23/12/2020,009512IPE231220200104418810-98
343578,23/12/2020,14:40:30,23/12/2020,009512IPE231220200104418809-10
343521,23/12/2020,08:22:54,23/12/2020,009512IPE231220200104418805-56
343576,23/12/2020,14:39:50,23/12/2020,007617IPE231220200104418809-29
343675,23/12/2020,18:07:05,23/12/2020,009512IPE231220200104418810-92
343905,24/12/2020,18:40:35,24/12/2020,020494IPE241220200104418911-55
343892,24/12/2020,14:54:29,24/12/2020,022187IPE241220200104418909-23
344094,28/12/2020,20:12:36,28/12/2020,018821IPE281220200104419312-48
344069,28/12/2020,18:36:49,28/12/2020,015784IPE281220200204419311-37
343925,28/12/2020,09:07:00,28/12/2020,019739IPE281220200104419305-47
343928,28/12/2020,09:18:05,28/12/2020,024813IPE281220200104419305-63
344613,30/12/2020,20:16:55,30/12/2020,019836IPE301220200104419512-71
344511,30/12/2020,18:13:38,30/12/2020,023159IPE301220200104419511-31
344523,30/12/2020,18:25:24,30/12/2020,004820IPE301220200104419511-29
344550,30/12/2020,18:54:09,30/12/2020,012653IPE301220200104419511-43
344685,31/12/2020,16:53:32,31/12/2020,025372IPE311220200104419610-45
344642,31/12/2020,10:28:16,31/12/2020,019348IPE311220200104419606-44
344699,04/01/2021,07:58:59,04/01/2021,024392IPE040120210104420005-37
344955,04/01/2021,20:26:29,04/01/2021,012653IPE040120210104420012-55
345639,07/01/2021,09:10:04,07/01/2021,017973IPE070120210104420305-54
345635,07/01/2021,08:46:37,07/01/2021,004820IPE070120210104420305-63
346131,08/01/2021,16:16:11,08/01/2021,024392IPE080120210104420409-87
345937,08/01/2021,08:03:50,08/01/2021,019569IPE080120210104420405-33
346138,08/01/2021,16:29:19,08/01/2021,024392IPE080120210104420410-08
346306,08/01/2021,19:16:16,08/01/2021,020982IPE080120210104420411-72
346411,11/01/2021,09:06:38,11/01/2021,001023IPE110120210104420705-84
346797,12/01/2021,09:52:46,12/01/2020,018465IPE120120200104420806-38
346953,12/01/2021,18:13:06,12/01/2021,024910IPE120120210104420810-99
347361,14/01/2021,09:24:41,14/01/2021,001023IPE140120210204421005-75
347540,14/01/2021,18:15:59,14/01/2021,019348IPE140120210104421011-54
347349,14/01/2021,04:52:14,13/01/2021,022616IPE130120210104421003-06
347957,15/01/2021,19:41:05,15/01/2021,014443IPE150120210104421111-86
347889,15/01/2021,18:38:59,15/01/2021,015253IPE150120210104421111-77
348070,18/01/2021,09:03:16,18/01/2021,019569IPE180120210104421405-59
348198,18/01/2021,18:11:14,18/01/2021,007617IPE180120210104421411-05
348467,19/01/2021,19:02:47,19/01/2021,018465IPE190120210104421511-89
348461,19/01/2021,18:47:05,18/01/2021,022187IPE180120210204421412-67
348643,20/01/2021,18:12:33,20/01/2021,024910IPE200120210104421611-25
348642,20/01/2021,18:12:12,20/01/2021,020516IPE200120210104421611-04
348726,20/01/2021,22:22:38,20/01/2021,015253IPE200120210104421613-80
349099,21/01/2021,20:36:20,21/01/2021,022187IPE210120210104421712-56
349127,21/01/2021,22:35:34,21/01/2021,022616IPE210120210104421713-89
349443,22/01/2021,19:42:02,22/01/2021,023485IPE220120210104421811-84
349505,22/01/2021,23:33:22,22/01/2021,004030IPE220120210104421814-35
349445,22/01/2021,19:45:55,22/01/2021,019836IPE220120210104421812-40
349565,24/01/2021,21:35:27,24/01/2021,002437IPE240120210104422013-22
349567,24/01/2021,22:56:44,24/01/2021,002437IPE240120210104422014-20
349616,25/01/2021,12:56:37,25/01/2021,024295IPE250120210104422108-13
349582,25/01/2021,08:38:20,25/01/2021,001023IPE250120210104422105-38
349580,25/01/2021,08:31:13,25/01/2021,011312IPE250120210104422105-24
349945,26/01/2021,19:40:03,26/01/2021,024910IPE260120210104422211-83
349917,26/01/2021,18:13:15,26/01/2021,024910IPE260120210104422211-08
349905,26/01/2021,18:03:37,26/01/2021,009512IPE260120210104422211-20
349968,26/01/2021,22:36:38,26/11/2021,002437IPE261120210204422213-06
350531,28/01/2021,20:11:57,28/01/2021,014443IPE280120210104422412-68
350553,29/01/2021,08:30:44,29/01/2021,024929IPE290120210104422505-54
350554,29/01/2021,08:31:30,29/01/2021,024929IPE290120210104422505-41
350549,29/01/2021,08:17:55,28/01/2021,022187IPE280120210104422505-52
350555,29/01/2021,08:32:19,29/01/2021,017671IPE290120210104422505-31
350811,29/01/2021,18:23:06,29/01/2021,021431IPE290120210104422511-09
350921,30/01/2021,19:45:22,30/01/2021,024910IPE300120210104422612-07
350929,31/01/2021,19:25:34,31/01/2021,020982IPE310120210104422711-99
350933,31/01/2021,20:08:50,31/01/2021,019348IPE310120210104422712-58
350968,01/02/2021,08:20:23,01/12/2021,009512IPE011220210104422805-23
351294,01/02/2021,20:06:48,01/02/2021,019348IPE010220210104422812-54
350977,01/02/2021,09:11:06,01/02/2021,007617IPE010220210104422805-57
351510,02/02/2021,18:15:46,02/02/2021,020532IPE020220210104422911-41
351497,02/02/2021,18:04:00,02/02/2021,009512IPE020220210104422910-84
351340,02/02/2021,07:44:49,02/02/2021,019348IPE020220210104422905-13
351509,02/02/2021,18:15:43,02/02/2021,020532IPE020220210104422911-38
352006,03/02/2021,22:46:22,03/02/2021,014443IPE030220210104423013-88
351913,03/02/2021,19:10:44,03/02/2021,000906IPE030220210104423011-94
351916,03/02/2021,19:15:04,03/02/2021,000906IPE030220210104423011-59
351919,03/02/2021,19:18:47,03/02/2021,000906IPE030220210104423012-05
351896,03/02/2021,18:49:10,03/02/2021,016659IPE030220210104423011-39
351791,03/02/2021,14:44:50,03/02/2021,004170IPE030220210204425708-89
352071,04/02/2021,10:24:45,04/02/2021,004170IPE040220210104423106-69
352438,04/02/2021,21:30:43,04/02/2021,024783IPE040220210104423113-33
352033,04/02/2021,08:27:46,04/02/2021,024295IPE040220210104423105-53
352401,04/02/2021,19:19:48,04/02/2021,011312IPE040220210104423112-07
352035,04/02/2021,09:02:04,04/02/2021,004820IPE040220210104423105-46
352907,05/02/2021,20:11:41,05/02/2021,009512IPE050220210104423212-52
352848,05/02/2021,18:55:14,05/02/2021,009512IPE050220210104423211-49
352910,05/02/2021,20:14:21,05/02/2021,019836IPE050220210104423212-35
352795,05/02/2021,18:18:58,05/02/2021,022187IPE050220210104423211-56
352845,05/02/2021,18:52:46,05/02/2021,009512IPE050220210104423211-78
352466,05/02/2021,09:59:28,02/02/2021,024295IPE020220210204422905-17
352456,05/02/2021,08:40:08,05/02/2021,024295IPE050220210104423205-28
353032,07/02/2021,16:05:06,07/02/2021,020982IPE070220210104423409-71
353498,08/02/2021,20:37:24,08/02/2021,002437IPE080220210104423512-61
353065,08/02/2021,08:05:56,08/02/2021,009512IPE080220210104423505-41
353076,08/02/2021,08:42:25,08/02/2021,019836IPE080220210104423505-47
353050,08/02/2021,06:58:13,08/02/2021,023159IPE080220210104423504-31
353996,09/02/2021,19:14:56,09/02/2021,009512IPE090220210104423612-10
353597,09/02/2021,01:10:54,09/02/2021,014443IPE090220210104423601-24
353620,09/02/2021,09:09:07,08/02/2021,023310IPE080220210204444105-40
353994,09/02/2021,19:13:47,09/02/2021,001023IPE090220210104423612-00
354256,10/02/2021,04:01:02,09/01/2021,024910IPE090120210104423702-43
354685,10/02/2021,18:25:11,10/02/2021,013986IPE100220210104423711-16
355403,11/02/2021,19:19:39,11/02/2021,019569IPE110220210104423811-98
355567,11/02/2021,23:52:54,11/02/2021,019836IPE110220210104423814-86
355380,11/02/2021,18:51:24,11/02/2021,001023IPE110220210104423811-55
355443,11/02/2021,20:22:54,11/02/2021,004030IPE110220210104423812-76
355427,11/02/2021,19:58:24,11/02/2021,004170IPE110220210104423812-22
355384,11/02/2021,18:52:57,11/02/2021,001023IPE110220210104423811-89
355732,12/02/2021,07:53:37,12/02/2021,014320IPE120220210104423905-10
355737,12/02/2021,08:00:11,12/02/2021,019569IPE120220210104423904-91
356690,15/02/2021,23:15:10,15/02/2021,024392IPE150220210104424214-05
356802,17/02/2021,09:20:54,17/02/2021,004820IPE170220210104424406-14
356813,17/02/2021,10:33:50,17/02/2021,004030IPE170220210104424406-83
357840,18/02/2021,18:14:10,18/02/2021,024910IPE180220210104424511-04
357842,18/02/2021,18:15:20,18/02/2021,024910IPE180220210104424511-15
357888,18/02/2021,23:25:41,18/02/2021,011312IPE180220210104424514-46
358488,19/02/2021,21:01:40,19/02/2021,009512IPE190220210104424613-01
358410,19/02/2021,19:34:21,19/02/2021,025372IPE190220210104424611-95
359084,22/02/2021,22:59:22,22/02/2021,004030IPE220220210104424914-01
359059,22/02/2021,20:15:52,22/02/2021,001023IPE220220210104424912-67
359016,22/02/2021,18:49:34,22/02/2021,007617IPE220220210204424911-30
358998,22/02/2021,18:29:10,22/02/2021,007617IPE220220210104424911-19
359074,22/02/2021,20:52:54,22/02/2021,025372IPE220220210104424913-06
359076,22/02/2021,20:59:08,22/02/2021,017973IPE220220210104424912-67
358751,22/02/2021,09:52:30,22/02/2021,017973IPE220220210104424906-22
359438,23/02/2021,16:43:49,23/02/2021,024929IPE230220210104425010-52
359596,23/02/2021,20:04:45,23/02/2021,002437IPE230220210204425011-55
359516,23/02/2021,18:41:05,23/02/2021,009512IPE230220210104425011-26
359437,23/02/2021,16:42:33,23/02/2021,024929IPE230220210104425010-35
359625,23/02/2021,23:08:46,23/02/2021,018821IPE230220210104425014-34
360099,24/02/2021,20:50:12,24/02/2021,009512IPE240220210104425112-62
360112,24/02/2021,21:08:24,24/02/2021,009512IPE240220210104425112-92
359775,24/02/2021,08:47:16,24/02/2021,008656IPE240220210104425105-43
359774,24/02/2021,08:46:50,24/02/2021,003980IPE240220210104425105-76
359996,24/02/2021,18:55:49,24/02/2021,018465IPE240220210104425111-84
360742,25/02/2021,21:29:40,25/02/2021,004170IPE250220210104425213-29
360617,25/02/2021,18:32:44,25/02/2021,019739IPE250220210104425211-56
360570,25/02/2021,18:03:01,25/02/2021,019348IPE250220210104425210-84
360743,25/02/2021,21:30:13,25/02/2021,018821IPE250220210104425213-03
360732,25/02/2021,20:52:30,25/02/2021,018660IPE250220210104425212-82
360618,25/02/2021,18:33:36,25/02/2021,020532IPE250220210104425211-49
360307,25/02/2021,08:52:03,25/02/2021,024295IPE250220210104425205-35
360270,25/02/2021,03:31:37,25/02/2021,023264IPE250220210104425202-48
360560,25/02/2021,18:00:25,25/02/2021,017329IPE250220210104425211-05
360739,25/02/2021,21:25:11,25/02/2021,004170IPE250220210104425212-96
361442,26/02/2021,19:02:12,26/02/2021,021431IPE260220210104425311-54
361391,26/02/2021,18:29:13,26/02/2021,001023IPE260220210104425311-22
361479,26/02/2021,19:42:09,26/02/2021,001023IPE260220210104425311-91
361681,27/02/2021,23:35:00,27/02/2021,024392IPE270220210104425414-15
362214,01/03/2021,23:11:06,01/03/2021,020494IPE010320210104425613-97
362126,01/03/2021,21:18:08,01/03/2021,019836IPE010320210104425612-86
362127,01/03/2021,21:21:27,01/03/2021,023485IPE010320210104425613-08
361771,01/03/2021,09:54:12,28/02/2021,020982IPE280220210204425511-71
362651,02/03/2021,21:43:34,02/03/2021,009512IPE020320210104425713-37
362580,02/03/2021,18:47:13,02/03/2021,015253IPE020320210104425711-40
362559,02/03/2021,18:20:28,02/03/2021,017671IPE020320210104425711-28
362660,02/03/2021,23:08:13,02/03/2021,004170IPE020320210104425714-01
362430,02/03/2021,09:33:13,02/03/2021,019836IPE020320210104425705-86
363178,03/03/2021,21:28:18,03/03/2021,019739IPE030320210104425813-06
363182,03/03/2021,21:39:22,03/03/2021,024813IPE030320210104425813-21
363284,04/03/2021,08:54:44,04/03/2021,024929IPE040320210104425905-78
363281,04/03/2021,08:42:30,04/03/2021,017450IPE040320210104425905-52
363285,04/03/2021,08:55:55,04/03/2021,024929IPE040320210104425905-90
363622,04/03/2021,23:30:40,04/03/2021,020494IPE040320210104425914-50
363549,04/03/2021,19:39:29,04/03/2021,021610IPE040320210104425912-08
363438,04/03/2021,18:09:01,04/03/2021,007617IPE040320210104425910-90
363556,04/03/2021,19:42:43,04/03/2021,024783IPE040320210104425912-25
363443,04/03/2021,18:10:35,04/03/2021,022187IPE040320210104425911-25
364229,07/03/2021,19:24:44,07/03/2021,020982IPE070320210104426212-08
364521,08/03/2021,19:15:30,08/03/2021,015253IPE080320210104426311-85
364543,08/03/2021,19:41:08,08/03/2021,019569IPE080320210104426311-89
364234,08/03/2021,08:04:33,08/03/2021,009512IPE080320210104426305-17
364638,09/03/2021,08:50:21,09/03/2021,020788IPE090320210104426405-51
364845,09/03/2021,18:05:16,09/03/2021,019992IPE090320210104426411-01
365232,10/03/2021,08:26:25,10/03/2021,009512IPE100320210104426505-31
365768,10/03/2021,20:45:19,10/03/2021,024112IPE100320210104426512-64
366156,11/03/2021,19:09:46,11/03/2021,024295IPE110320210104426611-95
366770,12/03/2021,19:29:58,12/03/2021,018821IPE120320210104426712-27
367072,15/03/2021,08:33:19,15/03/2021,011312IPE150320210104427005-32
367264,15/03/2021,19:08:53,15/03/2021,002437IPE150320210104427012-01
367277,15/03/2021,19:36:24,15/03/2021,019569IPE150320210104427012-00
367087,15/03/2021,09:34:55,15/03/2021,019569IPE150320210104427006-29
367734,16/03/2021,17:30:49,16/03/2021,017671IPE160320210104427110-99
367885,16/03/2021,21:21:04,16/03/2021,014443IPE160320210104427112-85
367815,16/03/2021,19:13:45,16/03/2021,019348IPE160320210204427111-29
368158,17/03/2021,18:03:21,17/03/2021,017329IPE170320210104427211-04
368723,18/03/2021,21:00:31,18/03/2021,023264IPE180320210104427312-91
368686,18/03/2021,19:36:15,15/03/2021,002437IPE150320210204427011-68
368616,18/03/2021,18:12:35,18/03/2021,007617IPE180320210104427311-27
368596,18/03/2021,18:00:30,18/03/2021,001023IPE180320210104427311-10
368392,18/03/2021,08:01:15,18/03/2021,019569IPE180320210104427304-96
369224,19/03/2021,23:18:26,19/03/2021,002437IPE190320210104427414-24
368928,19/03/2021,09:25:08,19/03/2021,019569IPE190320210104427405-73
369585,22/03/2021,21:32:07,22/03/2021,004030IPE220320210104427712-99
369447,22/03/2021,17:58:08,22/03/2021,020982IPE220320210104427710-86
369700,23/03/2021,08:44:10,23/03/2021,024295IPE230320210104427805-34
369908,23/03/2021,19:06:18,23/03/2021,018821IPE230320210104427811-64
369717,23/03/2021,09:11:15,23/03/2021,020494IPE230320210104427805-66
370083,24/03/2021,09:29:21,24/03/2021,013986IPE240320210104427905-90
370067,24/03/2021,08:34:34,24/03/2021,018821IPE240320210104427905-48
370181,24/03/2021,17:25:21,24/03/2021,019569IPE240320210104427910-66
370220,24/03/2021,18:08:43,24/03/2021,009512IPE240320210104427911-31
370020,24/03/2021,02:19:29,24/03/2021,019569IPE240320210104427901-68
370376,24/03/2021,21:27:07,24/03/2021,009512IPE240320210104427912-94
370344,24/03/2021,20:33:30,24/03/2021,019569IPE240320210104427912-63
370278,24/03/2021,19:10:07,24/03/2021,009512IPE240320210104427911-57
370375,24/03/2021,21:26:30,24/03/2021,019739IPE240320210104427913-16
370409,25/03/2021,00:04:18,24/03/2021,002437IPE240320210204427914-47
370729,25/03/2021,18:32:49,25/03/2021,020982IPE250320210104428011-61
370726,25/03/2021,18:28:21,25/03/2021,022187IPE250320210104428011-29
371414,26/03/2021,19:24:11,26/03/2021,019836IPE260320210104428111-75
370934,26/03/2021,01:32:00,25/03/2021,020745IPE250320210104428100-92
371534,26/03/2021,21:22:10,26/03/2021,023310IPE260320210104428112-92
371724,28/03/2021,19:52:34,28/03/2021,020982IPE280320210104428312-26
372126,29/03/2021,19:21:36,29/03/2021,004170IPE290320210204428411-61
371851,29/03/2021,11:33:48,29/03/2021,024392IPE290320210104428407-41
372111,29/03/2021,19:17:00,29/03/2021,020494IPE290320210104428411-57
371763,29/03/2021,07:58:30,29/03/2021,001023IPE290320210104428405-08
372966,30/03/2021,19:20:05,30/03/2021,018821IPE300320210104428511-65
372911,30/03/2021,19:01:23,30/03/2021,011312IPE300320210104428511-64
373293,30/03/2021,23:12:17,30/03/2021,024392IPE300320210104428514-09
373457,31/03/2021,08:59:36,31/03/2021,020010IPE310320210104428605-75
374749,01/04/2021,21:54:05,01/04/2021,001023IPE010420210104428713-19
374709,01/04/2021,19:59:22,01/04/2021,004170IPE010420210204420011-73
374990,04/04/2021,19:34:20,04/04/2021,020982IPE040420210104429011-94
375260,05/04/2021,18:27:07,05/04/2021,024821IPE050420210204432011-09
375242,05/04/2021,18:12:39,05/04/2021,022187IPE050420210104429111-31
375484,06/04/2021,03:50:36,05/04/2021,022616IPE050420210104429202-66
376256,07/04/2021,19:47:38,07/04/2021,018821IPE070420210104429312-25
376691,08/04/2021,18:15:40,08/04/2021,020745IPE080420210104429411-35
376475,08/04/2021,09:27:12,08/04/2021,015253IPE080420210104429405-79
377356,09/04/2021,18:50:25,09/04/2021,022616IPE090420210104429511-55
376903,09/04/2021,08:28:20,09/04/2021,021431IPE090420210104429505-28
377574,09/04/2021,23:11:16,09/04/2021,024821IPE090420210204444314-19
376880,09/04/2021,00:11:39,09/04/2021,014443IPE090420210104429500-50
377425,09/04/2021,19:44:00,09/04/2021,009512IPE090420210104429511-84
376936,09/04/2021,09:10:33,09/04/2021,020982IPE090420210104429505-83
378085,12/04/2021,22:17:30,11/04/2021,024392IPE110420210204450412-37
378079,12/04/2021,22:03:14,12/04/2021,009512IPE120420210104429813-37
377993,12/04/2021,19:13:54,12/04/2021,017973IPE120420210104429812-07
377962,12/04/2021,18:30:06,30/03/2021,005258IPE300320210204428511-34
377683,12/04/2021,08:28:03,12/04/2021,011312IPE120420210104429805-11
377979,12/04/2021,18:54:35,12/04/2021,022187IPE120420210104429811-69
377913,12/04/2021,17:38:05,12/04/2021,022187IPE120420210104429810-63
378370,13/04/2021,19:11:57,13/04/2021,019569IPE130420210104429912-08
378380,13/04/2021,19:40:21,13/04/2021,015253IPE130420210104429912-01
378409,13/04/2021,22:09:36,13/04/2021,001023IPE130420210104429913-65
378383,13/04/2021,19:49:00,13/04/2021,025372IPE130420210104429911-89
378417,13/04/2021,22:51:19,13/04/2021,002437IPE130420210104429913-90
378396,13/04/2021,20:24:22,13/04/2021,001023IPE130420210204429912-15
378659,14/04/2021,18:47:58,14/04/2021,009512IPE140420210104430011-85
379008,15/04/2021,18:35:02,15/04/2021,015253IPE150420210104430111-17
379413,16/04/2021,18:01:34,16/04/2021,019348IPE160420210104430211-15
379446,16/04/2021,18:28:03,16/04/2021,009512IPE160420210104430211-11
379298,16/04/2021,14:46:15,16/04/2021,008133IPE160420210104430209-01
379141,16/04/2021,07:20:06,16/04/2021,024783IPE160420210104430204-46
379293,16/04/2021,14:39:22,16/04/2021,009512IPE160420210104430209-01
379609,17/04/2021,14:54:52,17/04/2021,020494IPE170420210104430309-46
379616,18/04/2021,19:16:03,18/04/2021,020982IPE180420210104430411-59
379653,19/04/2021,07:24:53,19/04/2021,008133IPE190420210104430504-97
380466,20/04/2021,22:15:25,20/04/2021,024783IPE200420210104430613-60
380436,20/04/2021,20:33:42,20/04/2021,018821IPE200420210104430612-75
380650,21/04/2021,23:25:12,21/04/2021,024910IPE210420210104430714-17
380611,21/04/2021,18:35:05,21/04/2021,020982IPE210420210104430711-20
380593,21/04/2021,07:23:48,20/04/2021,024392IPE200420210104430704-91
380816,22/04/2021,09:35:47,19/04/2021,007617IPE190420210204430511-18
381213,22/04/2021,21:55:57,22/04/2021,002437IPE220420210104430813-72
381227,22/04/2021,22:16:27,22/04/2021,025372IPE220420210104430813-63
381605,23/04/2021,19:28:55,23/04/2021,000906IPE230420210104430912-23
381613,23/04/2021,19:50:37,23/04/2021,018821IPE230420210104430912-27
381308,23/04/2021,08:09:08,23/04/2021,014320IPE230420210104430904-97
382246,26/04/2021,20:40:26,26/04/2021,018821IPE260420210104431212-66
382788,27/04/2021,20:25:08,27/04/2021,019739IPE270420210104431312-33
382666,27/04/2021,18:16:11,27/04/2021,009512IPE270420210104431311-07
382373,27/04/2021,08:31:32,27/04/2021,007617IPE270420210104431305-43
383632,28/04/2021,22:10:20,28/04/2021,004030IPE280420210104431413-50
382980,28/04/2021,09:00:48,28/04/2021,020010IPE280420210104431405-88
383503,28/04/2021,19:52:59,28/04/2021,009512IPE280420210104431412-51
383539,28/04/2021,20:29:42,28/04/2021,009512IPE280420210104431412-71
383788,29/04/2021,08:13:28,29/04/2021,019569IPE290420210104431505-21
383714,29/04/2021,00:47:30,28/04/2021,019569IPE280420210204431413-74
383816,29/04/2021,09:31:59,28/04/2021,017973IPE280420210104431506-30
383793,29/04/2021,08:26:22,29/04/2021,009512IPE290420210104431505-28
384690,29/04/2021,23:58:58,29/04/2021,008133IPE290420210104431514-96
384493,29/04/2021,19:16:05,29/04/2021,002437IPE290420210104431511-61
386129,30/04/2021,20:11:52,30/04/2021,019836IPE300420210304431611-62
386194,30/04/2021,20:39:05,30/04/2021,009512IPE300420210104431612-44
386042,30/04/2021,19:38:56,30/04/2021,024910IPE300420210104431612-34
385696,30/04/2021,18:13:50,30/04/2021,004820IPE300420210104431611-43
386451,02/05/2021,23:28:34,02/05/2021,014443IPE020520210104431814-42
386477,03/05/2021,08:31:15,03/05/2021,009512IPE030520210104431905-26
386733,03/05/2021,18:38:34,30/04/2021,022187IPE300420210204431613-71
386818,03/05/2021,22:25:31,03/05/2021,024295IPE030520210104431913-76
387250,04/05/2021,19:20:46,04/05/2021,025372IPE040520210104432012-06
387906,05/05/2021,22:14:04,05/05/2021,014443IPE050520210104432113-38
387883,05/05/2021,21:14:24,05/05/2021,024929IPE050520210104432112-98
387884,05/05/2021,21:15:35,05/05/2021,024929IPE050520210104432113-10
387888,05/05/2021,21:20:31,05/05/2021,024929IPE050520210104432113-11
387757,05/05/2021,18:03:39,05/05/2021,012653IPE050520210104432111-22
387896,05/05/2021,21:35:57,05/05/2021,024929IPE050520210104432113-52
388187,06/05/2021,10:59:05,06/05/2021,024112IPE060520210104432206-64
388472,06/05/2021,18:37:45,06/05/2021,001023IPE060520210104432211-62
388555,06/05/2021,21:29:00,06/05/2021,019569IPE060520210104432212-89
388468,06/05/2021,18:36:16,06/05/2021,021610IPE060520210104432211-32
389120,07/05/2021,18:09:35,07/05/2021,024821IPE070520210104432311-24
388802,07/05/2021,09:33:44,07/05/2021,018821IPE070520210104432306-17
389224,07/05/2021,20:03:31,07/05/2021,004030IPE070520210104432312-34
390068,10/05/2021,20:21:05,10/05/2021,011312IPE100520210104432612-26
389869,10/05/2021,18:11:07,10/05/2021,022187IPE100520210104432610-98
390831,11/05/2021,20:43:13,11/05/2021,002437IPE110520210104432712-56
390779,11/05/2021,19:52:27,11/05/2021,024295IPE110520210104432712-19
391469,12/05/2021,21:01:39,12/05/2021,002437IPE120520210104432813-00
391301,12/05/2021,18:02:24,12/05/2021,013986IPE120520210104432811-06
391494,12/05/2021,22:38:25,12/05/2021,021016IPE120520210104432813-83
391297,12/05/2021,18:00:14,12/05/2021,013986IPE120520210104432810-94
391869,13/05/2021,18:01:02,13/05/2021,019348IPE130520210104432910-83
392617,14/05/2021,18:04:00,14/05/2021,007617IPE140520210104433010-84
392239,14/05/2021,08:01:15,14/05/2021,019569IPE140520210104433004-96
392772,14/05/2021,20:36:41,14/05/2021,025372IPE140520210104433012-77
392717,14/05/2021,19:16:46,14/05/2021,019836IPE140520210104433012-02
392754,14/05/2021,19:50:17,14/05/2021,004820IPE140520210104433012-07
392643,14/05/2021,18:18:17,14/05/2021,015253IPE140520210104433011-15
393046,17/05/2021,09:48:11,17/05/2021,016659IPE170520210104433305-99
393550,17/05/2021,23:11:02,17/05/2021,004030IPE170520210104433313-93
393684,18/05/2021,11:20:30,18/05/2021,018465IPE180520210204433406-43
393879,18/05/2021,18:30:09,18/05/2021,018465IPE180520210104433411-19
393826,18/05/2021,17:35:04,18/05/2021,024821IPE180520210204433410-45
394151,19/05/2021,08:30:32,19/05/2021,022616IPE190520210104433505-42
394400,19/05/2021,18:33:01,19/05/2021,018821IPE190520210104433511-14
394148,19/05/2021,07:36:41,18/05/2021,024821IPE180520210104433504-97
394147,19/05/2021,07:34:41,18/05/2021,024821IPE180520210104433504-95
394860,20/05/2021,19:41:11,20/05/2021,009512IPE200520210104433611-92
394806,20/05/2021,17:50:40,20/05/2021,014320IPE200520210104433611-10
394883,20/05/2021,21:20:07,20/05/2021,020745IPE200520210104433612-87
395233,21/05/2021,20:12:35,21/05/2021,019992IPE210520210104433712-47
395194,21/05/2021,18:24:56,21/05/2021,002437IPE210520210104433711-60
395229,21/05/2021,19:53:18,21/05/2021,020788IPE210520210104433712-11
395465,24/05/2021,18:03:57,24/05/2021,016292IPE240520210104434011-40
395522,24/05/2021,22:35:36,24/05/2021,024112IPE240520210104434013-91
396050,26/05/2021,21:42:38,26/05/2021,018821IPE260520210104434213-40
396023,26/05/2021,18:54:31,26/05/2021,002437IPE260520210104434211-65
395870,26/05/2021,08:00:10,26/05/2021,019569IPE260520210104434204-90
395868,26/05/2021,07:10:24,26/05/2021,022616IPE260520210104434204-54
396166,27/05/2021,10:45:39,27/05/2021,022187IPE270520210104434306-84
396145,27/05/2021,08:58:46,26/05/2021,024821IPE260520210104434305-84
396143,27/05/2021,08:53:15,27/05/2021,020982IPE270520210104434305-48
396311,27/05/2021,18:20:15,27/05/2021,020494IPE270520210104434311-15
396846,28/05/2021,22:48:52,28/05/2021,022616IPE280520210104434414-20
396799,28/05/2021,20:10:42,28/05/2021,018821IPE280520210104434412-52
396497,28/05/2021,09:03:53,28/05/2021,007617IPE280520210104434405-96
396738,28/05/2021,18:02:55,28/05/2021,001023IPE280520210104434411-37
396754,28/05/2021,18:15:17,28/05/2021,020982IPE280520210104434411-12
397101,31/05/2021,18:40:27,31/05/2021,018821IPE310520210104434711-47
396969,31/05/2021,08:01:07,31/05/2021,022616IPE310520210104434704-88
397169,31/05/2021,21:51:14,31/05/2021,019836IPE310520210104434713-25
396987,31/05/2021,09:01:26,31/05/2021,007617IPE310520210104434705-67
396997,31/05/2021,09:48:54,31/05/2021,019836IPE310520210104434706-42
397136,31/05/2021,19:40:22,31/05/2021,007617IPE310520210104434712-02
396967,31/05/2021,07:23:48,31/05/2021,019348IPE310520210104434704-91
397129,31/05/2021,19:12:03,31/05/2021,019992IPE310520210104434711-55
397617,01/06/2021,22:37:45,01/06/2021,019836IPE010620210104434814-02
397601,01/06/2021,21:51:22,01/06/2021,024821IPE010620210104434813-33
398022,02/06/2021,17:53:25,02/06/2021,022187IPE020620210104434910-98
398069,02/06/2021,18:54:12,02/06/2021,009512IPE020620210104434911-46
398239,03/06/2021,08:24:01,03/06/2021,019836IPE030620210104435005-05
398250,03/06/2021,10:24:35,03/06/2021,020788IPE030620210104435006-59
398596,04/06/2021,19:13:16,04/06/2021,019569IPE040620210104435111-69
398570,04/06/2021,17:30:01,04/06/2021,016659IPE040620210104435110-51
398745,06/06/2021,16:06:20,06/06/2021,020982IPE060620210104435309-86
399056,07/06/2021,18:53:29,07/06/2021,008672IPE070620210104435411-62
399090,07/06/2021,20:08:05,07/08/2021,020494IPE070820210104435412-13
399019,07/06/2021,18:02:14,07/06/2021,020494IPE070620210104435410-96
398833,07/06/2021,09:35:01,07/06/2021,019836IPE070620210104435405-76
399106,07/06/2021,21:10:07,07/06/2021,023310IPE070620210104435412-77
399508,08/06/2021,19:20:36,08/06/2021,020982IPE080620210204441411-47
399528,08/06/2021,21:12:46,08/06/2021,022616IPE080620210104435513-18
399532,08/06/2021,21:27:36,08/06/2021,019569IPE080620210104435513-23
399778,09/06/2021,18:00:20,09/06/2021,024910IPE090620210104435611-00
399883,09/06/2021,21:54:58,09/06/2021,014320IPE090620210104435613-72
400325,10/06/2021,19:08:38,10/06/2021,014443IPE100620210104435711-86
400445,10/06/2021,22:24:36,10/06/2021,024112IPE100620210104435713-80
400237,10/06/2021,18:03:28,10/06/2021,018821IPE100620210104435711-11
400003,10/06/2021,10:08:58,10/06/2021,020087IPE100620210104435706-66
400663,11/06/2021,18:24:10,11/06/2021,009512IPE110620210104435811-14
400697,11/06/2021,21:08:13,11/06/2021,009512IPE110620210104435812-81
400682,11/06/2021,19:20:13,11/06/2021,024295IPE110620210104435811-73
400918,14/06/2021,17:11:27,14/06/2021,014320IPE140620210204436105-65
401249,15/06/2021,21:43:32,15/06/2021,009512IPE150620210104436213-35
401194,15/06/2021,18:46:15,15/06/2021,017329IPE150620210104436211-41
401954,17/06/2021,21:35:51,17/06/2021,009512IPE170620210104436413-46
401956,17/06/2021,22:05:13,17/06/2021,024295IPE170620210104436413-38
401854,17/06/2021,17:45:25,17/06/2021,022187IPE170620210104436410-90
401923,17/06/2021,19:34:27,17/06/2021,004170IPE170620210104436412-01
402085,18/06/2021,08:37:16,18/06/2021,021016IPE180620210104436505-33
402091,18/06/2021,09:05:34,18/06/2021,016292IPE180620210104436505-79
402234,18/06/2021,19:37:37,18/06/2021,002437IPE180620210104436512-14
402389,21/06/2021,18:12:31,21/06/2021,020745IPE210620210104436811-23
402385,21/06/2021,18:06:41,21/06/2021,018821IPE210620210104436811-27
402448,21/06/2021,21:47:22,21/06/2021,011312IPE210620210104436813-29
402457,21/06/2021,22:05:15,21/06/2021,002437IPE210620210104436813-40
402430,21/06/2021,19:56:50,21/06/2021,004030IPE210620210104436812-46
402402,21/06/2021,19:05:00,21/06/2021,020516IPE210620210104436811-45
402744,22/06/2021,18:34:58,22/06/2021,000906IPE220620210104436911-72
402838,22/06/2021,23:43:39,21/06/2021,023310IPE210620210204436814-82
402712,22/06/2021,17:43:36,22/06/2021,023159IPE220620210204436910-41
403513,24/06/2021,21:56:12,24/06/2021,014443IPE240620210104437113-28
403449,24/06/2021,18:54:19,24/06/2021,022187IPE240620210104437111-53
403502,24/06/2021,20:28:07,24/06/2021,024813IPE240620210104437112-35
403482,24/06/2021,19:50:10,24/06/2021,019739IPE240620210104437112-00
403652,25/06/2021,14:38:29,25/06/2021,020010IPE250620210104437209-07
403590,25/06/2021,09:03:25,25/06/2021,016292IPE250620210104437205-68
404565,29/06/2021,19:12:37,29/06/2021,018821IPE290620210104437611-89
404595,29/06/2021,21:46:16,29/06/2021,018821IPE290620210104437613-22
404575,29/06/2021,19:38:33,29/06/2021,023159IPE290620210104437612-11
404555,29/06/2021,18:40:12,29/06/2021,024813IPE290620210104437611-32
404533,29/06/2021,18:12:20,29/06/2021,002437IPE290620210104437611-12
404820,30/06/2021,18:20:48,30/06/2021,014320IPE300620210104437711-48
404812,30/06/2021,18:06:09,30/06/2021,009512IPE300620210104437710-95
404810,30/06/2021,18:02:15,30/06/2021,009512IPE300620210104437710-97
404900,30/06/2021,20:24:58,30/06/2021,018821IPE300620210104437712-82
404916,30/06/2021,21:22:58,30/06/2021,009512IPE300620210104437713-40
404936,30/06/2021,23:37:20,30/06/2021,020745IPE300620210104437714-37
404704,30/06/2021,08:17:17,30/06/2021,004030IPE300620210104437705-14
404923,30/06/2021,22:14:07,30/06/2021,024295IPE300620210104437713-41
405188,01/07/2021,18:12:13,01/07/2021,007617IPE010720210104437811-05
405269,01/07/2021,19:41:25,01/07/2021,009512IPE010720210104437812-06
405190,01/07/2021,18:13:23,01/07/2021,012653IPE010720210104437811-16
405564,02/07/2021,18:47:07,02/07/2021,017671IPE020720210104437911-34
406035,05/07/2021,22:43:33,05/07/2021,009512IPE050720210104438213-96
406109,06/07/2021,09:37:50,06/07/2021,009512IPE060720210104438306-27
406814,07/07/2021,19:04:43,07/07/2021,011312IPE070720210104438411-87
406866,07/07/2021,21:27:30,07/07/2021,011312IPE070720210104438413-17
406532,07/07/2021,08:55:47,07/07/2021,024392IPE070720210104438405-82
406854,07/07/2021,19:46:19,07/07/2021,024929IPE070720210104438412-05
406852,07/07/2021,19:45:06,07/07/2021,024929IPE070720210104438411-91
406815,07/07/2021,19:05:02,07/07/2021,024929IPE070720210104438411-47
406809,07/07/2021,19:00:40,07/07/2021,024929IPE070720210104438411-80
406527,07/07/2021,08:33:41,07/07/2021,009512IPE070720210104438405-54
407425,08/07/2021,21:12:13,08/07/2021,024821IPE080720210104438512-85
406981,08/07/2021,09:48:51,08/07/2021,018821IPE080720210104438506-39
407280,08/07/2021,18:17:07,08/07/2021,022187IPE080720210104438511-04
407436,08/07/2021,21:35:54,08/07/2021,001023IPE080720210104438513-49
407509,09/07/2021,08:30:02,09/07/2021,009512IPE090720210104438605-12
407819,12/07/2021,08:00:18,12/07/2021,019569IPE120720210104438904-98
408085,12/07/2021,20:17:24,12/07/2021,002437IPE120720210104438912-41
407981,12/07/2021,18:18:36,12/07/2021,019992IPE120720210104438911-34
408060,12/07/2021,19:32:52,12/07/2021,017973IPE120720210104438912-24
407827,12/07/2021,08:40:51,12/07/2021,009512IPE120720210104438905-71
407824,12/07/2021,08:30:48,12/07/2021,009512IPE120720210104438905-58
407999,12/07/2021,18:36:37,12/07/2021,002437IPE120720210104438911-53
408138,13/07/2021,06:38:10,13/07/2021,002437IPE130720210104439004-08
408137,13/07/2021,03:03:08,13/07/2021,021431IPE130720210104439001-91
408446,14/07/2021,08:07:26,14/07/2021,019836IPE140720210104439105-13
408594,14/07/2021,18:04:32,14/07/2021,020532IPE140720210104439111-16
408615,14/07/2021,18:18:20,14/07/2021,022187IPE140720210104439111-18
408643,14/07/2021,18:40:03,14/07/2021,009512IPE140720210104439111-23
408804,15/07/2021,08:57:18,15/07/2021,022470IPE150720210104439205-55
408816,15/07/2021,09:27:51,15/07/2021,022470IPE150720210104439206-18
408807,15/07/2021,09:12:17,15/07/2021,022470IPE150720210104439205-69
408815,15/07/2021,09:25:24,15/07/2021,008133IPE150720210104439205-89
409358,16/07/2021,19:25:42,16/07/2021,002437IPE160720210104439312-07
409264,16/07/2021,18:01:14,16/07/2021,019348IPE160720210104439310-95
409163,16/07/2021,14:44:42,16/07/2021,018660IPE160720210204439307-61
409374,16/07/2021,19:51:26,16/07/2021,020745IPE160720210104439312-17
409646,19/07/2021,21:26:16,19/07/2021,004170IPE190720210104439613-02
409540,19/07/2021,18:31:02,19/07/2021,025372IPE190720210104439611-13
409459,19/07/2021,08:01:44,19/07/2021,011312IPE190720210104439605-25
409859,20/07/2021,18:39:59,20/07/2021,009512IPE200720210104439711-78
410164,21/07/2021,21:58:46,21/07/2021,024821IPE210720210104439813-64
410085,21/07/2021,18:33:47,21/07/2021,002437IPE210720210104439811-60
410362,22/07/2021,18:07:34,22/07/2021,009512IPE220720210104439911-21
410410,22/07/2021,22:02:38,22/07/2021,022470IPE220720210104439913-60
410392,22/07/2021,19:08:41,22/07/2021,004820IPE220720210104439911-89
410673,23/07/2021,19:43:42,23/07/2021,020745IPE230720210104440012-25
411357,27/07/2021,18:40:39,27/07/2021,025372IPE270720210104440411-59
411353,27/07/2021,18:38:09,27/07/2021,025372IPE270720210104440411-27
411449,27/07/2021,21:32:03,27/07/2021,011312IPE270720210104440412-95
411463,27/07/2021,22:20:17,27/07/2021,004030IPE270720210104440413-57
411224,27/07/2021,10:13:47,27/07/2021,022470IPE270720210204440405-80
411369,27/07/2021,19:00:03,27/07/2021,020532IPE270720210104440411-43
411888,28/07/2021,22:22:30,28/07/2021,024295IPE280720210104440513-72
411859,28/07/2021,20:59:35,28/07/2021,024821IPE280720210104440512-94
411831,28/07/2021,20:30:51,28/07/2021,019836IPE280720210104440512-81
411905,28/07/2021,23:11:40,28/07/2021,004170IPE280720210104440514-31
411824,28/07/2021,20:25:41,28/07/2021,009512IPE280720210104440512-66
411821,28/07/2021,20:14:40,28/07/2021,009512IPE280720210104440512-54
411923,29/07/2021,08:04:50,29/07/2021,019569IPE290720210104440605-34
412313,29/07/2021,21:59:35,29/07/2021,018821IPE290720210104440613-54
411924,29/07/2021,08:17:04,29/07/2021,024295IPE290720210104440605-01
412293,29/07/2021,20:50:24,29/07/2021,024295IPE290720210104440612-74
412170,29/07/2021,18:11:02,29/07/2021,009512IPE290720210104440610-93
412222,29/07/2021,18:42:05,29/07/2021,022187IPE290720210104440611-27
412733,30/07/2021,18:55:59,23/12/2020,002437IPE231220200404418812-49
412373,30/07/2021,07:41:15,30/07/2021,014320IPE300720210104440704-76
412949,02/08/2021,08:10:28,02/08/2021,020745IPE020820210104441005-18
413149,02/08/2021,18:00:30,02/08/2021,017329IPE020820210104441011-10
413246,02/08/2021,19:01:58,02/08/2021,019348IPE020820210104441011-99
413199,02/08/2021,18:37:11,02/08/2021,017671IPE020820210104441011-28
412942,02/08/2021,06:57:02,02/08/2021,023159IPE020820210104441004-19
412940,02/08/2021,06:40:32,02/08/2021,024112IPE020820210104441004-32
413251,02/08/2021,19:06:08,02/08/2021,019348IPE020820210104441011-54
413284,02/08/2021,19:46:40,02/08/2021,024910IPE020820210104441012-26
413247,02/08/2021,19:02:16,02/08/2021,016292IPE020820210104441011-58
413710,03/08/2021,18:58:16,03/08/2021,019836IPE030820210104441111-54
413726,03/08/2021,19:26:03,03/08/2021,002437IPE030820210104441111-69
413706,03/08/2021,18:54:16,03/08/2021,019569IPE030820210104441111-50
413674,03/08/2021,18:06:31,03/08/2021,000906IPE030820210104441111-17
414204,04/08/2021,19:33:10,04/08/2021,001023IPE040820210104441211-83
414152,04/08/2021,18:30:00,04/08/2021,009512IPE040820210104441211-10
413799,04/08/2021,08:03:11,04/08/2021,019836IPE040820210104441204-94
414202,04/08/2021,19:28:09,04/08/2021,001023IPE040820210104441211-77
414727,05/08/2021,19:05:33,05/08/2021,018821IPE050820210104441311-78
414395,05/08/2021,08:22:04,05/08/2021,012653IPE050820210104441305-06
415692,09/08/2021,19:57:57,09/08/2021,002437IPE090820210104441712-54
415584,09/08/2021,18:28:09,09/08/2021,007617IPE090820210104441711-17
415295,09/08/2021,08:21:41,09/08/2021,018821IPE090820210104441705-42
416370,10/08/2021,19:14:07,10/08/2021,020788IPE100820210104441811-61
416480,10/08/2021,20:44:56,10/08/2021,005258IPE100820210104441813-00
416363,10/08/2021,19:09:20,10/08/2021,002437IPE100820210104441811-69
416268,10/08/2021,18:22:31,10/08/2021,020532IPE100820210104441811-33
416367,10/08/2021,19:12:34,10/08/2021,020788IPE100820210104441811-86
417061,11/08/2021,18:59:38,11/08/2021,025372IPE110820210104441911-77
416988,11/08/2021,18:16:42,11/08/2021,021610IPE110820210104441911-38
417546,12/08/2021,18:22:53,12/08/2021,008133IPE120820210104442011-55
417724,12/08/2021,20:05:19,12/08/2021,017450IPE120820210104442012-24
417735,12/08/2021,20:15:57,12/08/2021,009512IPE120820210104442012-72
418277,13/08/2021,21:20:10,13/08/2021,019836IPE130820210104442112-90
417844,13/08/2021,08:49:02,13/08/2021,020010IPE130820210104442105-31
417826,13/08/2021,07:07:52,13/08/2021,020087IPE130820210104442104-79
418470,16/08/2021,09:00:28,16/08/2021,023310IPE160820210104442405-68
418367,16/08/2021,00:22:34,15/08/2021,024821IPE150820210104442400-56
418406,16/08/2021,07:01:07,16/08/2021,018465IPE160820210104442404-28
419135,17/08/2021,19:26:53,17/08/2021,024910IPE170820210104442512-19
419293,18/08/2021,08:25:00,18/08/2021,024295IPE180820210104442605-05
419860,19/08/2021,18:52:21,19/08/2021,002437IPE190820210104442711-53
419971,20/08/2021,07:41:54,19/08/2021,024821IPE190820210104442805-15
420254,20/08/2021,21:41:26,20/08/2021,007617IPE200820210104442813-27
420474,23/08/2021,18:12:19,23/08/2021,019836IPE230820210104443111-11
420721,24/08/2021,18:04:55,24/08/2021,009512IPE240820210104443211-39
420946,25/08/2021,19:01:15,25/08/2021,009512IPE250820210104443311-56
420909,25/08/2021,18:00:32,25/08/2021,009512IPE250820210104443311-12
421167,26/08/2021,18:42:22,26/08/2021,017973IPE260820210104443411-44
421041,26/08/2021,09:40:35,26/08/2021,018821IPE260820210104443406-15
421145,26/08/2021,17:29:08,26/08/2021,014320IPE260820210104443410-57
421594,27/08/2021,19:45:06,27/08/2021,019836IPE270820210104443511-91
421528,27/08/2021,18:06:27,27/08/2021,009512IPE270820210104443511-13
421337,27/08/2021,08:08:54,27/08/2021,001023IPE270820210104443505-42
421566,27/08/2021,19:08:36,27/08/2021,024295IPE270820210104443511-84
421341,27/08/2021,08:40:33,27/08/2021,022470IPE270820210104443505-53
421910,30/08/2021,22:26:34,30/08/2021,011312IPE300820210104443813-80
421670,30/08/2021,08:41:04,30/08/2021,024295IPE300820210104443805-25
421669,30/08/2021,08:41:00,30/08/2021,024295IPE300820210104443805-21
421854,30/08/2021,19:55:29,30/08/2021,017329IPE300820210104443812-24
421869,30/08/2021,21:19:03,30/08/2021,024821IPE300820210104443812-82
421646,30/08/2021,06:29:55,30/08/2021,012653IPE300820210104443804-44
422217,31/08/2021,23:19:41,31/08/2021,008672IPE310820210104443914-40
422211,31/08/2021,22:59:08,31/08/2021,020494IPE310820210104443913-87
421930,31/08/2021,08:49:29,31/08/2021,024929IPE310820210104443905-58
422184,31/08/2021,19:32:54,31/08/2021,002437IPE310820210104443912-26
422191,31/08/2021,21:44:05,31/08/2021,011312IPE310820210104443913-09
422097,31/08/2021,18:01:21,31/08/2021,020745IPE310820210104443911-02
421929,31/08/2021,08:47:15,31/08/2021,024929IPE310820210104443905-42
422167,31/08/2021,19:14:47,31/08/2021,002437IPE310820210104443912-01
422105,31/08/2021,18:07:27,31/08/2021,004030IPE310820210104443911-14
422188,31/08/2021,19:55:10,31/08/2021,023310IPE310820210104443912-05
422258,01/09/2021,09:00:50,01/09/2021,024392IPE010920210104444005-90
422456,01/09/2021,18:02:52,01/09/2021,016292IPE010920210104444011-34
422240,01/09/2021,08:13:29,01/09/2021,009512IPE010920210104444005-22
422562,01/09/2021,20:07:52,01/09/2021,004820IPE010920210104444012-59
422813,02/09/2021,16:33:49,02/09/2021,020010IPE020920210204423610-16
422739,02/09/2021,09:04:33,01/09/2021,025372IPE010920210104444105-77
423453,03/09/2021,19:07:39,03/09/2021,016659IPE030920210104444211-86
423117,03/09/2021,08:53:29,03/09/2021,018821IPE030920210104444205-62
423572,04/09/2021,11:43:50,04/09/2021,019836IPE040920210104444307-53
423925,06/09/2021,22:29:53,06/09/2021,019739IPE060920210104444514-02
424215,08/09/2021,19:28:32,08/09/2021,018821IPE080920210104444712-00
423945,08/09/2021,08:21:46,08/09/2021,009512IPE080920210104444705-47
424353,09/09/2021,09:23:55,09/09/2021,004170IPE090920210104444806-18
424500,09/09/2021,18:10:25,09/09/2021,002437IPE090920210104444811-15
425141,10/09/2021,19:37:22,10/09/2021,019836IPE100920210104444911-99
424654,10/09/2021,08:56:02,10/09/2021,021610IPE100920210104444905-38
424641,10/09/2021,07:03:01,10/09/2021,004030IPE100920210104444904-24
425310,13/09/2021,08:31:40,13/09/2021,003980IPE130920210104445205-51
425303,13/09/2021,06:43:40,13/09/2021,002437IPE130920210104445204-43
425311,13/09/2021,08:39:01,13/09/2021,008656IPE130920210104445205-20
425554,13/09/2021,20:34:27,13/09/2021,019992IPE130920210204445205-09
425501,13/09/2021,17:54:32,13/09/2021,020745IPE130920210104445211-06
425768,14/09/2021,19:59:47,14/09/2021,024295IPE140920210104445312-46
426039,15/09/2021,22:15:45,15/09/2021,024295IPE150920210104445413-80
426008,15/09/2021,21:09:11,15/09/2021,024813IPE150920210104445412-80
426022,15/09/2021,21:48:19,15/09/2021,024821IPE150920210104445413-27
426005,15/09/2021,21:01:11,15/09/2021,019739IPE150920210104445412-72
425847,15/09/2021,08:00:42,15/09/2021,019569IPE150920210104445405-22
425923,15/09/2021,18:00:55,15/09/2021,021431IPE150920210104445411-35
425986,15/09/2021,19:38:28,15/09/2021,021610IPE150920210104445412-06
426334,16/09/2021,19:54:12,16/09/2021,004170IPE160920210104445512-06
426112,16/09/2021,07:56:05,16/09/2021,024392IPE160920210104445504-81
426427,17/09/2021,08:01:40,17/09/2021,019569IPE170920210104445605-21
426786,19/09/2021,18:21:13,19/09/2021,017450IPE190920210104445811-14
426809,19/09/2021,21:45:12,19/09/2021,019836IPE190920210104445813-17
426956,20/09/2021,18:30:07,20/09/2021,017450IPE200920210104445911-17
426954,20/09/2021,18:28:53,20/09/2021,017450IPE200920210104445911-61
426974,20/09/2021,18:44:14,20/09/2021,019836IPE200920210104445911-38
427045,20/09/2021,21:28:23,20/09/2021,019836IPE200920210104445913-11
427326,21/09/2021,23:29:58,21/09/2021,019992IPE210920210104446014-67
427114,21/09/2021,09:31:18,21/09/2021,023310IPE210920210104446005-89
427492,22/09/2021,19:01:55,22/09/2021,018465IPE220920210104446111-96
427493,22/09/2021,19:05:48,22/09/2021,018465IPE220920210104446111-93
427563,22/09/2021,20:22:48,22/09/2021,024392IPE220920210104446112-70
427450,22/09/2021,18:02:15,22/09/2021,012653IPE220920210104446110-97
427498,22/09/2021,19:11:57,22/09/2021,002437IPE220920210104446112-08
427794,23/09/2021,18:53:46,23/09/2021,002437IPE230920210104446211-79
427835,23/09/2021,20:44:25,23/09/2021,019569IPE230920210104446212-69
427900,24/09/2021,05:51:49,24/09/2021,024392IPE240920210104446304-00
428034,24/09/2021,18:00:39,24/09/2021,019739IPE240920210104446311-19
427902,24/09/2021,07:05:56,24/09/2021,013986IPE240920210104446304-81
428341,27/09/2021,09:13:46,27/09/2021,014320IPE270920210104446605-99
428817,28/09/2021,22:00:11,28/09/2021,023310IPE280920210104446713-31
428721,28/09/2021,18:04:29,28/09/2021,024910IPE280920210104446711-13
428754,28/09/2021,19:27:11,28/09/2021,018465IPE280920210104446711-78
429004,29/09/2021,19:53:50,29/09/2021,014443IPE290920210104446812-43
428866,29/09/2021,08:10:40,29/09/2021,009512IPE290920210104446805-30
429204,30/09/2021,18:23:37,30/09/2021,016292IPE300920210104446911-40
429357,01/10/2021,08:52:02,01/10/2021,011312IPE011020210104447005-34
429343,01/10/2021,08:30:06,01/10/2021,019836IPE011020210104447005-16
429561,01/10/2021,19:55:29,01/10/2021,018821IPE011020210104447012-24
429344,01/10/2021,08:30:08,01/10/2021,018465IPE011020210104447005-18
429345,01/10/2021,08:30:08,01/10/2021,009512IPE011020210104447005-18
429571,01/10/2021,21:13:39,01/10/2021,019992IPE011020210104447013-12
429540,01/10/2021,19:03:44,01/10/2021,007617IPE011020210104447011-87
429639,02/10/2021,08:44:47,02/10/2021,019348IPE021020210104447105-71
429730,04/10/2021,08:46:40,04/10/2021,009512IPE041020210104447305-66
429726,04/10/2021,08:41:03,04/10/2021,009512IPE041020210104447305-24
430297,05/10/2021,21:53:56,05/10/2021,017450IPE051020210104447413-69
430071,05/10/2021,08:32:45,05/10/2021,024910IPE051020210104447405-57
430296,05/10/2021,21:52:04,05/10/2021,017450IPE051020210104447413-16
430293,05/10/2021,21:30:52,05/10/2021,018821IPE051020210104447413-42
430219,05/10/2021,18:09:31,05/10/2021,020532IPE051020210104447411-20
430291,05/10/2021,21:11:33,05/10/2021,018821IPE051020210104447413-04
430289,05/10/2021,21:00:59,05/10/2021,024821IPE051020210104447413-19
430504,06/10/2021,14:51:13,05/10/2021,017450IPE051020210204432613-16
430505,06/10/2021,14:52:23,05/10/2021,017450IPE051020210204432613-69
431003,07/10/2021,21:56:39,07/10/2021,024392IPE071020210104447613-55
431540,08/10/2021,19:12:42,08/10/2021,009512IPE081020210104447711-94
431612,08/10/2021,23:01:53,08/10/2021,024295IPE081020210104447714-34
431136,08/10/2021,09:09:04,08/10/2021,023310IPE081020210104447705-53
431698,11/10/2021,08:00:24,11/10/2021,019569IPE111020210104448005-04
431702,11/10/2021,08:30:09,11/10/2021,009512IPE111020210104448005-19
432091,13/10/2021,18:30:54,13/10/2021,024392IPE131020210104448211-64
432340,14/10/2021,19:38:43,14/10/2021,025372IPE141020210104448312-21
432282,14/10/2021,18:05:54,14/10/2021,019348IPE141020210104448311-39
432197,14/10/2021,09:30:28,14/10/2021,021610IPE141020210104448305-98
432276,14/10/2021,18:03:35,14/10/2021,018660IPE141020210104448311-18
432466,15/10/2021,10:07:29,15/10/2021,025372IPE151020210204448405-35
432434,15/10/2021,08:20:35,15/10/2021,025372IPE151020210104448405-35
432560,15/10/2021,19:37:28,15/10/2021,024392IPE151020210104448412-05
432948,18/10/2021,21:55:26,18/10/2021,018821IPE181020210104448713-41
432943,18/10/2021,21:05:51,18/10/2021,020010IPE181020210104448713-16
432842,18/10/2021,18:06:34,18/10/2021,017329IPE181020210104448711-20
432678,18/10/2021,08:50:53,18/10/2021,020010IPE181020210104448705-83
433144,19/10/2021,18:10:20,19/10/2021,021610IPE191020210204448805-03
433158,19/10/2021,18:44:20,19/10/2021,004170IPE191020210104448811-44
433161,19/10/2021,18:55:04,19/10/2021,002437IPE191020210104448811-39
433614,20/10/2021,21:38:57,20/10/2021,018821IPE201020210104448913-55
433554,20/10/2021,18:50:04,20/10/2021,016659IPE201020210104448911-34
433565,20/10/2021,19:08:12,20/10/2021,004820IPE201020210104448911-60
433304,20/10/2021,07:16:10,20/10/2021,002437IPE201020210104448904-46
433338,20/10/2021,08:49:14,20/10/2021,004030IPE201020210104448905-43
433540,20/10/2021,18:13:11,20/10/2021,009512IPE201020210104448911-04
434266,22/10/2021,18:36:33,22/10/2021,004820IPE221020210104449111-49
434285,22/10/2021,19:02:03,22/10/2021,018821IPE221020210104449111-45
434163,22/10/2021,14:54:48,22/10/2021,019836IPE221020210104449109-42
434106,22/10/2021,09:00:30,22/10/2021,009512IPE221020210104449105-70
434466,23/10/2021,11:05:04,22/10/2021,024112IPE221020210204449113-31
434638,25/10/2021,19:30:29,25/10/2021,009512IPE251020210104449411-99
434873,26/10/2021,17:49:33,26/10/2021,022187IPE261020210104449511-02
434936,26/10/2021,19:44:24,26/10/2021,012653IPE261020210104449512-08
434926,26/10/2021,19:26:26,26/10/2021,025372IPE261020210104449511-92
434777,26/10/2021,07:59:10,26/10/2021,019569IPE261020210104449504-89
435379,27/10/2021,20:44:52,27/10/2021,011312IPE271020210104449612-96
435343,27/10/2021,19:02:30,27/10/2021,024821IPE271020210104449611-72
435311,27/10/2021,17:54:54,27/10/2021,024295IPE271020210104449611-28
435326,27/10/2021,18:21:41,27/10/2021,005258IPE271020210104449611-42
435754,28/10/2021,20:08:24,28/10/2021,004170IPE281020210104449712-32
435759,28/10/2021,20:40:55,28/10/2021,018821IPE281020210104449712-95
435785,28/10/2021,22:20:34,28/10/2021,018821IPE281020210104449713-74
435757,28/10/2021,20:32:00,28/10/2021,020010IPE281020210104449712-32
435775,28/10/2021,21:20:21,28/10/2021,002437IPE281020210104449713-01
435736,28/10/2021,19:09:04,28/10/2021,009512IPE281020210104449711-53
435715,28/10/2021,18:25:56,28/10/2021,009512IPE281020210104449711-61
435764,28/10/2021,21:06:18,28/10/2021,014443IPE281020210104449712-84
435730,28/10/2021,18:49:41,28/10/2021,020087IPE281020210104449711-70
435695,28/10/2021,18:06:35,28/10/2021,013986IPE281020210104449711-21
436262,29/10/2021,19:09:53,29/10/2021,018821IPE291020210104449812-02
435932,29/10/2021,07:56:38,29/10/2021,014320IPE291020210104449805-14
436350,29/10/2021,21:00:48,29/10/2021,017973IPE291020210104449813-08
436153,29/10/2021,17:09:53,28/10/2021,011312IPE281020210104449810-82
436359,29/10/2021,21:43:36,29/10/2021,002437IPE291020210104449813-39
436326,29/10/2021,20:12:58,29/10/2021,024295IPE291020210104449812-70
436266,29/10/2021,19:14:21,29/10/2021,020745IPE291020210104449811-75
436537,01/11/2021,08:20:20,01/11/2021,018821IPE011120210104450105-20
436536,01/11/2021,07:56:22,01/11/2021,011312IPE011120210104450104-98
436609,01/11/2021,18:00:45,01/11/2021,017671IPE011120210104450111-25
437254,03/11/2021,18:11:25,03/11/2021,018821IPE031120210104450311-16
437367,03/11/2021,21:19:37,03/11/2021,004030IPE031120210104450313-16
437112,03/11/2021,10:39:51,03/11/2021,019836IPE031120210104450306-90
437308,03/11/2021,18:56:57,03/11/2021,018465IPE031120210104450311-93
437431,03/11/2021,23:06:06,03/11/2021,024821IPE031120210104450313-92
438018,04/11/2021,18:28:36,04/11/2021,000906IPE041120210104450411-44
438090,04/11/2021,20:39:52,04/11/2021,017671IPE041120210104450412-91
438562,05/11/2021,19:32:28,05/11/2021,009512IPE051120210104450512-00
438285,05/11/2021,09:26:31,05/11/2021,013986IPE051120210104450505-97
438249,05/11/2021,08:04:43,05/11/2021,019348IPE051120210104450505-27
438510,05/11/2021,17:52:39,05/11/2021,017671IPE051120210104450511-11
438350,05/11/2021,11:44:47,05/11/2021,022187IPE051120210104450507-51
438237,05/11/2021,07:15:19,05/11/2021,020087IPE051120210104450504-54
439072,08/11/2021,18:23:16,08/11/2021,007617IPE081120210104450811-19
439187,08/11/2021,20:32:32,08/11/2021,022616IPE081120210104450812-64
439127,08/11/2021,18:55:25,08/11/2021,007617IPE081120210104450811-60
439108,08/11/2021,18:39:10,08/11/2021,001023IPE081120210104450811-29
439097,08/11/2021,18:36:45,08/11/2021,019836IPE081120210104450811-61
439251,08/11/2021,22:16:38,08/11/2021,020516IPE081120210104450813-74
438880,08/11/2021,07:08:22,08/11/2021,023159IPE081120210104450804-50
439107,08/11/2021,18:39:06,08/11/2021,001023IPE081120210104450811-25
439100,08/11/2021,18:37:07,08/11/2021,016659IPE081120210104450811-24
439376,09/11/2021,08:04:11,09/11/2021,019569IPE091120210104450904-95
440547,10/11/2021,22:26:54,10/11/2021,020745IPE101120210104451014-00
440218,10/11/2021,18:42:18,10/11/2021,009512IPE101120210104451011-40
440552,10/11/2021,22:34:45,10/11/2021,020745IPE101120210104451013-99
440918,11/11/2021,18:33:45,11/11/2021,008133IPE111120210104451111-58
440978,11/11/2021,19:03:52,11/11/2021,017973IPE111120210104451111-95
440948,11/11/2021,18:51:59,11/11/2021,024783IPE111120210104451111-90
440976,11/11/2021,19:03:03,11/11/2021,024783IPE111120210104451111-46
440873,11/11/2021,18:15:09,11/11/2021,009512IPE111120210104451111-04
441083,11/11/2021,19:58:43,11/11/2021,024783IPE111120210104451112-41
441213,12/11/2021,07:12:36,12/11/2021,017973IPE121120210104451204-68
441631,12/11/2021,19:30:11,12/11/2021,019836IPE121120210104451211-81
442628,16/11/2021,22:28:59,16/11/2021,002437IPE161120210104451614-07
442464,16/11/2021,19:22:10,16/11/2021,024929IPE161120210104451611-72
442450,16/11/2021,19:11:09,16/11/2021,024929IPE161120210104451611-60
442659,16/11/2021,23:24:50,16/11/2021,002437IPE161120210104451614-54
442932,17/11/2021,18:30:35,17/11/2021,021431IPE171120210104451711-45
443514,19/11/2021,08:50:00,18/11/2021,008672IPE181120210104451905-30
443511,19/11/2021,08:42:36,18/11/2021,020494IPE181120210104451905-58
444548,23/11/2021,22:15:02,23/11/2021,024295IPE231120210104452313-37
444456,23/11/2021,19:30:15,23/11/2021,002437IPE231120210104452311-85
444904,24/11/2021,21:11:49,24/11/2021,009512IPE241120210104452413-20
444877,24/11/2021,19:25:45,24/11/2021,009512IPE241120210104452412-10
444859,24/11/2021,19:04:51,24/11/2021,004030IPE241120210104452411-95
445070,25/11/2021,19:30:48,25/11/2021,002437IPE251120210104452512-18
445071,25/11/2021,19:34:00,25/11/2021,002437IPE251120210104452511-74
445061,25/11/2021,19:17:48,25/11/2021,020745IPE251120210104452512-05
444988,25/11/2021,08:38:36,25/11/2021,024392IPE251120210104452505-54
445097,26/11/2021,06:49:01,26/11/2021,001023IPE261120210104452604-10
445307,28/11/2021,15:35:10,28/11/2021,024929IPE281120210104452809-45
445306,28/11/2021,15:33:45,28/11/2021,024929IPE281120210104452809-78
445311,28/11/2021,22:41:52,28/11/2021,024112IPE281120210104452814-13
445377,29/11/2021,13:18:46,29/11/2021,004170IPE291120210104452908-44
445328,29/11/2021,09:09:33,29/11/2021,025372IPE291120210104452905-82
445788,30/11/2021,18:34:08,30/11/2021,020087IPE301120210104453011-22
445887,30/11/2021,22:04:23,30/11/2021,009512IPE301120210104453013-47
445807,30/11/2021,18:48:47,30/11/2021,018821IPE301120210104453011-75
446621,02/12/2021,20:18:29,02/12/2021,004820IPE021220210204423906-37
446383,02/12/2021,09:35:13,02/12/2021,015253IPE021220210104453205-88
446390,02/12/2021,09:53:44,02/12/2021,004820IPE021220210104453206-37
446385,02/12/2021,09:39:28,02/12/2021,024589IPE021220210104453206-07
446584,02/12/2021,18:44:14,02/12/2021,013986IPE021220210104453211-38
447147,03/12/2021,20:27:04,03/12/2021,008672IPE031220210104453312-31
447148,03/12/2021,20:27:08,03/12/2021,008672IPE031220210104453312-35
447527,06/12/2021,20:18:37,06/12/2021,004030IPE061220210104453612-55
447499,06/12/2021,19:05:27,06/12/2021,009512IPE061220210204435911-46
447516,06/12/2021,19:37:49,06/12/2021,009512IPE061220210104453612-26
447840,07/12/2021,19:35:06,07/12/2021,016292IPE071220210104453711-81
447949,08/12/2021,08:52:35,08/12/2021,004030IPE081220210104453805-67
448811,09/12/2021,18:47:51,09/12/2021,009512IPE091220210104453911-78
448737,09/12/2021,18:07:02,09/12/2021,000906IPE091220210104453910-89
448924,09/12/2021,21:27:56,09/12/2021,021610IPE091220210104453913-43
449114,10/12/2021,09:26:28,10/12/2021,021610IPE101220210104454005-94
449464,10/12/2021,18:03:08,10/12/2021,019348IPE101220210104454010-91
449813,10/12/2021,21:25:27,10/12/2021,014320IPE101220210104454013-12
449054,10/12/2021,08:00:06,10/12/2021,019569IPE101220210104454004-86
450375,13/12/2021,20:29:50,13/12/2021,020516IPE131220210204454312-43
450042,13/12/2021,08:03:51,13/12/2021,017973IPE131220210104454305-34
450465,14/12/2021,09:04:21,14/12/2021,007617IPE141220210104454405-65
450464,14/12/2021,09:02:12,14/12/2021,007617IPE141220210104454405-54
450455,14/12/2021,00:07:51,13/12/2021,020516IPE131220210104454400-58
450606,14/12/2021,18:04:18,14/12/2021,019739IPE141220210104454411-02
451010,15/12/2021,19:13:34,15/12/2021,024392IPE151220210104454511-87
450859,15/12/2021,12:56:26,15/12/2021,019739IPE151220210104454508-02
451139,16/12/2021,08:30:18,16/12/2021,009512IPE161220210104454605-28
451378,16/12/2021,19:37:23,16/12/2021,025372IPE161220210104454612-00
451140,16/12/2021,08:44:26,16/12/2021,004820IPE161220210104454605-50
451360,16/12/2021,19:30:58,16/12/2021,001023IPE161220210104454612-28
451660,17/12/2021,15:58:49,17/12/2021,009512IPE171220210104454710-07
451830,17/12/2021,19:06:42,17/12/2021,002437IPE171220210104454711-88
451885,17/12/2021,20:43:49,17/12/2021,002437IPE171220210104454712-92
451864,17/12/2021,19:55:42,17/12/2021,018821IPE171220210104454712-37
452331,20/12/2021,18:15:53,20/12/2021,009512IPE201220210104455011-48
452488,21/12/2021,09:00:38,21/12/2021,019569IPE211220210104455105-78
452480,21/12/2021,08:05:13,21/12/2021,020087IPE211220210104455104-98
452694,21/12/2021,19:20:51,21/12/2021,002437IPE211220210104455112-11
452811,22/12/2021,08:53:40,22/12/2021,020516IPE221220210104455205-73
453037,22/12/2021,18:51:12,22/12/2021,020982IPE221220210104455211-43
452810,22/12/2021,08:48:34,22/12/2021,022187IPE221220210104455205-62
452951,22/12/2021,18:01:28,22/12/2021,003980IPE221220210104455211-09
452959,22/12/2021,18:07:41,22/12/2021,009512IPE221220210104455211-28
452954,22/12/2021,18:02:07,22/12/2021,008656IPE221220210104455210-89
453065,22/12/2021,19:41:52,22/12/2021,019992IPE221220210104455212-33
453053,22/12/2021,19:23:59,22/12/2021,018821IPE221220210104455212-22
453430,23/12/2021,18:18:38,23/12/2021,009512IPE231220210104455311-36
453536,23/12/2021,19:30:45,23/12/2021,021610IPE231220210104455312-15
453879,27/12/2021,21:49:06,27/12/2021,018821IPE271220210104455713-15
453826,27/12/2021,19:20:49,27/12/2021,009512IPE271220210104455712-09
454062,28/12/2021,18:23:05,28/12/2021,008672IPE281220210104455811-08
454153,29/12/2021,08:26:00,29/12/2021,009512IPE291220210104455905-06
454316,29/12/2021,19:31:19,29/12/2021,018821IPE291220210104455911-90
454631,30/12/2021,18:24:04,30/12/2021,009512IPE301220210104456011-08
454688,30/12/2021,20:36:30,30/12/2021,014443IPE301220210104456012-66
454630,30/12/2021,18:20:58,30/12/2021,022616IPE301220210104456011-58
454657,30/12/2021,19:18:08,30/12/2021,002437IPE301220210104456011-66
454597,30/12/2021,17:56:21,30/12/2021,020745IPE301220210104456010-97
454770,03/01/2022,08:02:29,03/01/2022,019569IPE030120220104456405-11
455017,03/01/2022,19:14:30,03/01/2022,019836IPE030120220104456411-84
455214,04/01/2022,13:25:46,04/01/2022,024392IPE040120220104456508-51
455436,04/01/2022,21:08:02,04/01/2022,011312IPE040120220204465211-94
455412,04/01/2022,19:24:30,04/01/2022,011312IPE040120220104456511-94
456719,10/01/2022,08:04:51,10/01/2022,019569IPE100120220104457105-35
457148,10/01/2022,18:39:28,10/01/2022,007617IPE100120220104457111-47
457397,11/01/2022,08:36:57,11/01/2022,022616IPE110120220104457205-73
457573,11/01/2022,19:27:38,11/01/2021,018821IPE110120210104457212-05
457655,12/01/2022,07:53:11,12/01/2022,020087IPE120120220104457304-84
457886,13/01/2022,07:51:29,13/01/2022,019348IPE130120220104457405-00
457982,13/01/2022,18:17:43,13/01/2022,020931IPE130120220104457411-40
458107,14/01/2022,00:05:31,14/01/2022,022357IPE140120220104457500-36
458125,14/01/2022,09:07:35,14/01/2022,009512IPE140120220104457505-82
458621,17/01/2022,08:19:59,17/01/2022,009512IPE170120220104457805-58
458765,18/01/2022,09:33:05,18/01/2022,016292IPE180120220104457905-78
458890,18/01/2022,16:35:19,18/01/2022,020010IPE180120220104457910-14
459387,20/01/2022,19:39:04,20/01/2022,008133IPE200120220104458111-83
459383,20/01/2022,19:18:50,20/01/2022,001023IPE200120220104458112-08
459398,20/01/2022,19:52:57,20/01/2022,008133IPE200120220104458112-49
459665,21/01/2022,19:31:12,21/01/2022,018821IPE210120220104458211-83
459495,21/01/2022,09:23:01,21/01/2022,023310IPE210120220104458205-64
459540,21/01/2022,14:58:15,21/01/2022,024929IPE210120220104458209-13
459686,21/01/2022,21:29:23,21/01/2022,020010IPE210120220104458213-12
459539,21/01/2022,14:54:25,21/01/2022,024929IPE210120220104458209-19
459759,24/01/2022,08:00:20,24/01/2022,019569IPE240120220104458505-00
460518,26/01/2022,23:54:32,26/01/2022,020010IPE260120220104458714-66
461132,28/01/2022,19:13:45,28/01/2022,009512IPE280120220104458911-98
461178,28/01/2022,19:58:49,28/01/2022,018821IPE280120220104458912-47
460904,28/01/2022,09:11:17,28/01/2022,004820IPE280120220104458905-68
461076,28/01/2022,18:10:24,28/01/2022,009512IPE280120220104458911-14
460901,28/01/2022,08:40:25,28/01/2022,009512IPE280120220104458905-45
461102,28/01/2022,18:42:21,28/01/2022,009512IPE280120220104458911-43
461433,31/01/2022,08:17:39,31/01/2022,011312IPE310120220104459205-36
461618,31/01/2022,18:42:30,31/01/2022,017671IPE310120220104459211-52
461570,31/01/2022,16:59:33,31/01/2022,011312IPE310120220104459210-52
461625,31/01/2022,18:45:47,31/01/2021,024929IPE310120210104459211-72
461648,31/01/2022,18:58:45,31/01/2022,009512IPE310120220104459211-83
461636,31/01/2022,18:51:01,31/01/2022,024929IPE310120220104459211-32
461634,31/01/2022,18:49:36,31/01/2021,024929IPE310120210104459211-65
461617,31/01/2022,18:41:41,31/01/2022,024929IPE310120220104459211-62
461797,01/02/2022,07:40:03,01/02/2022,003980IPE010220220104459304-63
461798,01/02/2022,07:43:34,01/02/2022,008656IPE010220220104459304-97
461805,01/02/2022,08:30:17,01/02/2022,024295IPE010220220104459305-27
462832,02/02/2022,22:16:38,02/02/2022,004820IPE020220220104459413-74
462338,02/02/2022,01:22:20,02/02/2022,020010IPE020220220104459401-02
462462,02/02/2022,07:02:37,01/02/2022,016292IPE010220220104459404-59
462943,03/02/2022,07:58:00,03/02/2022,011312IPE030220220104459504-78
463227,03/02/2022,18:34:37,03/02/2022,011312IPE030220220104459511-51
463290,03/02/2022,19:26:53,03/02/2022,002437IPE030220220204462211-57
463835,04/02/2022,18:16:29,04/02/2022,016659IPE040220220104459611-25
463856,04/02/2022,18:47:03,04/02/2022,009512IPE040220220104459611-30
463861,04/02/2022,19:02:48,04/02/2022,002437IPE040220220104459611-90
464041,07/02/2022,07:04:26,07/02/2022,023159IPE070220220104459904-50
464045,07/02/2022,08:00:04,07/02/2022,024392IPE070220220104459904-84
464055,07/02/2022,08:34:29,07/02/2022,024295IPE070220220104459905-43
464346,07/02/2022,20:15:52,07/02/2022,018821IPE070220220204474412-07
464314,07/02/2022,19:38:35,07/02/2022,018821IPE070220220104459912-13
464065,07/02/2022,09:16:05,07/02/2022,019569IPE070220220104459905-61
464795,08/02/2022,19:45:57,08/02/2022,024813IPE080220220104460012-42
464720,08/02/2022,18:23:59,08/02/2022,000906IPE080220220104460011-62
464725,08/02/2022,18:29:20,08/02/2022,000906IPE080220220104460011-29
464789,08/02/2022,19:37:55,08/02/2022,019739IPE080220220104460012-32
464905,08/02/2022,23:58:18,08/02/2022,020010IPE080220220104460014-56
465359,09/02/2022,18:27:03,09/02/2022,017671IPE090220220104460111-10
465221,09/02/2022,15:22:56,09/02/2022,011312IPE090220220104460109-78
465360,09/02/2022,18:27:37,09/02/2022,020087IPE090220220104460111-44
465364,09/02/2022,18:30:36,09/02/2022,024929IPE090220220104460111-46
465402,09/02/2022,19:01:53,09/02/2022,009512IPE090220220104460111-94
465368,09/02/2022,18:31:57,09/02/2022,024929IPE090220220104460111-68
466266,10/02/2022,19:49:52,10/02/2022,019348IPE100220220104460212-41
466261,10/02/2022,19:48:20,10/02/2022,019348IPE100220220104460212-08
466210,10/02/2022,19:03:26,10/02/2022,014443IPE100220220104460211-69
466389,10/02/2022,21:20:24,10/02/2022,017973IPE100220220104460213-04
466395,10/02/2022,21:25:54,10/02/2022,017973IPE100220220104460213-39
466445,10/02/2022,22:19:26,10/02/2022,017973IPE100220220204483612-96
467275,11/02/2022,19:38:35,11/02/2022,024589IPE110220220104460312-13
467282,11/02/2022,19:42:42,11/02/2022,024392IPE110220220104460312-24
466764,11/02/2022,08:09:16,11/02/2022,024392IPE110220220104460305-05
467268,11/02/2022,19:32:02,11/02/2022,015253IPE110220220104460311-74
468113,14/02/2022,18:24:11,14/02/2022,007617IPE140220220104460611-15
468279,14/02/2022,22:25:03,14/02/2022,020516IPE140220220104460613-48
468150,14/02/2022,19:10:37,14/02/2022,017329IPE140220220104460611-87
468122,14/02/2022,18:36:42,14/02/2022,001023IPE140220220104460611-58
467828,14/02/2022,08:15:38,14/02/2022,011312IPE140220220104460605-33
468196,14/02/2022,20:21:10,14/02/2022,022187IPE140220220104460612-31
468123,14/02/2022,18:37:34,14/02/2022,001023IPE140220220104460611-51
468826,15/02/2022,18:53:26,10/02/2022,017973IPE100220220204483613-39
468890,15/02/2022,20:46:10,15/02/2022,002437IPE150220220104460712-56
468870,15/02/2022,19:50:56,15/02/2022,009512IPE150220220104460712-46
469041,16/02/2022,06:00:01,15/02/2022,022616IPE150220220104460803-61
469344,16/02/2022,20:57:57,16/02/2022,019992IPE160220220104460813-14
469175,16/02/2022,15:43:21,14/02/2022,001023IPE140220220204460611-58
469771,17/02/2022,19:10:30,17/02/2022,015253IPE170220220104460911-80
469680,17/02/2022,17:55:35,17/02/2022,020745IPE170220220104460911-10
469867,17/02/2022,21:33:39,17/02/2022,017450IPE170220220104460913-32
469869,17/02/2022,21:35:10,17/02/2022,017450IPE170220220104460913-05
470251,18/02/2022,19:39:01,18/02/2022,020087IPE180220220104461011-80
470479,21/02/2022,18:17:24,21/02/2022,022357IPE210220220104461311-21
470429,21/02/2022,10:06:19,21/02/2022,020788IPE210220220104461306-25
470416,21/02/2022,08:48:18,21/02/2022,012653IPE210220220104461305-46
470542,21/02/2022,22:04:10,21/02/2022,016659IPE210220220104461313-34
470541,21/02/2022,22:02:56,21/02/2022,019836IPE210220220104461313-78
470531,21/02/2022,19:52:11,21/02/2022,004820IPE210220220104461312-03
470491,21/02/2022,18:33:18,21/02/2022,025372IPE210220220104461311-31
470711,22/02/2022,14:56:54,22/02/2022,020788IPE220220220104461409-50
470862,22/02/2022,19:52:03,22/02/2022,009512IPE220220220104461411-95
470838,22/02/2022,19:11:53,22/02/2022,009512IPE220220220104461412-04
470817,22/02/2022,18:54:40,22/02/2022,017671IPE220220220104461411-74
470708,22/02/2022,14:47:11,22/02/2022,016292IPE220220220104461408-98
471439,23/02/2022,19:56:14,23/02/2022,024929IPE230220220104461512-10
471437,23/02/2022,19:51:27,23/02/2022,024929IPE230220220104461512-18
471346,23/02/2022,18:42:17,23/02/2022,024821IPE230220220104461511-39
471358,23/02/2022,18:48:13,23/02/2022,009512IPE230220220104461511-41
471428,23/02/2022,19:43:42,23/03/2022,009512IPE230320220104461512-25
471117,23/02/2022,08:23:52,23/02/2022,008656IPE230220220104461505-55
471118,23/02/2022,08:24:19,23/02/2022,003980IPE230220220104461505-23
472137,24/02/2022,19:45:15,24/02/2022,004170IPE240220220204461611-70
472151,24/02/2022,20:08:04,24/02/2022,021431IPE240220220104461612-12
472153,24/02/2022,20:09:16,24/02/2022,021431IPE240220220104461612-25
471599,24/02/2022,03:28:12,24/02/2022,023264IPE240220220104461602-20
472120,24/02/2022,19:29:24,24/02/2022,004170IPE240220220104461611-93
472724,25/02/2022,18:02:45,25/02/2022,001023IPE250220220104461711-27
472345,25/02/2022,08:08:08,25/02/2022,025372IPE250220220104461704-96
472825,25/02/2022,19:29:41,25/02/2022,018660IPE250220220104461712-10
472874,25/02/2022,20:36:22,25/02/2022,011312IPE250220220104461712-58
472915,25/02/2022,21:23:10,25/02/2022,018821IPE250220220104461712-93
473760,02/03/2022,10:50:05,02/03/2022,024295IPE020320220104462206-55
474545,03/03/2022,19:45:47,03/03/2022,008672IPE030320220104462312-32
474473,03/03/2022,18:15:34,03/03/2022,020010IPE030320220104462311-29
475093,04/03/2022,20:43:19,04/03/2022,009512IPE040320220104462412-62
475241,05/03/2022,21:32:14,05/03/2022,009512IPE050320220104462513-06
475609,07/03/2022,18:22:17,07/03/2022,018660IPE070320220104462711-19
476606,09/03/2022,18:43:36,09/03/2022,007617IPE090320220104462911-59
476770,09/03/2022,21:14:37,09/03/2022,002437IPE090320220104462913-11
476642,09/03/2022,19:10:09,09/03/2022,020087IPE090320220104462911-59
478087,11/03/2022,20:33:41,11/03/2022,020494IPE110320220104463112-74
478294,14/03/2022,06:49:10,14/03/2022,022357IPE140320220104463404-19
478301,14/03/2022,08:23:36,14/03/2022,019569IPE140320220104463405-39
479201,15/03/2022,23:53:42,15/03/2022,019879IPE150320220104463514-75
479244,16/03/2022,08:47:23,16/03/2022,017329IPE160320220104463605-50
479744,17/03/2022,08:57:03,17/03/2022,014443IPE170320220104463705-40
480630,18/03/2022,19:03:23,18/03/2022,002437IPE180320220104463811-66
480982,21/03/2022,08:51:39,21/03/2022,024295IPE210320220104464105-70
481158,21/03/2022,18:08:31,21/03/2022,007617IPE210320220104464111-19
480978,21/03/2022,08:34:33,21/03/2022,021016IPE210320220104464105-47
481796,23/03/2022,08:43:15,23/03/2022,007617IPE230320220104464305-38
482216,23/03/2022,20:43:36,23/03/2022,018821IPE230320220104464312-79
482229,23/03/2022,21:09:44,23/03/2022,007617IPE230320220104464313-13
482679,24/03/2022,19:11:15,24/03/2022,019739IPE240320220104464411-66
482319,24/03/2022,08:59:48,24/03/2022,018821IPE240320220104464405-87
483597,25/03/2022,20:20:11,25/03/2022,011312IPE250320220104464512-31
483584,25/03/2022,20:06:56,25/03/2022,020931IPE250320220104464512-62
484376,28/03/2022,20:41:14,28/03/2022,009512IPE280320220104464812-55
485095,29/03/2022,18:56:19,29/03/2022,018821IPE290320220104464911-55
484590,29/03/2022,08:36:45,29/03/2022,014443IPE290320220104464905-61
484664,29/03/2022,10:13:19,28/03/2022,009512IPE280320220204464812-55
485557,29/03/2022,23:13:12,29/03/2022,022357IPE290320220104464914-05
485063,29/03/2022,18:44:28,29/03/2022,024910IPE290320220104464911-52
486175,30/03/2022,19:00:03,30/03/2022,022187IPE300320220104465011-43
486047,30/03/2022,18:01:47,30/03/2022,013986IPE300320220204465006-30
487293,31/03/2022,20:48:12,31/03/2022,018821IPE310320220104465112-60
487290,31/03/2022,20:45:28,31/03/2022,018821IPE310320220104465112-73
487075,31/03/2022,18:23:16,31/03/2022,021431IPE310320220104465111-19
487470,01/04/2022,08:54:27,01/04/2022,024813IPE010420220104465205-61
487705,01/04/2022,18:04:53,01/04/2022,018660IPE010420220104465211-37
487463,01/04/2022,08:47:53,01/04/2022,019739IPE010420220104465205-80
487833,01/04/2022,19:11:30,01/04/2022,002437IPE010420220104465211-81
488404,04/04/2022,19:54:54,04/04/2022,009512IPE040420220104465512-48
489439,06/04/2022,20:42:24,06/04/2022,009512IPE060420220104465712-66
489322,06/04/2022,18:36:13,06/04/2022,018660IPE060420220104465711-29
489382,06/04/2022,19:31:57,06/04/2022,002437IPE060420220104465712-28
489900,07/04/2022,22:43:52,07/04/2022,019569IPE070420220104465814-15
491192,11/04/2022,19:48:29,11/04/2022,018821IPE110420220104466212-17
490805,11/04/2022,08:31:36,11/04/2022,009512IPE110420220104466205-47
490818,11/04/2022,08:58:42,11/04/2022,004030IPE110420220104466205-80
491507,12/04/2022,18:12:14,12/04/2022,019992IPE120420220104466311-06
491632,12/04/2022,22:49:07,12/04/2022,020087IPE120420220104466313-76
491512,12/04/2022,18:16:28,12/04/2022,019348IPE120420220104466311-24
491643,13/04/2022,08:00:58,13/04/2022,024929IPE130420220104466405-38
491644,13/04/2022,08:01:49,13/04/2022,024929IPE130420220104466405-30
491973,13/04/2022,20:05:44,13/04/2022,009512IPE130420220104466412-49
491642,13/04/2022,07:59:04,13/04/2022,011312IPE130420220104466404-83
491646,13/04/2022,08:04:09,13/04/2022,017671IPE130420220104466404-93
492363,14/04/2022,19:52:52,14/04/2022,002437IPE140420220104466512-44
492924,18/04/2022,22:17:41,18/04/2022,002437IPE180420220104466913-78
492839,18/04/2022,19:28:45,18/04/2022,024392IPE180420220104466912-13
493143,19/04/2022,18:06:18,19/04/2022,025372IPE190420220104467011-04
493155,19/04/2022,18:15:34,19/04/2022,022187IPE190420220104467011-29
492934,19/04/2022,06:00:53,19/04/2022,022357IPE190420220104467004-13
492971,19/04/2022,09:18:53,19/04/2022,009512IPE190420220104467006-11
493859,20/04/2022,22:45:19,20/04/2022,018821IPE200420220104467113-84
493630,20/04/2022,18:02:13,20/04/2022,009512IPE200420220104467110-95
493454,20/04/2022,14:00:13,20/04/2022,011312IPE200420220104467108-53
493455,20/04/2022,14:02:50,20/04/2022,024929IPE200420220104467108-92
493465,20/04/2022,14:41:43,20/04/2022,017671IPE200420220104467109-24
493456,20/04/2022,14:03:43,20/04/2022,024929IPE200420220104467108-86
494085,21/04/2022,23:50:04,21/04/2022,024783IPE210420220104467214-34
494512,24/04/2022,21:33:38,24/04/2022,024929IPE240420220104467513-31
494513,24/04/2022,21:37:19,24/04/2022,024929IPE240420220104467513-16
494812,25/04/2022,18:28:48,25/04/2022,022187IPE250420220104467611-56
495713,26/04/2022,21:12:31,26/04/2022,009512IPE260420220104467713-03
495580,26/04/2022,19:12:43,26/04/2022,011312IPE260420220104467711-95
496589,27/04/2022,21:30:12,27/04/2022,009512IPE270420220104467813-02
496414,27/04/2022,19:20:10,27/04/2022,009512IPE270420220104467811-70
496453,27/04/2022,19:43:36,27/04/2022,009512IPE270420220104467812-19
496222,27/04/2022,18:06:20,27/04/2022,004170IPE270420220104467811-06
496289,27/04/2022,18:25:15,27/04/2022,009512IPE270420220104467811-20
496239,27/04/2022,18:12:56,27/04/2022,017671IPE270420220104467811-48
496300,27/04/2022,18:31:09,27/04/2022,004170IPE270420220104467811-20
496489,27/04/2022,20:09:36,27/04/2022,009512IPE270420220104467812-45
496429,27/04/2022,19:27:09,27/04/2022,022187IPE270420220104467811-76
497209,28/04/2022,18:05:05,28/04/2022,009512IPE280420220104467910-90
496901,28/04/2022,13:15:27,28/04/2022,009512IPE280420220104467908-22
496796,28/04/2022,10:48:28,28/04/2022,022187IPE280420220104467906-76
497398,28/04/2022,19:19:36,28/04/2022,011312IPE280420220104467911-95
496702,28/04/2022,08:42:24,28/04/2022,013986IPE280420220104467905-46
499271,29/04/2022,19:22:48,29/04/2022,004820IPE290420220104468012-10
497773,29/04/2022,08:10:40,29/04/2022,022357IPE290420220104468005-30
498746,29/04/2022,18:01:20,29/04/2022,019348IPE290420220104468011-01
500246,02/05/2022,19:11:37,02/05/2022,020087IPE020520220104468311-88
500908,03/05/2022,19:18:06,03/05/2022,002437IPE030520220104468411-64
500806,03/05/2022,18:06:35,03/05/2022,021610IPE030520220104468411-21
501463,04/05/2022,18:29:29,04/05/2022,022187IPE040520220104468511-38
501143,04/05/2022,08:39:52,04/05/2022,024929IPE040520220104468505-71
501501,04/05/2022,19:03:13,04/05/2022,020745IPE040520220104468511-56
501516,04/05/2022,19:20:03,04/05/2022,013986IPE040520220204465610-96
501144,04/05/2022,08:40:39,04/05/2022,024929IPE040520220104468505-59
502316,05/05/2022,20:39:52,05/05/2022,024295IPE050520220104468612-91
501744,05/05/2022,07:57:49,05/05/2022,003980IPE050520220104468605-26
502238,05/05/2022,19:22:41,05/05/2022,011312IPE050520220104468612-03
501743,05/05/2022,07:57:48,05/05/2022,008656IPE050520220104468605-25
502237,05/05/2022,19:22:07,05/05/2022,000906IPE050520220104468611-69
502230,05/05/2022,19:14:50,05/05/2022,000906IPE050520220104468612-04
502388,05/05/2022,23:56:22,05/05/2022,024783IPE050520220104468614-58
502227,05/05/2022,19:13:37,05/05/2022,009512IPE050520220104468611-90
502921,06/05/2022,20:18:53,06/05/2022,020087IPE060520220104468712-71
503069,09/05/2022,08:07:32,09/05/2022,024112IPE090520220104469005-19
503436,09/05/2022,18:38:41,09/05/2022,025372IPE090520220104469011-59
503620,09/05/2022,21:40:52,09/05/2022,019836IPE090520220104469013-52
504527,10/05/2022,21:11:52,10/05/2022,009512IPE100520220104469113-23
504355,10/05/2022,19:04:24,10/05/2022,022187IPE100520220104469111-68
504490,10/05/2022,20:19:28,10/05/2022,011312IPE100520220104469112-47
504571,10/05/2022,21:56:06,10/05/2022,019992IPE100520220104469113-22
504416,10/05/2022,19:30:35,10/05/2022,009512IPE100520220104469112-05
505041,11/05/2022,18:46:27,11/05/2022,001023IPE110520220104469211-53
504763,11/05/2022,09:32:06,11/05/2022,019569IPE110520220104469205-78
505395,12/05/2022,09:58:15,12/05/2022,016659IPE120520220104469306-13
505748,12/05/2022,19:15:35,12/05/2022,021610IPE120520220104469311-90
506339,13/05/2022,19:06:56,13/05/2022,009512IPE130520220104469412-02
506388,13/05/2022,19:48:55,13/05/2022,017671IPE130520220104469412-43
506573,14/05/2022,13:01:18,13/05/2022,019739IPE130520220104469507-99
506845,16/05/2022,18:20:12,16/05/2022,019739IPE160520220104469711-12
506887,16/05/2022,18:40:37,16/05/2022,024813IPE160520220104469711-57
507604,18/05/2022,09:32:34,18/05/2022,024392IPE180520220104469906-06
507905,18/05/2022,18:39:11,18/05/2022,004030IPE180520220104469911-30
507972,18/05/2022,20:04:31,18/05/2022,002437IPE180520220104469912-35
508093,19/05/2022,09:44:29,19/05/2022,005258IPE190520220104470006-13
508778,20/05/2022,22:50:28,20/05/2022,002437IPE200520220104470113-98
508955,23/05/2022,17:35:44,23/05/2022,019836IPE230520220104470410-99
509131,23/05/2022,23:11:29,23/05/2022,009512IPE230520220104470414-20
509593,25/05/2022,18:29:52,25/05/2022,009512IPE250520220104470611-61
509668,25/05/2022,21:26:33,25/05/2022,009512IPE250520220104470613-19
510130,26/05/2022,22:51:57,26/05/2022,002437IPE260520220104470714-28
510175,27/05/2022,08:28:48,27/05/2022,001023IPE270520220104470805-56
510207,27/05/2022,09:54:44,27/05/2022,002437IPE270520220104470806-38
510866,30/05/2022,20:57:01,30/05/2022,024295IPE300520220104471112-58
510688,30/05/2022,08:39:31,30/05/2022,022187IPE300520220104471105-50
510892,30/05/2022,22:29:03,30/05/2022,009512IPE300520220104471113-52
511308,31/05/2022,21:29:43,31/05/2022,011312IPE310520220104471213-32
511312,31/05/2022,21:33:21,31/05/2022,011312IPE310520220104471213-14
511315,31/05/2022,21:35:41,31/05/2022,011312IPE310520220104471213-36
511205,31/05/2022,19:14:28,31/05/2022,009512IPE310520220104471211-82
511230,31/05/2022,19:40:49,31/05/2022,021431IPE310520220104471212-29
512018,02/06/2022,18:07:42,02/06/2022,018821IPE020620220104471411-29
512108,02/06/2022,19:46:48,18/05/2022,002437IPE180520220204469912-35
512458,03/06/2022,18:02:18,03/06/2022,009512IPE030620220104471511-00
512192,03/06/2022,08:34:18,03/06/2022,019739IPE030620220104471505-32
512731,05/06/2022,21:39:59,05/06/2022,002437IPE050620220104471713-58
513000,06/06/2022,19:53:29,06/06/2022,023310IPE060620220104471812-22
512926,06/06/2022,18:15:56,06/06/2022,022187IPE060620220104471811-51
512819,06/06/2022,11:29:57,06/06/2022,002437IPE060620220104471807-46
513013,06/06/2022,20:10:40,06/06/2022,002437IPE060620220104471812-50
513381,07/06/2022,18:17:29,07/06/2022,020745IPE070620220204474811-08
513414,07/06/2022,19:15:54,07/06/2022,018821IPE070620220104471912-09
513742,08/06/2022,18:24:11,08/06/2022,022357IPE080620220104472011-15
514143,09/06/2022,18:13:36,09/06/2022,000906IPE090620220104472111-29
514296,09/06/2022,23:04:02,09/06/2022,023310IPE090620220304472105-62
514297,09/06/2022,23:08:23,09/06/2022,011312IPE090620220104472114-11
514187,09/06/2022,18:51:52,09/06/2022,002437IPE090620220104472111-83
513919,09/06/2022,09:27:36,09/06/2022,023310IPE090620220204481005-62
514299,09/06/2022,23:51:50,09/06/2022,009512IPE090620220104472114-81
514319,10/06/2022,08:34:54,10/06/2022,024589IPE100620220104472205-68
514779,10/06/2022,18:30:28,10/06/2022,024589IPE100620220104472211-38
514844,10/06/2022,19:19:52,10/06/2022,015253IPE100620220104472212-11
515013,13/06/2022,08:47:28,13/06/2022,019739IPE130620220104472505-55
515339,14/06/2022,08:45:50,14/06/2022,023310IPE140620220104472605-75
515637,15/06/2022,08:26:27,15/06/2022,024783IPE150620220104472705-33
515788,15/06/2022,17:23:59,15/06/2022,018821IPE150620220104472711-02
516317,17/06/2022,19:04:34,17/06/2022,002437IPE170620220104472911-78
516311,17/06/2022,18:57:54,17/06/2022,012653IPE170620220104472911-91
516453,18/06/2022,21:42:58,18/06/2022,002437IPE180620220104473013-60
516508,20/06/2022,11:12:47,20/06/2022,009512IPE200620220104473207-19
516470,20/06/2022,09:54:52,20/06/2022,009512IPE200620220104473206-46
516623,20/06/2022,19:02:14,20/06/2022,011312IPE200620220104473211-56
516654,20/06/2022,20:41:11,20/06/2022,020516IPE200620220104473212-52
516482,20/06/2022,10:20:51,20/06/2022,009512IPE200620220104473206-71
516665,20/06/2022,21:26:55,20/06/2022,002437IPE200620220104473213-41
516649,20/06/2022,20:21:32,20/06/2022,002437IPE200620220104473212-53
516997,21/06/2022,22:49:38,21/06/2022,009512IPE210620220104473314-07
516985,21/06/2022,21:55:44,21/06/2022,019550IPE210620220104473313-59
516910,21/06/2022,19:06:20,21/06/2022,020982IPE210620220104473311-66
516907,21/06/2022,19:03:26,21/06/2022,020982IPE210620220104473311-69
517111,22/06/2022,17:35:04,22/06/2022,019739IPE220620220104473410-59
517117,22/06/2022,18:04:03,22/06/2022,013986IPE220620220104473410-87
517419,23/06/2022,18:17:38,23/06/2022,019879IPE230620220104473511-35
517717,24/06/2022,18:00:33,24/06/2022,009512IPE240620220104473611-13
517789,24/06/2022,19:50:22,24/06/2022,009512IPE240620220104473612-12
517524,24/06/2022,07:03:33,24/06/2022,023310IPE240620220104473604-56
517916,27/06/2022,13:19:31,27/06/2022,009512IPE270620220104473908-30
518040,27/06/2022,18:31:24,27/06/2022,009512IPE270620220104473911-35
518114,27/06/2022,20:10:39,27/06/2022,019739IPE270620220104473912-49
518481,28/06/2022,21:12:47,28/06/2022,019879IPE280620220104474013-19
518517,29/06/2022,08:18:48,29/06/2022,014460IPE290620220104474105-46
518548,29/06/2022,10:00:37,29/06/2022,015253IPE290620220104474106-37
518684,29/06/2022,17:43:09,29/06/2022,019879IPE290620220104474110-72
519007,30/06/2022,13:19:07,29/06/2022,015784IPE290620220104474208-06
519206,30/06/2022,19:33:57,30/06/2022,004030IPE300620220104474212-30
519266,30/06/2022,21:43:55,30/06/2022,017671IPE300620220104474213-58
519317,01/07/2022,09:33:46,01/07/2022,018821IPE010720220104474306-19
519575,01/07/2022,18:30:31,01/07/2022,019739IPE010720220104474311-41
519336,01/07/2022,09:58:33,01/07/2022,002437IPE010720220104474306-31
519717,01/07/2022,23:37:22,01/07/2022,017671IPE010720220104474314-39
519726,04/07/2022,08:29:52,04/07/2022,024295IPE040720220104474605-61
519736,04/07/2022,09:06:05,04/07/2022,024295IPE040720220204465805-61
519897,04/07/2022,22:06:35,04/07/2022,002437IPE040720220104474613-61
519735,04/07/2022,09:03:35,04/07/2022,004030IPE040720220104474605-78
520176,05/07/2022,18:30:08,05/07/2022,018821IPE050720220104474711-18
520347,05/07/2022,23:42:15,05/07/2022,002437IPE050720220104474714-37
520183,05/07/2022,18:43:26,05/07/2022,009512IPE050720220104474711-49
520174,05/07/2022,18:28:52,05/07/2022,007617IPE050720220104474711-60
520372,06/07/2022,08:49:08,06/07/2022,007617IPE060720220104474805-37
520799,07/07/2022,08:40:00,07/07/2022,020745IPE070720220104474905-20
521031,07/07/2022,18:14:34,07/07/2022,024929IPE070720220104474911-28
521030,07/07/2022,18:14:02,07/07/2022,024929IPE070720220104474910-96
520798,07/07/2022,08:38:28,07/07/2022,020745IPE070720220104474905-46
520800,07/07/2022,08:46:19,07/07/2022,022187IPE070720220104474905-45
521125,08/07/2022,05:56:16,08/07/2022,019348IPE080720220104475003-72
521684,08/07/2022,20:30:33,08/07/2022,002437IPE080720220104475012-63
521983,11/07/2022,18:00:56,11/07/2022,009512IPE110720220104475311-36
521977,11/07/2022,17:51:26,11/07/2022,022187IPE110720220104475310-97
522008,11/07/2022,18:11:35,11/07/2022,019836IPE110720220104475311-26
522439,12/07/2022,21:28:16,12/07/2022,019879IPE120720220104475413-04
522470,13/07/2022,01:26:11,12/07/2022,018821IPE120720220204475500-57
522504,13/07/2022,09:34:03,13/07/2022,013986IPE130720220204475505-59
522617,13/07/2022,18:08:08,13/07/2022,020745IPE130720220104475510-96
522951,14/07/2022,20:17:44,14/07/2022,002437IPE140720220104475612-61
523173,15/07/2022,19:04:43,15/07/2022,012653IPE150720220104475711-87
523148,15/07/2022,18:31:52,15/07/2022,024813IPE150720220104475711-63
523139,15/07/2022,18:19:31,15/07/2022,019739IPE150720220104475711-30
523172,15/07/2022,19:02:15,15/07/2022,009512IPE150720220104475711-57
523198,15/07/2022,22:07:37,15/07/2022,017450IPE150720220104475713-64
523199,15/07/2022,22:08:31,15/07/2022,017450IPE150720220104475713-59
523524,18/07/2022,19:48:18,18/07/2022,018821IPE180720220104476012-06
523693,19/07/2022,18:10:58,19/07/2022,004170IPE190720220104476111-48
523742,19/07/2022,19:02:09,06/06/2022,023310IPE060620220204471812-22
523833,20/07/2022,08:42:32,20/07/2022,024295IPE200720220104476205-54
523991,20/07/2022,18:54:39,20/07/2022,012653IPE200720220104476211-73
524036,20/07/2022,20:25:58,20/07/2022,022187IPE200720220104476212-83
524070,21/07/2022,09:23:50,21/07/2022,004820IPE210720220104476306-13
524233,21/07/2022,18:14:55,21/07/2022,009512IPE210720220104476311-49
524283,21/07/2022,19:10:46,21/07/2022,022357IPE210720220104476311-96
524817,25/07/2022,18:45:36,25/07/2022,021610IPE250720220104476711-61
524862,25/07/2022,19:41:53,25/07/2022,004030IPE250720220104476712-34
524846,25/07/2022,19:22:04,25/07/2022,018821IPE250720220104476711-66
525533,27/07/2022,18:24:45,27/07/2022,013986IPE270720220104476911-49
525528,27/07/2022,18:22:38,27/07/2022,013986IPE270720220104476911-40
525512,27/07/2022,18:15:29,26/07/2022,019550IPE260720220104476911-24
525386,27/07/2022,13:35:39,27/07/2022,009512IPE270720220104476908-54
525574,27/07/2022,18:59:02,27/07/2022,025372IPE270720220104476911-41
525976,28/07/2022,18:10:42,28/07/2022,004170IPE280720220204477010-98
525708,28/07/2022,07:55:31,28/07/2022,019569IPE280720220104477005-06
526083,28/07/2022,19:49:56,28/07/2022,009512IPE280720220104477012-45
526061,28/07/2022,19:24:40,28/07/2022,022357IPE280720220104477012-04
525908,28/07/2022,15:32:32,28/07/2022,009512IPE280720220104477009-64
526085,28/07/2022,19:51:59,28/07/2022,018821IPE280720220104477012-50
526579,29/07/2022,19:17:13,29/07/2022,004030IPE290720220104477111-70
527124,01/08/2022,20:17:33,01/08/2022,019992IPE010820220104477412-50
527026,01/08/2022,19:18:56,01/08/2022,022187IPE010820220104477412-14
526718,01/08/2022,07:10:52,01/08/2022,011312IPE010820220104477404-82
527586,02/08/2022,18:26:22,02/08/2022,020532IPE020820220104477511-28
527861,03/08/2022,08:46:50,03/08/2022,009512IPE030820220104477605-76
528685,04/08/2022,19:18:31,04/08/2022,018821IPE040820220104477711-89
528415,04/08/2022,09:19:10,04/08/2022,004820IPE040820220104477705-69
528659,04/08/2022,18:27:26,04/08/2022,017671IPE040820220104477711-33
528812,04/08/2022,22:28:55,04/08/2022,009512IPE040820220104477714-03
529287,05/08/2022,20:24:46,05/08/2022,002437IPE050820220104477812-70
529325,05/08/2022,21:32:23,05/08/2022,002437IPE050820220104477813-15
529225,05/08/2022,18:43:53,05/08/2022,009512IPE050820220104477811-76
529386,08/08/2022,07:04:31,08/08/2022,023159IPE080820220104478104-55
529656,08/08/2022,18:08:40,08/08/2022,019348IPE080820220104478111-28
529747,08/08/2022,19:24:02,05/08/2022,002437IPE050820220204468913-15
529657,08/08/2022,18:08:43,08/08/2022,019348IPE080820220104478111-31
529945,09/08/2022,08:40:49,09/08/2022,024295IPE090820220104478205-69
531145,10/08/2022,20:09:46,10/08/2022,020931IPE100820220104478312-55
531042,10/08/2022,19:08:35,10/08/2022,001023IPE100820220104478311-83
531039,10/08/2022,19:07:00,10/08/2022,001023IPE100820220104478311-47
531806,11/08/2022,19:40:08,11/08/2022,002437IPE110820220104478411-88
531896,11/08/2022,20:32:46,11/08/2022,009512IPE110820220104478412-78
531802,11/08/2022,19:38:59,11/08/2022,020788IPE110820220104478412-37
531800,11/08/2022,19:37:26,11/08/2022,002437IPE110820220104478412-03
531965,11/08/2022,21:45:30,11/08/2022,009512IPE110820220104478413-35
531780,11/08/2022,19:25:53,11/08/2022,015253IPE110820220104478412-18
531755,11/08/2022,19:10:25,11/08/2022,021610IPE110820220104478411-75
532341,12/08/2022,18:23:08,12/08/2022,018660IPE120820220104478511-11
532876,15/08/2022,18:28:05,15/08/2022,007617IPE150820220104478811-13
533071,15/08/2022,21:20:06,15/08/2022,022187IPE150820220104478812-86
533055,15/08/2022,20:53:44,15/08/2022,024929IPE150820220104478812-97
533054,15/08/2022,20:52:36,15/08/2022,017671IPE150820220104478812-88
533111,15/08/2022,22:05:44,15/08/2022,009512IPE150820220104478813-69
533051,15/08/2022,20:52:04,15/08/2022,024929IPE150820220104478812-56
533038,15/08/2022,20:42:17,15/08/2022,011312IPE150820220104478812-59
533005,15/08/2022,20:10:56,15/08/2022,004030IPE150820220104478812-66
533365,16/08/2022,18:10:41,16/08/2022,009512IPE160820220104478911-31
533415,16/08/2022,19:27:02,16/08/2022,018821IPE160820220104478911-69
533483,16/08/2022,21:10:48,16/08/2022,004030IPE160820220104478913-18
534049,18/08/2022,18:06:27,18/08/2022,018821IPE180820220104479111-13
534214,19/08/2022,08:03:00,19/08/2022,009512IPE190820220104479204-83
534951,22/08/2022,20:40:58,22/08/2022,011312IPE220820220104479512-98
535411,24/08/2022,18:27:52,24/08/2022,022187IPE240820220104479711-59
535689,25/08/2022,18:13:11,25/08/2022,022187IPE250820220104479811-04
535679,25/08/2022,18:03:09,25/08/2022,019348IPE250820220104479810-92
536029,26/08/2022,17:59:03,26/08/2022,001023IPE260820220104479910-82
536077,26/08/2022,19:16:40,26/08/2022,022357IPE260820220104479911-96
536173,29/08/2022,09:22:26,29/08/2022,013986IPE290820220104480205-88
536307,29/08/2022,18:53:56,29/08/2022,011312IPE290820220104480211-89
536476,30/08/2022,09:25:26,30/08/2022,016292IPE300820220104480305-91
536477,30/08/2022,09:31:48,30/08/2022,020788IPE300820220104480306-19
537025,01/09/2022,10:11:32,01/09/2022,016659IPE010920220204457005-94
537264,01/09/2022,19:17:16,01/09/2022,022187IPE010920220104480511-73
537278,01/09/2022,19:36:08,01/09/2022,022357IPE010920220104480511-84
537670,02/09/2022,20:08:13,02/09/2022,004820IPE020920220104480612-21
537900,05/09/2022,22:05:58,05/09/2022,002437IPE050920220104480913-83
537736,05/09/2022,08:00:35,05/09/2022,009512IPE050920220104480905-15
537878,05/09/2022,19:40:35,05/09/2022,015253IPE050920220104480912-15
537886,05/09/2022,20:22:37,05/09/2022,002437IPE050920220104480912-59
538148,06/09/2022,18:30:09,06/09/2022,018660IPE060920220104481011-19
538222,06/09/2022,21:07:44,06/09/2022,002437IPE060920220104481013-11
538171,06/09/2022,18:56:55,06/09/2022,004030IPE060920220104481011-91
538378,07/09/2022,14:55:28,07/09/2022,004170IPE070920220104481109-23
538856,08/09/2022,19:38:26,08/09/2022,022187IPE080920220104481212-04
538835,08/09/2022,19:17:53,08/09/2022,009512IPE080920220104481212-10
539431,09/09/2022,19:33:41,09/09/2022,009512IPE090920220104481312-14
539396,09/09/2022,19:05:30,09/09/2022,008672IPE090920220104481311-75
539422,09/09/2022,19:27:52,09/09/2022,008672IPE090920220104481312-19
539814,12/09/2022,18:48:14,12/09/2022,018821IPE120920220104481611-42
539813,12/09/2022,18:47:38,07/09/2022,004170IPE070920220204475109-23
539801,12/09/2022,18:30:58,12/09/2022,007617IPE120920220104481611-68
539795,12/09/2022,18:26:52,12/09/2022,019992IPE120920220104481611-58
540610,15/09/2022,18:16:26,15/09/2022,017329IPE150920220104481911-22
540937,16/09/2022,18:35:54,16/09/2022,024295IPE160920220104482011-69
540908,16/09/2022,18:09:18,16/09/2022,024295IPE160920220104482011-07
540931,16/09/2022,18:28:53,16/09/2022,024295IPE160920220104482011-61
541058,19/09/2022,09:06:45,19/09/2022,017671IPE190920220104482305-91
541045,19/09/2022,08:30:30,19/09/2022,024295IPE190920220104482305-40
541052,19/09/2022,08:54:54,19/09/2022,011312IPE190920220104482305-88
541035,19/09/2022,07:02:52,19/09/2022,002437IPE190920220104482304-74
541048,19/09/2022,08:46:03,19/09/2022,024929IPE190920220104482305-29
541049,19/09/2022,08:46:29,19/09/2022,024929IPE190920220104482305-55
541676,21/09/2022,19:48:01,21/09/2022,009512IPE210920220104482511-89
541533,21/09/2022,00:35:16,20/09/2022,008672IPE200920220104482500-51
541925,22/09/2022,18:21:57,22/09/2022,020982IPE220920220104482611-58
542022,22/09/2022,21:40:28,22/09/2022,018821IPE220920220104482613-28
542035,23/09/2022,07:26:56,23/09/2022,020010IPE230920220104482705-02
542283,26/09/2022,07:38:53,26/09/2022,022187IPE260920220104483005-11
542478,27/09/2022,08:40:15,23/09/2022,019739IPE230920220204483005-70
542593,27/09/2022,18:35:58,27/09/2022,022616IPE270920220104483111-73
543131,29/09/2022,19:25:22,22/09/2022,019739IPE220920220104483311-87
543083,29/09/2022,17:57:00,29/09/2022,020087IPE290920220104483310-77
543128,29/09/2022,19:20:49,29/09/2022,024813IPE290920220104483312-09
543418,30/09/2022,18:21:51,30/09/2022,009512IPE300920220104483411-52
543491,30/09/2022,19:33:29,30/09/2022,019836IPE300920220104483412-02
543552,03/10/2022,08:10:55,03/10/2022,022187IPE031020220104483705-45
543585,03/10/2022,09:32:17,03/10/2022,024929IPE031020220104483705-89
543584,03/10/2022,09:31:52,03/10/2022,024929IPE031020220104483706-23
543563,03/10/2022,08:39:08,01/10/2022,019739IPE011020220104483705-27
543583,03/10/2022,09:26:06,03/10/2022,017671IPE031020220104483705-72
543564,03/10/2022,08:50:11,03/10/2022,022187IPE031020220204463005-42
544080,04/10/2022,08:53:55,04/10/2022,011312IPE041020220104483805-88
544079,04/10/2022,08:36:35,04/10/2022,024295IPE041020220104483805-51
544086,04/10/2022,09:16:41,04/10/2022,017671IPE041020220104483805-97
544094,04/10/2022,10:01:44,04/10/2022,024929IPE041020220104483806-45
544090,04/10/2022,09:27:03,04/10/2022,007617IPE041020220104483805-70
544097,04/10/2022,10:13:58,04/10/2022,024929IPE041020220104483806-71
544768,05/10/2022,19:50:27,05/10/2022,018821IPE051020220104483912-17
545067,06/10/2022,18:20:18,06/10/2022,004030IPE061020220104484011-18
545299,07/10/2022,14:33:50,07/10/2022,019836IPE071020220104484109-23
546352,11/10/2022,18:37:14,11/10/2022,018660IPE111020220104484511-31
547028,14/10/2022,18:53:51,14/10/2022,011312IPE141020220104484811-84
546787,14/10/2022,08:22:03,14/10/2022,009512IPE141020220104484805-05
547349,17/10/2022,19:48:18,17/10/2022,019550IPE171020220104485112-06
547328,17/10/2022,19:09:08,17/10/2022,024783IPE171020220104485111-57
547352,17/10/2022,19:51:52,17/10/2022,011312IPE171020220104485112-43
547846,19/10/2022,18:24:08,19/10/2022,018660IPE191020220104485311-12
548162,20/10/2022,18:24:08,20/10/2022,025372IPE201020220104485411-12
548285,20/10/2022,23:01:36,20/10/2022,020931IPE201020220104485414-17
548446,21/10/2022,18:02:02,21/10/2022,004030IPE211020220104485510-84
548317,21/10/2022,09:26:09,21/10/2022,020087IPE211020220104485505-75
548528,21/10/2022,19:54:45,21/10/2022,004820IPE211020220104485512-39
548307,21/10/2022,08:46:03,21/10/2022,019879IPE211020220104485505-29
548823,24/10/2022,21:28:15,24/10/2022,009512IPE241020220104485813-03
548821,24/10/2022,21:16:41,24/10/2022,022187IPE241020220104485813-17
549030,25/10/2022,18:09:38,25/10/2022,017671IPE251020220104485911-27
549223,25/10/2022,22:25:24,25/10/2022,019879IPE251020220104485913-69
549609,26/10/2022,21:46:56,26/10/2022,002437IPE261020220104486013-62
549453,26/10/2022,18:09:57,26/10/2022,025372IPE261020220104486011-46
549965,27/10/2022,18:44:03,27/10/2022,011312IPE271020220104486111-27
550074,27/10/2022,19:27:12,27/10/2022,009512IPE271020220104486111-79
549976,27/10/2022,18:53:41,27/10/2022,018821IPE271020220104486111-74
549703,27/10/2022,10:12:06,27/10/2022,025372IPE271020220104486106-18
549934,27/10/2022,18:23:51,27/10/2022,025372IPE271020220104486111-54
549906,27/10/2022,18:00:02,27/10/2022,013986IPE271020220104486110-82
550630,28/10/2022,20:18:28,28/10/2022,002437IPE281020220104486212-46
550953,31/10/2022,18:47:33,31/10/2022,017671IPE311020220104486511-60
551055,31/10/2022,21:09:54,31/10/2022,004030IPE311020220104486513-23
550952,31/10/2022,18:47:32,31/10/2022,005258IPE311020220104486511-59
552276,03/11/2022,15:17:08,03/11/2022,009512IPE031120220104486809-25
552470,03/11/2022,19:04:44,03/11/2022,009512IPE031120220104486811-88
552416,03/11/2022,18:16:36,03/11/2022,017450IPE031120220104486811-32
552097,03/11/2022,09:35:35,03/11/2022,022187IPE031120220204463106-05
552418,03/11/2022,18:17:43,03/11/2022,017450IPE031120220104486811-40
553276,04/11/2022,19:14:04,04/11/2022,009512IPE041120220104486911-58
553282,04/11/2022,19:25:42,04/11/2022,020745IPE041120220104486912-07
554072,07/11/2022,22:33:44,07/11/2022,020516IPE071120220104487213-97
553893,07/11/2022,18:34:28,07/11/2022,007617IPE071120220104487211-42
553385,07/11/2022,07:01:45,07/11/2022,023159IPE071120220104487204-66
554029,07/11/2022,22:06:49,07/11/2022,018821IPE071120220104487213-75
554554,08/11/2022,19:06:14,08/11/2022,000906IPE081120220104487311-60
554609,08/11/2022,19:36:05,08/11/2022,025372IPE081120220104487311-81
555387,09/11/2022,22:25:17,09/11/2022,024295IPE091120220104487413-62
554761,09/11/2022,07:37:05,09/11/2022,008656IPE091120220104487404-62
555267,09/11/2022,19:37:29,09/11/2022,001023IPE091120220104487412-06
555265,09/11/2022,19:36:04,09/11/2022,001023IPE091120220104487411-80
555345,09/11/2022,21:10:31,09/11/2022,024783IPE091120220104487413-01
555416,09/11/2022,23:53:07,09/11/2022,021610IPE091120220104487414-40
554762,09/11/2022,07:37:09,09/11/2022,003980IPE091120220104487404-66
556318,10/11/2022,21:11:54,10/11/2022,017450IPE101120220104487513-25
555935,10/11/2022,18:15:11,11/11/2022,022357IPE111120220104487511-06
556322,10/11/2022,21:12:53,10/11/2022,017450IPE101120220104487513-25
555532,10/11/2022,09:02:20,10/11/2022,007617IPE101120220104487505-62
555970,10/11/2022,18:27:34,10/11/2022,021016IPE101120220104487511-41
556561,11/11/2022,08:10:36,11/11/2022,007617IPE111120220104487605-26
556496,11/11/2022,00:14:55,10/11/2022,019879IPE101120220104487600-69
558134,16/11/2022,18:13:47,16/11/2022,018660IPE161120220104488111-40
557749,16/11/2022,07:02:56,16/11/2022,017450IPE161120220104488104-78
558192,16/11/2022,19:10:02,16/11/2022,004030IPE161120220104488111-52
557748,16/11/2022,07:02:14,16/11/2022,017450IPE161120220104488104-36
558623,17/11/2022,20:01:49,17/11/2022,018660IPE171120220104488212-50
558587,17/11/2022,19:03:10,17/11/2022,009512IPE171120220104488211-53
558645,17/11/2022,20:48:26,17/11/2022,018821IPE171120220104488212-74
558583,17/11/2022,19:00:19,17/11/2022,022357IPE171120220104488211-59
558950,18/11/2022,18:46:12,18/11/2022,018660IPE181120220104488311-38
558929,18/11/2022,18:14:55,18/11/2022,024783IPE181120220104488311-49
558926,18/11/2022,18:06:42,18/11/2022,018821IPE181120220104488311-28
559283,21/11/2022,18:17:31,21/11/2022,015253IPE211120220104488611-28
559460,22/11/2022,01:39:48,21/11/2022,004030IPE211120220104488701-47
559469,22/11/2022,08:50:57,22/11/2022,024392IPE221120220104488705-87
560278,24/11/2022,18:42:40,24/11/2022,009512IPE241120220104488911-62
560606,25/11/2022,18:11:10,25/11/2022,003980IPE251120220104489011-01
560305,25/11/2022,08:29:24,25/11/2022,001023IPE251120220104489005-33
560317,25/11/2022,09:04:32,25/11/2022,011312IPE251120220104489005-76
561089,28/11/2022,20:22:16,28/11/2022,024813IPE281120220104489312-38
561086,28/11/2022,20:20:52,28/11/2022,019739IPE281120220104489312-72
561084,28/11/2022,20:20:46,28/11/2022,019739IPE281120220104489312-66
560737,28/11/2022,09:00:53,28/11/2022,004820IPE281120220104489305-93
560740,28/11/2022,09:16:06,28/11/2022,025372IPE281120220104489305-62
560923,28/11/2022,17:13:49,28/11/2022,024295IPE281120220104489310-82
560728,28/11/2022,08:30:09,28/11/2022,001023IPE281120220104489305-19
561079,28/11/2022,20:16:14,28/11/2022,019348IPE281120220104489312-30
561392,29/11/2022,18:20:22,28/11/2022,025372IPE281120220204489305-62
561133,29/11/2022,07:27:08,29/11/2022,002437IPE291120220104489404-55
561680,30/11/2022,18:08:36,30/11/2022,015253IPE301120220104489511-24
561521,30/11/2022,00:25:23,29/11/2022,025372IPE291120220104489500-48
561808,30/11/2022,20:49:40,30/11/2022,009512IPE301120220104489512-89
561827,30/11/2022,21:31:48,30/11/2022,009512IPE301120220104489513-39
561679,30/11/2022,18:04:20,30/11/2022,018660IPE301120220104489511-04
561759,30/11/2022,19:42:51,30/11/2022,009512IPE301120220104489512-33
562054,01/12/2022,18:02:50,01/12/2022,013986IPE011220220104489611-32
562088,01/12/2022,18:31:49,01/12/2022,004170IPE011220220104489611-60
562264,02/12/2022,08:52:06,02/12/2022,007617IPE021220220104489705-38
562263,02/12/2022,08:51:08,02/12/2022,007617IPE021220220104489705-39
562994,05/12/2022,18:47:56,05/12/2022,020516IPE051220220104490011-83
563012,05/12/2022,19:55:42,05/12/2022,002437IPE051220220104490012-37
563066,05/12/2022,21:07:53,05/12/2022,002437IPE051220220204469312-37
563340,06/12/2022,17:54:44,06/12/2022,009512IPE061220220104490111-18
563770,07/12/2022,18:00:33,07/12/2022,018821IPE071220220104490211-13
563623,07/12/2022,11:05:37,07/12/2022,004170IPE071220220204475405-79
564307,08/12/2022,19:42:38,08/12/2022,021610IPE081220220104490312-20
564306,08/12/2022,19:40:20,08/12/2022,021610IPE081220220104490312-00
563988,08/12/2022,08:40:57,08/12/2022,022187IPE081220220104490305-77
564789,09/12/2022,18:23:49,09/12/2022,019348IPE091220220104490411-52
565503,12/12/2022,20:53:01,12/12/2022,016659IPE121220220104490712-54
565894,13/12/2022,20:00:30,13/12/2022,019879IPE131220220104490812-30
565998,14/12/2022,09:48:18,14/12/2022,018821IPE141220220104490906-06
566235,14/12/2022,19:18:13,14/12/2022,008672IPE141220220104490911-71
566063,14/12/2022,14:38:10,14/12/2022,024821IPE141220220104490908-88
566343,15/12/2022,08:50:22,15/12/2022,004030IPE151220220104491005-52
566603,15/12/2022,19:14:57,15/12/2022,014443IPE151220220104491012-11
566337,15/12/2022,07:44:00,15/12/2022,011312IPE151220220104491004-64
566995,16/12/2022,18:16:44,16/12/2022,023159IPE161220220104491111-40
567103,16/12/2022,21:10:43,16/12/2022,022187IPE161220220204491112-57
567095,16/12/2022,20:29:28,16/12/2022,022187IPE161220220104491112-57
566996,16/12/2022,18:17:41,16/12/2022,024295IPE161220220104491111-38
567026,16/12/2022,18:42:43,16/12/2022,017671IPE161220220104491111-65
567039,16/12/2022,19:01:57,16/12/2022,002437IPE161220220104491111-98
567048,16/12/2022,19:07:39,16/12/2022,002437IPE161220220104491111-86
567566,19/12/2022,20:03:46,19/12/2022,024821IPE191220220104491412-49
567200,19/12/2022,09:17:16,17/12/2022,016659IPE171220220104491405-73
567487,19/12/2022,18:26:16,19/12/2022,015253IPE191220220104491411-22
567684,20/12/2022,09:03:20,20/12/2022,004820IPE201220220104491505-63
567954,20/12/2022,18:33:50,20/12/2022,009512IPE201220220104491511-63
567927,20/12/2022,18:22:27,20/12/2022,024821IPE201220220104491511-29
568493,21/12/2022,22:13:40,21/12/2022,014443IPE211220220104491613-73
568080,21/12/2022,09:11:58,21/12/2022,001023IPE211220220104491606-09
568381,21/12/2022,18:45:16,21/12/2022,020982IPE211220220104491611-41
568780,22/12/2022,20:18:38,22/12/2022,002437IPE221220220104491712-56
568731,22/12/2022,19:14:04,22/12/2022,002437IPE221220220104491711-58
568784,22/12/2022,20:30:06,22/12/2022,004030IPE221220220104491712-36
568765,22/12/2022,19:57:11,22/12/2022,009512IPE221220220104491712-08
568719,22/12/2022,19:04:21,22/12/2022,009512IPE221220220104491711-65
568792,22/12/2022,21:07:04,22/12/2022,019879IPE221220220104491712-71
569033,23/12/2022,18:30:00,23/12/2022,019836IPE231220220104491811-10
569352,26/12/2022,22:00:41,26/12/2022,011312IPE261220220104492113-61
569330,26/12/2022,20:05:39,26/12/2022,002437IPE261220220104492112-44
569257,26/12/2022,18:26:47,26/12/2022,000906IPE261220220104492111-53
569358,26/12/2022,23:13:13,26/12/2022,024821IPE261220220104492114-06
569701,27/12/2022,23:48:55,27/12/2022,018821IPE271220220104492214-83
569711,28/12/2022,09:14:36,28/12/2022,018660IPE281220220104492305-90
569925,28/12/2022,21:26:21,28/12/2022,016292IPE281220220104492313-07
569841,28/12/2022,18:27:26,28/12/2022,019836IPE281220220104492311-33
569922,28/12/2022,19:50:37,28/12/2022,018821IPE281220220104492312-27
570539,30/12/2022,13:59:52,30/12/2022,001023IPE301220220104492508-91
570603,30/12/2022,18:22:13,30/12/2022,014443IPE301220220104492511-15
570666,31/12/2022,16:57:09,31/12/2022,011312IPE311220220104492610-26
570845,02/01/2023,20:12:53,02/01/2023,024821IPE020120230104492812-65
571271,03/01/2023,22:51:58,03/01/2023,019569IPE030120230104492914-29
571252,03/01/2023,22:21:14,03/01/2023,002437IPE030120230104492913-55
571228,03/01/2023,20:45:35,03/01/2023,009512IPE030120230104492912-80
571307,04/01/2023,09:03:39,04/01/2023,019569IPE040120230104493005-82
571306,04/01/2023,08:54:58,04/01/2023,025291IPE040120230104493005-92
571508,04/01/2023,18:07:25,04/01/2023,017329IPE040120230104493011-12
571329,04/01/2023,09:45:12,04/01/2023,009512IPE040120230104493005-97
571601,04/01/2023,21:34:33,04/01/2023,002437IPE040120230104493013-27
572001,05/01/2023,19:37:47,05/01/2023,002437IPE050120230104493112-24
572344,06/01/2023,18:54:22,06/01/2023,022187IPE060120230104493211-56
572363,06/01/2023,19:41:18,06/01/2023,022357IPE060120230104493211-99
572337,06/01/2023,18:43:39,06/01/2023,022357IPE060120230104493211-62
573533,10/01/2023,19:43:27,10/01/2023,002437IPE100120230104493612-10
573784,11/01/2023,18:07:19,11/01/2023,007617IPE110120230104493711-06
573909,12/01/2023,09:05:09,12/01/2023,014443IPE120120230104493805-54
574509,13/01/2023,18:38:15,31/12/2022,011312IPE311220220104493911-33
574236,13/01/2023,08:53:34,13/01/2023,009512IPE130120230104493905-67
574756,16/01/2023,20:03:04,16/01/2023,011312IPE160120230104494212-07
574640,16/01/2023,07:30:00,16/01/2023,001023IPE160120230104494204-50
574955,17/01/2023,17:21:33,17/01/2023,024929IPE170120230104494310-74
574958,17/01/2023,17:24:21,17/01/2023,024929IPE170120230104494310-65
575324,18/01/2023,19:38:09,18/01/2023,001023IPE180120230104494411-87
575530,19/01/2023,18:37:05,19/01/2023,008133IPE190120230104494511-22
575598,19/01/2023,20:21:40,19/01/2023,001023IPE190120230104494512-61
575566,19/01/2023,19:32:09,19/01/2023,001023IPE190120230104494511-81
575858,20/01/2023,18:11:45,20/01/2023,020532IPE200120230104494611-36
575906,20/01/2023,19:17:18,20/01/2023,001023IPE200120230104494611-75
576300,23/01/2023,21:09:38,23/01/2023,024295IPE230120230104494913-07
576950,25/01/2023,19:15:36,25/01/2023,001023IPE250120230104495111-91
577297,26/01/2023,18:38:16,26/01/2023,009512IPE260120230104495211-34
577131,26/01/2023,12:38:28,26/01/2023,009512IPE260120230104495207-86
577300,26/01/2023,18:41:00,26/01/2023,022187IPE260120230104495211-21
577078,26/01/2023,10:38:01,26/01/2023,022187IPE260120230104495206-39
577312,26/01/2023,18:56:54,26/01/2023,009512IPE260120230104495211-90
577041,26/01/2023,08:45:23,26/01/2023,011312IPE260120230104495205-48
577079,26/01/2023,10:43:42,26/01/2023,009512IPE260120230104495206-85
578059,30/01/2023,19:16:01,30/01/2023,014443IPE300120230104495611-57
578088,30/01/2023,20:06:48,30/01/2023,024929IPE300120230104495612-54
578090,30/01/2023,20:08:28,30/01/2023,024929IPE300120230104495612-36
578170,31/01/2023,07:00:06,31/01/2023,020931IPE310120230104495704-26
578967,01/02/2023,18:26:21,01/02/2023,017671IPE010220230104495811-27
578998,01/02/2023,19:06:25,01/02/2023,009512IPE010220230104495811-71
579478,02/02/2023,19:27:52,02/02/2023,009512IPE020220230104495912-19
579171,02/02/2023,08:01:14,02/02/2023,011312IPE020220230104495904-95
579608,02/02/2023,23:45:20,02/02/2023,019879IPE020220230104495914-45
579965,03/02/2023,18:25:52,03/02/2023,003980IPE030220230104496011-57
580141,03/02/2023,23:58:04,03/02/2023,019879IPE030220230104496014-42
579643,03/02/2023,08:32:17,03/02/2023,011312IPE030220230104496005-29
579978,03/02/2023,18:50:02,03/02/2023,023310IPE030220230104496011-32
579996,03/02/2023,19:17:19,03/02/2023,018821IPE030220230104496011-76
579958,03/02/2023,18:22:33,03/02/2023,023310IPE030220230104496011-35
579968,03/02/2023,18:28:29,03/02/2023,008656IPE030220230104496011-37
580517,06/02/2023,18:04:06,06/02/2023,017329IPE060220230104496310-90
580747,07/02/2023,09:49:44,07/02/2023,019569IPE070220230104496406-33
581024,07/02/2023,18:25:06,07/02/2023,019348IPE070220230104496411-11
581811,08/02/2023,21:21:35,08/02/2023,016659IPE080220230104496513-16
581630,08/02/2023,18:13:31,08/02/2023,009512IPE080220230104496511-24
581647,08/02/2023,18:23:08,08/02/2023,024295IPE080220230104496511-11
582529,09/02/2023,20:06:02,09/02/2023,014443IPE090220230104496612-08
582464,09/02/2023,19:00:35,09/02/2023,000906IPE090220230104496611-75
582389,09/02/2023,18:21:59,09/02/2023,020982IPE090220230104496611-60
582012,09/02/2023,07:02:19,09/02/2023,023159IPE090220230104496604-41
582890,10/02/2023,08:28:28,10/02/2023,024295IPE100220230104496705-36
584599,13/02/2023,18:54:46,13/02/2023,001023IPE130220230104497011-80
584600,13/02/2023,18:54:46,13/02/2023,007617IPE130220230104497011-80
584656,13/02/2023,20:18:48,13/02/2023,022357IPE130220230104497012-66
584601,13/02/2023,18:54:49,13/02/2023,001023IPE130220230104497011-83
585394,14/02/2023,19:12:12,14/02/2023,024929IPE140220230104497111-64
585341,14/02/2023,18:33:30,14/02/2023,024929IPE140220230104497111-43
585315,14/02/2023,18:12:41,14/02/2023,024929IPE140220230104497111-33
585310,14/02/2023,18:10:46,14/02/2023,024929IPE140220230104497111-36
586164,15/02/2023,19:48:02,15/02/2023,017450IPE150220230104497211-90
586162,15/02/2023,19:46:48,15/02/2023,017450IPE150220230104497212-34
586050,15/02/2023,18:15:01,15/02/2023,018465IPE150220230104497210-96
586090,15/02/2023,18:30:55,15/02/2023,017671IPE150220230104497211-65
586124,15/02/2023,18:53:43,15/02/2023,025372IPE150220230104497211-76
586091,15/02/2023,18:30:57,15/02/2023,017671IPE150220230104497211-67
586089,15/02/2023,18:30:52,15/02/2023,017671IPE150220230104497211-62
586712,16/02/2023,20:37:31,16/02/2023,021431IPE160220230104497312-68
586601,16/02/2023,18:40:08,16/02/2023,004170IPE160220230104497311-28
586544,16/02/2023,18:00:47,16/02/2023,020532IPE160220230104497311-27
586660,16/02/2023,19:34:25,16/02/2023,014443IPE160220230104497311-99
586723,16/02/2023,20:52:00,16/02/2023,019992IPE160220230104497312-52
587301,17/02/2023,18:17:42,17/02/2023,009512IPE170220230104497411-39
587385,17/02/2023,22:10:31,14/02/2023,024929IPE140220230304497111-64
587374,17/02/2023,21:58:10,17/02/2023,019569IPE170220230104497413-28
587383,17/02/2023,22:08:08,14/02/2023,024929IPE140220230304497111-43
589541,23/02/2023,22:38:41,23/02/2023,020745IPE230220230104498013-99
589999,24/02/2023,23:04:48,24/02/2023,022470IPE240220230104498114-32
589671,24/02/2023,09:04:59,24/02/2023,001023IPE240220230104498106-03
590779,27/02/2023,22:05:24,27/02/2023,024929IPE270220230104498413-49
590776,27/02/2023,22:03:00,27/02/2023,024929IPE270220230104498413-23
590774,27/02/2023,22:01:47,27/02/2023,024929IPE270220230104498413-68
590778,27/02/2023,22:04:26,27/02/2023,024929IPE270220230104498413-50
590747,27/02/2023,21:21:41,27/02/2023,009512IPE270220230104498413-22
590703,27/02/2023,20:23:14,27/02/2023,004820IPE270220230104498412-37
591267,28/02/2023,19:24:38,28/02/2023,013986IPE280220230304498510-84
591250,28/02/2023,19:11:53,28/02/2023,008672IPE280220230104498512-04
591180,28/02/2023,18:29:20,28/02/2023,020982IPE280220230104498511-29
591193,28/02/2023,18:39:42,28/02/2023,017671IPE280220230104498511-61
591152,28/02/2023,18:00:04,28/02/2023,013986IPE280220230104498510-84
590949,28/02/2023,08:54:51,28/02/2023,025291IPE280220230104498505-85
590959,28/02/2023,09:47:22,28/02/2023,009512IPE280220230104498506-09
591233,28/02/2023,19:05:40,27/02/2023,018821IPE270220230104498511-85
591296,28/02/2023,19:58:00,28/02/2023,014443IPE280220230104498511-98
591540,01/03/2023,08:32:03,01/03/2023,003980IPE010320230104498605-15
592083,01/03/2023,23:00:13,01/03/2023,019569IPE010320230104498613-93
591573,01/03/2023,09:25:57,01/03/2023,009512IPE010320230104498606-22
591551,01/03/2023,08:46:58,01/03/2023,008656IPE010320230104498605-84
591933,01/03/2023,19:12:24,01/03/2023,024813IPE010320230104498611-76
591593,01/03/2023,09:49:45,01/03/2023,009512IPE010320230104498606-34
592056,01/03/2023,21:46:33,01/03/2023,009512IPE010320230104498613-39
591912,01/03/2023,18:59:38,01/03/2023,019739IPE010320230104498611-77
591868,01/03/2023,18:32:27,01/03/2023,022187IPE010320230104498611-39
591550,01/03/2023,08:46:54,01/03/2023,003980IPE010320230104498605-80
592181,02/03/2023,03:37:41,02/03/2023,023264IPE020320230104498702-58
592762,02/03/2023,20:57:51,02/03/2023,019348IPE020320230104498713-08
592180,02/03/2023,03:37:06,02/03/2023,011312IPE020320230104498702-23
592727,02/03/2023,20:14:18,02/03/2023,018821IPE020320230104498712-32
592793,02/03/2023,21:47:32,02/03/2023,011312IPE020320230104498713-39
593320,03/03/2023,19:02:57,03/03/2023,019569IPE030320230104498811-99
593500,05/03/2023,21:20:45,05/03/2023,024112IPE050320230104499013-25
593999,06/03/2023,20:56:16,06/03/2023,014443IPE060320230104499112-72
594519,07/03/2023,19:05:02,07/03/2023,005258IPE070320230204511011-35
594461,07/03/2023,18:25:05,07/03/2023,025372IPE070320230104499211-10
594502,07/03/2023,18:52:30,07/03/2023,018821IPE070320230104499211-62
595124,08/03/2023,19:57:22,08/03/2023,020745IPE080320230104499312-19
594710,08/03/2023,07:46:03,08/03/2023,019569IPE080320230104499304-69
594732,08/03/2023,08:53:58,08/03/2023,019569IPE080320230204514105-39
595127,08/03/2023,21:57:12,08/03/2023,024392IPE080320230104499313-29
594773,08/03/2023,09:37:52,08/03/2023,009512IPE080320230104499306-29
594756,08/03/2023,09:16:41,08/03/2023,025291IPE080320230104499305-97
596549,10/03/2023,20:46:14,07/03/2023,018821IPE070320230204511011-62
595895,10/03/2023,01:30:27,09/03/2023,022470IPE090320230104499501-17
596994,13/03/2023,18:25:28,13/03/2023,024813IPE130320230104499811-33
596986,13/03/2023,18:21:04,13/03/2023,019348IPE130320230104499811-05
596998,13/03/2023,18:28:36,13/03/2023,018821IPE130320230104499811-44
596985,13/03/2023,18:20:36,13/03/2023,019739IPE130320230104499811-36
597124,13/03/2023,20:55:51,13/03/2023,024295IPE130320230104499813-06
597217,14/03/2023,07:36:44,14/03/2023,025372IPE140320230104499905-00
597524,14/03/2023,19:03:27,14/03/2023,021016IPE140320230104499911-70
597911,15/03/2023,17:20:55,15/03/2023,021016IPE150320230104500010-95
598005,15/03/2023,19:05:05,15/03/2023,023310IPE150320230104500011-50
597963,15/03/2023,18:25:11,15/03/2023,003980IPE150320230104500011-16
598058,15/03/2023,20:29:01,15/03/2023,009512IPE150320230104500012-30
598586,16/03/2023,20:01:29,16/03/2023,008133IPE160320230104500112-30
599269,17/03/2023,22:14:02,17/03/2023,017450IPE170320230104500213-36
598771,17/03/2023,09:36:54,17/03/2023,025291IPE170320230104500206-30
598716,17/03/2023,00:21:33,16/03/2023,011312IPE160320230104500200-54
599270,17/03/2023,22:14:05,17/03/2023,017450IPE170320230104500213-39
598919,17/03/2023,15:07:54,17/03/2023,019550IPE170320230104500209-61
598917,17/03/2023,15:03:45,17/03/2023,024783IPE170320230104500209-48
598715,17/03/2023,00:05:06,16/03/2023,025372IPE160320230104500200-11
599600,20/03/2023,17:52:46,15/03/2023,021016IPE150320230204500010-95
599648,20/03/2023,18:19:31,20/03/2023,007617IPE200320230104500511-30
600229,21/03/2023,19:28:33,21/03/2023,004820IPE210320230104500612-01
600333,21/03/2023,22:17:30,21/03/2023,024295IPE210320230104500613-67
600779,22/03/2023,22:06:22,22/03/2023,009512IPE220320230104500713-48
601261,23/03/2023,22:09:15,23/03/2023,019739IPE230320230104500813-44
601231,23/03/2023,21:36:14,23/03/2023,008672IPE230320230104500813-10
601103,23/03/2023,18:53:27,23/03/2023,022187IPE230320230104500811-60
601068,23/03/2023,18:22:07,23/03/2023,022357IPE230320230104500811-09
601275,23/03/2023,22:45:41,23/03/2023,017973IPE230320230104500814-06
601279,23/03/2023,23:19:12,23/03/2023,017973IPE230320230104500814-11
602673,27/03/2023,20:57:32,27/03/2023,024392IPE270320230104501212-89
602494,27/03/2023,18:49:14,27/03/2023,020982IPE270320230104501211-43
604218,29/03/2023,15:45:23,29/03/2023,009512IPE290320230104501409-68
604034,29/03/2023,09:45:43,29/03/2023,019879IPE290320230104501406-28
605315,30/03/2023,23:09:20,30/03/2023,019879IPE300320230104501514-09
605302,30/03/2023,21:41:38,30/03/2023,004030IPE300320230104501513-39
605248,30/03/2023,19:35:01,30/03/2023,004030IPE300320230104501511-76
605931,31/03/2023,19:01:22,31/03/2023,024929IPE310320230104501611-63
606116,31/03/2023,20:54:56,31/03/2023,019879IPE310320230104501613-10
605612,31/03/2023,15:33:37,31/03/2023,024295IPE310320230104501609-70
605925,31/03/2023,18:57:57,31/03/2023,024929IPE310320230104501611-94
605953,31/03/2023,19:12:47,30/03/2023,004030IPE300320230204501511-76
605331,31/03/2023,08:01:04,31/03/2023,004170IPE310320230104501604-85
605595,31/03/2023,15:09:08,31/03/2023,015253IPE310320230104501609-17
606253,02/04/2023,23:49:16,02/04/2023,024392IPE020420230104501814-45
606841,03/04/2023,20:45:25,03/04/2023,002437IPE030420230104501912-70
606776,03/04/2023,19:19:04,03/04/2023,019550IPE030420230104501911-63
606831,03/04/2023,20:33:35,03/04/2023,022187IPE030420230104501912-68
606765,03/04/2023,19:08:49,03/04/2023,024783IPE030420230104501911-97
607260,04/04/2023,18:18:53,04/04/2023,022357IPE040420230104502011-51
607877,05/04/2023,18:20:19,05/04/2023,022187IPE050420230104502111-19
607902,05/04/2023,18:43:38,05/04/2023,025291IPE050420230104502111-61
607976,05/04/2023,22:01:38,05/04/2023,022357IPE050420230104502113-59
608708,06/04/2023,22:20:05,06/04/2023,014443IPE060420230104502213-45
608518,06/04/2023,18:29:26,06/04/2023,023310IPE060420230104502211-35
608767,07/04/2023,10:48:10,07/04/2023,014443IPE070420230104502306-58
608812,07/04/2023,22:00:21,07/04/2023,019879IPE070420230104502313-41
609516,10/04/2023,19:02:43,10/04/2023,023310IPE100420230104502611-85
610013,11/04/2023,21:05:55,11/04/2023,023310IPE110420230104502713-20
609711,11/04/2023,09:33:30,11/04/2023,019348IPE110420230104502706-03
609683,11/04/2023,08:31:59,11/04/2023,019879IPE110420230104502705-70
610158,12/04/2023,14:28:05,12/04/2023,019879IPE120420230104502808-73
610420,12/04/2023,22:35:18,12/04/2023,009512IPE120420230104502813-73
611179,14/04/2023,19:23:01,14/04/2023,019879IPE140420230104503011-64
611178,14/04/2023,19:22:56,14/04/2023,016659IPE140420230104503012-18
611128,14/04/2023,18:34:05,14/04/2023,019879IPE140420230104503011-19
611267,16/04/2023,21:44:37,16/04/2023,025291IPE160420230104503213-41
611729,17/04/2023,20:18:43,17/04/2023,019879IPE170420230104503312-61
611269,17/04/2023,08:07:26,17/04/2023,019569IPE170420230104503305-13
612025,18/04/2023,18:09:49,18/04/2023,018821IPE180420230104503411-38
612591,19/04/2023,19:07:41,19/04/2023,005258IPE190420230104503511-88
612721,20/04/2023,07:59:12,20/04/2023,019569IPE200420230104503604-91
613117,20/04/2023,19:20:35,20/04/2023,017450IPE200420230104503611-95
613114,20/04/2023,19:19:56,20/04/2023,017450IPE200420230104503612-15
613255,21/04/2023,21:44:23,21/04/2023,011312IPE210420230104503713-27
613254,21/04/2023,21:40:12,21/04/2023,011312IPE210420230104503713-12
613748,24/04/2023,18:34:21,19/04/2023,005258IPE190420230204503511-88
613864,24/04/2023,20:15:13,18/04/2023,018821IPE180420230204503411-38
615546,26/04/2023,21:16:26,26/04/2023,001023IPE260420230104504213-02
615599,26/04/2023,22:25:50,26/04/2023,009512IPE260420230104504213-95
615580,26/04/2023,22:03:11,26/04/2023,009512IPE260420230104504213-34
615611,26/04/2023,22:44:36,26/04/2023,009512IPE260420230104504214-00
616443,27/04/2023,18:45:26,27/04/2023,009512IPE270420230104504311-51
616283,27/04/2023,18:03:58,27/04/2023,013986IPE270420230104504311-41
618663,28/04/2023,19:58:35,28/04/2023,017973IPE280420230104504412-33
619401,02/05/2023,08:47:16,02/05/2023,015253IPE020520230104504805-43
620118,02/05/2023,19:29:57,02/05/2023,004820IPE020520230104504812-26
620909,03/05/2023,18:41:18,03/05/2023,009512IPE030520230104504911-39
621783,04/05/2023,19:16:05,04/05/2023,024813IPE040520230104505011-61
621807,04/05/2023,19:34:15,04/05/2023,011312IPE040520230104505011-89
621789,04/05/2023,19:19:50,04/05/2023,019739IPE040520230104505012-09
621649,04/05/2023,18:06:51,04/05/2023,025372IPE040520230104505011-37
621273,04/05/2023,08:47:41,04/05/2023,008133IPE040520230104505005-68
622476,05/05/2023,16:11:52,05/05/2023,004820IPE050520230104505110-23
622963,08/05/2023,08:12:02,08/05/2023,022187IPE080520230104505404-94
623550,08/05/2023,22:32:20,08/05/2023,022187IPE080520230204514311-77
622985,08/05/2023,09:01:35,08/05/2023,004820IPE080520230104505405-76
623559,08/05/2023,23:53:42,08/05/2023,001023IPE080520230104505414-75
622922,08/05/2023,05:44:08,08/05/2023,002437IPE080520230104505403-52
623962,09/05/2023,17:50:34,09/05/2023,021016IPE090520230204517410-95
624159,09/05/2023,19:42:17,09/05/2023,008133IPE090520230104505511-99
624145,09/05/2023,19:36:05,09/05/2023,020087IPE090520230104505511-81
624300,10/05/2023,01:17:57,09/05/2023,004820IPE090520230104505601-34
625456,11/05/2023,16:19:19,11/05/2023,009512IPE110520230104505709-98
626085,12/05/2023,08:19:33,12/05/2023,015253IPE120520230104505805-32
626082,12/05/2023,08:10:05,12/05/2023,019879IPE120520230104505804-95
626413,12/05/2023,18:15:22,12/05/2023,021610IPE120520230104505811-17
627311,15/05/2023,20:31:13,15/05/2023,020745IPE150520230104506112-44
627376,15/05/2023,21:03:27,15/05/2023,019879IPE150520230104506112-90
627386,15/05/2023,21:09:08,15/05/2023,019879IPE150520230104506112-77
626837,15/05/2023,08:53:40,15/05/2023,024112IPE150520230104506105-73
626830,15/05/2023,08:39:36,15/05/2023,024392IPE150520230104506105-55
627240,15/05/2023,19:41:12,15/05/2023,022357IPE150520230104506111-93
627375,15/05/2023,21:03:19,15/05/2023,007617IPE150520230104506112-82
626838,15/05/2023,08:53:42,15/05/2023,024112IPE150520230104506105-75
627197,15/05/2023,18:29:19,15/05/2023,001023IPE150520230104506111-28
627673,16/05/2023,09:32:10,16/05/2023,025291IPE160520230104506205-82
628114,16/05/2023,22:27:27,16/05/2023,019879IPE160520230104506213-74
627632,16/05/2023,07:44:19,16/05/2023,009512IPE160520230104506204-83
628549,17/05/2023,22:35:57,17/05/2023,019879IPE170520230104506314-12
628902,18/05/2023,19:47:33,18/05/2023,025372IPE180520230104506412-20
628885,18/05/2023,19:26:54,18/05/2023,023264IPE180520230104506412-20
629189,19/05/2023,13:32:51,19/05/2023,025291IPE190520230204506508-50
629423,19/05/2023,20:06:24,19/05/2023,024392IPE190520230104506512-30
629557,20/05/2023,09:05:34,20/05/2023,011312IPE200520230104506605-79
629938,22/05/2023,19:31:19,22/05/2023,014443IPE220520230104506811-90
630725,24/05/2023,19:16:53,24/05/2023,023310IPE240520230104507012-09
630788,24/05/2023,21:42:26,24/05/2023,025291IPE240520230204507012-92
631109,25/05/2023,18:56:57,25/05/2023,023310IPE250520230104507111-93
631397,26/05/2023,08:30:17,26/05/2023,001023IPE260520230104507205-27
631636,26/05/2023,15:12:54,02/05/2023,015253IPE020520230204496205-43
631895,27/05/2023,12:27:39,27/05/2023,023310IPE270520230104507307-86
631916,29/05/2023,09:17:35,29/05/2023,025291IPE290520230104507505-92
632507,30/05/2023,18:45:40,30/05/2023,018821IPE300520230104507611-65
632525,30/05/2023,19:03:54,30/05/2023,024295IPE300520230104507611-97
632500,30/05/2023,18:41:06,30/05/2023,018821IPE300520230104507611-27
632750,31/05/2023,08:56:46,31/05/2023,020788IPE310520230104507705-82
632724,31/05/2023,08:30:34,31/05/2023,016292IPE310520230104507705-44
633117,31/05/2023,20:40:36,31/05/2023,024821IPE310520230104507712-76
633116,31/05/2023,20:38:17,31/05/2023,018821IPE310520230104507712-55
633638,01/06/2023,18:47:54,01/06/2023,024112IPE010620230104507811-81
633289,01/06/2023,08:13:30,01/06/2023,017329IPE010620230104507805-23
633269,01/06/2023,07:32:37,01/06/2023,009512IPE010620230104507804-89
634193,02/06/2023,19:24:30,02/06/2023,025291IPE020620230104507911-94
634217,02/06/2023,19:52:29,02/06/2023,017450IPE020620230104507912-21
634240,02/06/2023,20:13:35,02/06/2023,023310IPE020620230104507912-48
634214,02/06/2023,19:50:27,02/06/2023,017450IPE020620230104507912-17
633838,02/06/2023,09:35:28,02/06/2023,023310IPE020620230104507906-03
634104,02/06/2023,18:01:50,02/06/2023,013986IPE020620230104507911-31
634234,02/06/2023,20:08:16,02/06/2023,019879IPE020620230104507912-24
634720,06/06/2023,09:23:14,06/06/2023,019348IPE060620230104508305-77
635474,07/06/2023,08:27:17,07/06/2023,007617IPE070620230104508405-24
636066,07/06/2023,20:36:39,07/06/2023,011312IPE070620230104508412-75
635501,07/06/2023,09:35:53,07/06/2023,016659IPE070620230104508406-28
635834,07/06/2023,18:02:05,07/06/2023,017329IPE070620230104508410-87
635860,07/06/2023,18:08:21,07/06/2023,019348IPE070620230104508411-09
635998,07/06/2023,19:32:04,07/06/2023,025291IPE070620230104508411-76
636038,07/06/2023,20:09:25,07/06/2023,009512IPE070620230104508412-34
636338,08/06/2023,19:59:48,08/06/2023,023310IPE080620230104508512-47
636680,09/06/2023,18:08:37,09/06/2023,012653IPE090620230104508611-25
636723,09/06/2023,18:34:30,09/06/2023,019739IPE090620230104508611-44
636719,09/06/2023,18:27:29,09/06/2023,025291IPE090620230104508611-36
637405,12/06/2023,19:50:39,12/06/2023,024929IPE120620230104508912-29
637407,12/06/2023,19:51:47,12/06/2023,024929IPE120620230104508912-38
637432,12/06/2023,20:21:11,12/06/2023,009512IPE120620230104508912-32
637507,13/06/2023,00:10:06,12/06/2023,020532IPE120620230104509000-16
637536,13/06/2023,09:19:39,13/06/2023,024112IPE130620230104509005-98
638607,15/06/2023,18:37:14,15/06/2023,000906IPE150620230104509211-31
638350,15/06/2023,09:01:45,15/06/2023,023310IPE150620230104509205-86
638623,15/06/2023,19:46:33,15/06/2023,018821IPE150620230104509212-19
639132,16/06/2023,19:44:10,16/06/2023,004030IPE160620230104509311-94
638740,16/06/2023,08:42:30,16/06/2023,019739IPE160620230104509305-52
638746,16/06/2023,09:01:39,16/06/2023,019739IPE160620230104509305-80
639250,17/06/2023,17:00:56,17/06/2023,020087IPE170620230104509410-76
639507,19/06/2023,22:11:16,19/06/2023,020516IPE190620230204509613-37
639515,19/06/2023,22:41:59,19/06/2023,017450IPE190620230104509614-20
639434,19/06/2023,18:17:09,19/06/2023,007617IPE190620230104509611-06
639970,20/06/2023,22:12:02,20/06/2023,019879IPE200620230104509713-34
640399,22/06/2023,10:35:29,22/06/2023,025372IPE220620230104509906-64
640577,22/06/2023,18:06:47,22/06/2023,020745IPE220620230104509911-33
640970,23/06/2023,18:12:41,23/06/2023,025372IPE230620230104510011-33
640739,23/06/2023,02:31:48,22/06/2023,023310IPE220620230104510001-99
641573,26/06/2023,22:53:25,26/06/2023,009512IPE260620230104510313-98
641580,26/06/2023,23:36:59,26/06/2023,019739IPE260620230104510314-75
641396,26/06/2023,18:26:24,26/06/2023,020982IPE260620230104510311-30
641389,26/06/2023,18:21:54,26/06/2023,020982IPE260620230104510311-55
641811,27/06/2023,17:57:07,27/06/2023,014460IPE270620230104510410-84
641971,27/06/2023,22:35:01,27/06/2023,025372IPE270620230104510413-56
641889,27/06/2023,20:06:59,27/06/2023,017973IPE270620230104510412-65
641830,27/06/2023,18:28:54,27/06/2023,009512IPE270620230104510411-62
642289,28/06/2023,20:06:48,28/06/2023,018821IPE280620230104510512-54
641999,28/06/2023,08:15:47,28/06/2023,024112IPE280620230104510505-42
643210,30/06/2023,19:10:11,30/06/2023,024295IPE300620230104510711-61
643034,30/06/2023,17:14:24,30/06/2023,017329IPE300620230104510710-58
643416,03/07/2023,08:51:38,03/07/2023,009512IPE030720230104511005-69
643752,03/07/2023,18:16:15,03/07/2023,020745IPE030720230104511011-11
643909,04/07/2023,01:30:43,04/07/2023,016292IPE040720230204502300-62
645629,10/07/2023,08:02:15,10/07/2023,007617IPE100720230104511704-97
646642,11/07/2023,18:58:59,11/07/2023,009512IPE110720230104511811-97
646738,12/07/2023,09:40:25,12/07/2023,024112IPE120720230104511906-05
646920,12/07/2023,19:05:22,12/07/2023,011312IPE120720230104511911-67
647294,13/07/2023,22:10:14,13/07/2023,024112IPE130720230104512013-44
647218,13/07/2023,19:00:29,13/07/2023,019569IPE130720230104512011-69
647308,13/07/2023,23:06:39,13/07/2023,016292IPE130720230104512014-25
647484,14/07/2023,18:04:13,14/07/2023,018821IPE140720230104512110-97
647612,14/07/2023,22:26:44,14/07/2023,019879IPE140720230104512113-90
647444,14/07/2023,17:08:29,14/07/2023,024112IPE140720230104512110-57
647355,14/07/2023,10:51:57,27/06/2023,017973IPE270620230204510412-65
647566,14/07/2023,19:59:21,14/07/2023,024112IPE140720230104512112-20
647799,17/07/2023,17:39:12,17/07/2023,022187IPE170720230104512410-71
648647,19/07/2023,21:03:18,19/07/2023,022357IPE190720230104512612-81
648650,19/07/2023,21:16:58,14/07/2023,018821IPE140720230204512110-97
648357,19/07/2023,08:05:09,19/07/2023,007617IPE190720230104512604-94
648875,20/07/2023,18:10:57,20/07/2023,007617IPE200720230104512711-47
649026,21/07/2023,07:04:14,21/07/2023,004820IPE210720230104512804-38
649630,24/07/2023,22:00:20,24/07/2023,020532IPE240720230104513113-40
649689,25/07/2023,09:51:02,25/07/2023,024821IPE250720230104513205-93
650333,26/07/2023,18:43:47,26/07/2023,009512IPE260720230104513311-70
650070,26/07/2023,08:34:58,26/07/2023,024813IPE260720230104513305-72
650383,26/07/2023,19:31:05,26/07/2023,004820IPE260720230104513311-76
650394,26/07/2023,19:46:06,26/07/2023,025372IPE260720230104513311-92
650066,26/07/2023,08:32:43,26/07/2023,019739IPE260720230104513305-55
650489,27/07/2023,07:44:28,27/07/2023,019569IPE270720230104513404-92
650911,27/07/2023,19:31:07,27/07/2023,004170IPE270720230104513411-78
650910,27/07/2023,19:30:03,27/07/2023,004170IPE270720230104513411-73
650912,27/07/2023,19:31:58,27/07/2023,004170IPE270720230104513412-29
651121,28/07/2023,09:35:31,28/07/2023,022357IPE280720230104513506-06
651437,28/07/2023,19:17:05,28/07/2023,024295IPE280720230104513511-62
651374,28/07/2023,18:17:32,27/07/2023,004170IPE270720230204513412-29
651495,28/07/2023,21:00:06,28/07/2023,009512IPE280720230104513512-66
652022,31/07/2023,23:05:52,31/07/2023,014443IPE310720230104513814-37
651811,31/07/2023,18:17:36,31/07/2023,019992IPE310720230104513811-33
652539,01/08/2023,20:07:44,01/08/2023,008672IPE010820230104513912-51
652888,02/08/2023,09:26:28,02/08/2023,020745IPE020820230104514005-94
653096,02/08/2023,18:02:23,02/08/2023,013986IPE020820230104514011-05
653581,03/08/2023,18:52:17,03/08/2023,000906IPE030820230104514111-49
653184,03/08/2023,02:29:17,03/08/2023,023264IPE030820230104514101-66
653677,03/08/2023,21:05:14,03/08/2023,009512IPE030820230104514112-79
653774,04/08/2023,00:40:05,04/08/2023,009512IPE040820230104514200-45
654350,04/08/2023,18:04:17,04/08/2023,023159IPE040820230204502411-39
654879,07/08/2023,18:17:51,07/08/2023,019348IPE070820230104514511-48
654910,07/08/2023,18:37:41,07/08/2023,002437IPE070820230104514511-58
655520,08/08/2023,18:22:31,08/08/2023,019992IPE080820230104514611-33
656271,09/08/2023,18:37:26,09/08/2023,001023IPE090820230104514711-43
656270,09/08/2023,18:37:22,09/08/2023,001023IPE090820230104514711-39
655872,09/08/2023,08:37:44,09/08/2023,003980IPE090820230104514705-61
656465,09/08/2023,21:25:41,09/08/2023,024821IPE090820230104514713-26
657288,10/08/2023,19:21:17,10/08/2023,021610IPE100820230104514811-78
657187,10/08/2023,18:42:58,10/08/2023,017450IPE100820230104514811-80
657186,10/08/2023,18:42:56,10/08/2023,017450IPE100820230104514811-78
657978,11/08/2023,19:15:01,11/08/2023,003980IPE110820230204523810-45
657956,11/08/2023,18:54:13,11/08/2023,015784IPE110820230104514911-47
657818,11/08/2023,17:04:21,11/08/2023,003980IPE110820230104514910-45
657820,11/08/2023,17:05:54,11/08/2023,008656IPE110820230104514910-79
657980,11/08/2023,19:16:37,11/08/2023,008656IPE110820230204523810-79
657907,11/08/2023,18:20:56,11/08/2023,002437IPE110820230104514911-56
658595,14/08/2023,19:36:40,14/08/2023,018821IPE140820230104515212-16
658444,14/08/2023,18:14:42,14/08/2023,007617IPE140820230104515211-36
658713,14/08/2023,21:00:51,14/08/2023,019836IPE140820230104515213-11
658658,14/08/2023,20:25:02,14/08/2023,002437IPE140820230104515212-27
658663,14/08/2023,20:29:33,14/08/2023,019569IPE140820230104515212-62
659344,16/08/2023,08:40:39,16/08/2023,024783IPE160820230104515405-59
659645,16/08/2023,20:31:39,16/08/2023,014443IPE160820230104515412-70
660031,17/08/2023,20:58:44,17/08/2023,024112IPE170820230104515513-02
661170,22/08/2023,22:11:33,22/08/2023,002437IPE220820230104516013-64
661529,24/08/2023,06:59:20,23/08/2023,019348IPE230820230104516204-39
662051,25/08/2023,19:02:05,25/08/2023,002437IPE250820230104516311-47
662010,25/08/2023,18:03:23,25/08/2023,001023IPE250820230104516311-06
662652,28/08/2023,18:29:44,28/08/2023,020788IPE280820230104516611-53
662441,28/08/2023,08:33:53,28/08/2023,019550IPE280820230104516605-66
662439,28/08/2023,08:30:52,28/08/2023,024783IPE280820230104516605-62
662647,28/08/2023,18:25:04,28/08/2023,020931IPE280820230104516611-09
662622,28/08/2023,18:11:33,28/08/2023,009512IPE280820230104516611-24
663387,30/08/2023,18:30:49,30/08/2023,024783IPE300820230104516811-59
663384,30/08/2023,18:27:16,30/08/2023,011312IPE300820230104516811-23
663879,01/09/2023,08:03:35,01/09/2023,025372IPE010920230104517005-18
665566,06/09/2023,18:09:30,06/09/2023,019348IPE060920230104517511-19
666066,08/09/2023,07:32:40,08/09/2023,002437IPE080920230104517704-92
667792,13/09/2023,18:37:03,13/09/2023,005258IPE130920230104518211-20
667930,14/09/2023,08:30:03,14/09/2023,007617IPE140920230104518305-13
668405,15/09/2023,18:17:56,15/09/2023,018821IPE150920230104518411-53
668538,17/09/2023,19:51:17,17/09/2023,017671IPE170920230104518612-08
668741,18/09/2023,18:09:18,18/09/2023,007617IPE180920230104518711-07
668816,18/09/2023,19:38:26,18/09/2023,024295IPE180920230104518712-04
668910,18/09/2023,22:11:41,18/09/2023,014443IPE180920230104518713-72
668764,18/09/2023,18:32:19,18/09/2023,020087IPE180920230104518711-31
668955,19/09/2023,07:35:21,19/09/2023,017671IPE190920230104518804-76
669620,20/09/2023,19:35:30,20/09/2023,022187IPE200920230104518912-05
669880,21/09/2023,18:14:45,21/09/2023,017973IPE210920230104519011-39
670224,22/09/2023,18:16:33,22/09/2023,019739IPE220920230104519111-29
670167,22/09/2023,17:30:31,22/09/2023,020982IPE220920230104519110-81
670309,22/09/2023,19:45:19,22/09/2023,002437IPE220920230104519112-04
670203,22/09/2023,18:05:30,22/09/2023,007617IPE220920230104519111-15
670704,26/09/2023,00:22:57,26/09/2023,011312IPE260920230104519500-79
671055,26/09/2023,21:50:29,26/09/2023,018821IPE260920230104519513-39
670734,26/09/2023,08:54:59,26/09/2023,002437IPE260920230104519505-93
671215,27/09/2023,18:01:05,27/09/2023,019739IPE270920230104519610-86
671613,28/09/2023,18:09:11,28/09/2023,021610IPE280920230104519711-00
671721,29/09/2023,07:52:18,29/09/2023,013986IPE290920230104519804-90
672130,30/09/2023,20:19:11,30/09/2023,014443IPE300920230204519911-50
672136,01/10/2023,20:27:57,01/10/2023,024112IPE011020230104520012-84
672548,02/10/2023,19:21:22,02/10/2023,020745IPE021020230104520111-83
672509,02/10/2023,18:37:33,02/10/2023,011312IPE021020230104520111-50
672503,02/10/2023,18:30:28,02/10/2023,019879IPE021020230104520111-38
673512,04/10/2023,18:14:04,04/10/2023,024929IPE041020230104520310-98
673556,04/10/2023,19:01:23,04/10/2023,003980IPE041020230104520311-64
673510,04/10/2023,18:10:42,04/10/2023,011312IPE041020230104520311-32
673522,04/10/2023,18:17:15,04/10/2023,017671IPE041020230104520311-12
673558,04/10/2023,19:02:58,04/10/2023,008656IPE041020230104520312-00
673511,04/10/2023,18:12:59,04/10/2023,024929IPE041020230104520311-51
673961,05/10/2023,21:29:13,05/10/2023,022357IPE051020230104520413-02
673874,05/10/2023,18:35:29,05/10/2023,020087IPE051020230104520411-44
674026,06/10/2023,09:50:27,06/10/2023,019569IPE061020230104520506-17
675387,10/10/2023,19:51:49,10/10/2023,022357IPE101020230104520912-40
675769,11/10/2023,18:28:27,11/10/2023,011312IPE111020230104521011-35
675526,11/10/2023,08:45:38,11/10/2023,025291IPE111020230104521005-63
676622,16/10/2023,18:13:29,16/10/2023,007617IPE161020230104521511-22
676598,16/10/2023,17:56:05,16/10/2023,009512IPE161020230104521510-81
676702,16/10/2023,20:24:49,16/10/2023,019569IPE161020230104521512-73
676686,16/10/2023,19:39:31,16/10/2023,009512IPE161020230204521510-81
677127,17/10/2023,23:22:58,17/10/2023,014443IPE171020230104521614-60
676863,17/10/2023,15:09:40,17/10/2023,019879IPE171020230104521609-49
676981,17/10/2023,19:06:06,17/10/2023,004170IPE171020230104521611-52
678271,23/10/2023,17:43:58,23/10/2023,020745IPE231020230104522211-21
678991,25/10/2023,19:08:37,25/10/2023,011312IPE251020230104522411-85
679430,26/10/2023,18:03:00,26/10/2023,013986IPE261020230104522510-83
679447,26/10/2023,18:21:06,26/10/2023,009512IPE261020230104522511-07
679507,26/10/2023,19:49:34,26/10/2023,009512IPE261020230104522512-23
679359,26/10/2023,16:09:23,26/10/2023,004170IPE261020230104522509-92
679431,26/10/2023,18:04:20,26/10/2023,013986IPE261020230104522511-04
679453,26/10/2023,18:33:55,26/10/2023,015253IPE261020230104522511-68
680077,27/10/2023,19:19:17,27/10/2023,020982IPE271020230104522611-76
680101,27/10/2023,19:52:11,27/10/2023,004820IPE271020230104522612-03
680067,27/10/2023,19:08:58,27/10/2023,011312IPE271020230104522612-06
680196,30/10/2023,08:24:38,30/10/2023,024783IPE301020230104522905-42
680573,30/10/2023,22:13:14,30/10/2023,025372IPE301020230104522913-47
680918,31/10/2023,18:29:36,31/10/2023,002437IPE311020230104523011-45
680900,31/10/2023,18:20:03,27/10/2023,004030IPE271020230204522905-66
680907,31/10/2023,18:24:16,31/10/2023,000906IPE311020230104523011-20
680861,31/10/2023,18:01:33,31/10/2023,008672IPE311020230104523011-14
681521,01/11/2023,20:04:52,01/11/2023,024295IPE011120230104523112-56
681463,01/11/2023,19:07:58,01/11/2023,020087IPE011120230104523112-05
682473,03/11/2023,17:32:30,03/11/2023,003980IPE031120230104523310-82
682476,03/11/2023,17:35:32,03/11/2023,008656IPE031120230104523310-87
682704,06/11/2023,07:39:21,06/11/2023,019569IPE061120230104523604-80
683013,06/11/2023,18:38:24,06/11/2023,019348IPE061120230104523611-42
683062,06/11/2023,19:14:14,06/11/2023,008656IPE061120230104523611-68
683042,06/11/2023,18:57:23,06/11/2023,002437IPE061120230104523611-60
683291,07/11/2023,07:06:18,07/11/2023,024929IPE071120230104523704-44
683292,07/11/2023,07:08:28,07/11/2023,024929IPE071120230104523704-56
683578,07/11/2023,18:39:56,07/11/2023,019992IPE071120230104523711-75
683884,08/11/2023,08:47:57,08/11/2023,017671IPE081120230104523805-84
684368,08/11/2023,20:08:37,08/11/2023,005258IPE081120230104523812-45
683883,08/11/2023,08:47:55,08/11/2023,017671IPE081120230104523805-82
684224,08/11/2023,18:22:17,08/11/2023,020745IPE081120230104523811-19
684269,08/11/2023,18:52:40,08/11/2023,001023IPE081120230104523811-72
684210,08/11/2023,18:17:34,08/11/2023,020745IPE081120230104523811-31
684651,09/11/2023,08:36:23,09/11/2023,017329IPE091120230104523905-39
685320,09/11/2023,20:50:26,09/11/2023,009512IPE091120230104523912-76
685026,09/11/2023,18:22:22,09/11/2023,020516IPE091120230104523911-24
685302,09/11/2023,20:40:47,09/11/2023,009512IPE091120230104523912-87
684665,09/11/2023,08:47:37,09/11/2023,004820IPE091120230104523905-64
685258,09/11/2023,20:12:49,09/11/2023,017450IPE091120230104523912-61
685259,09/11/2023,20:12:55,09/11/2023,017450IPE091120230104523912-67
686246,13/11/2023,08:47:14,13/11/2023,009512IPE131120230104524305-41
686847,13/11/2023,20:50:52,13/11/2023,002437IPE131120230104524313-02
686908,13/11/2023,22:13:21,13/11/2023,004030IPE131120230104524313-54
686589,13/11/2023,18:18:19,13/11/2023,021016IPE131120230104524311-17
686815,13/11/2023,20:21:53,13/11/2023,022470IPE131120230104524312-74
687108,14/11/2023,08:35:51,14/11/2023,019836IPE141120230104524405-66
687105,14/11/2023,08:21:55,14/11/2023,019550IPE141120230104524405-56
687133,14/11/2023,09:37:15,14/11/2023,024112IPE141120230104524405-92
687132,14/11/2023,09:37:11,14/11/2023,024112IPE141120230104524405-88
687417,14/11/2023,18:37:08,14/11/2023,020540IPE141120230104524411-25
687102,14/11/2023,08:19:01,14/11/2023,024783IPE141120230104524405-00
688290,16/11/2023,21:16:14,16/11/2023,022187IPE161120230104524612-90
688653,17/11/2023,11:24:35,16/11/2023,022187IPE161120230204524609-35
688654,17/11/2023,11:25:55,16/11/2023,022187IPE161120230204524612-90
689740,21/11/2023,08:40:41,21/11/2023,020788IPE211120230104525105-61
690536,22/11/2023,18:20:37,22/11/2023,007617IPE221120230104525211-37
690700,23/11/2023,09:12:34,23/11/2023,000906IPE231120230104525305-86
690805,23/11/2023,18:34:45,23/11/2023,009512IPE231120230104525311-59
691071,24/11/2023,18:19:23,24/11/2023,019348IPE241120230104525411-22
691060,24/11/2023,18:13:04,24/11/2023,001023IPE241120230104525410-97
691043,24/11/2023,18:03:54,24/11/2023,007617IPE241120230104525411-37
691218,25/11/2023,10:33:56,25/11/2023,002437IPE251120230104525506-89
691453,27/11/2023,19:04:23,27/11/2023,024295IPE271120230104525711-67
691254,27/11/2023,10:55:17,27/11/2023,025372IPE271120230104525706-72
691221,27/11/2023,07:26:15,27/11/2023,025372IPE271120230104525704-61
691778,28/11/2023,18:22:45,28/11/2023,024295IPE281120230104525811-47
692258,29/11/2023,21:10:36,29/11/2023,019992IPE291120230204525911-92
692205,29/11/2023,19:06:46,29/11/2023,019992IPE291120230104525911-92
692493,30/11/2023,15:28:00,30/11/2023,004820IPE301120230104526009-28
692384,30/11/2023,08:37:41,30/11/2023,012653IPE301120230104526005-58
692567,30/11/2023,18:21:53,30/11/2023,007617IPE301120230104526011-54
692672,30/11/2023,20:43:48,30/11/2023,018821IPE301120230104526012-91
692757,01/12/2023,08:42:56,01/12/2023,013986IPE011220230104526105-78
692762,01/12/2023,08:49:27,01/12/2023,009512IPE011220230104526105-56
693673,04/12/2023,18:49:41,04/12/2023,020745IPE041220230104526411-70
693913,05/12/2023,07:13:42,05/12/2023,004170IPE051220230104526504-75
694939,07/12/2023,08:35:33,07/12/2023,017973IPE071220230104526705-48
695283,07/12/2023,19:01:08,07/12/2023,021610IPE071220230204526711-71
695240,07/12/2023,18:27:09,07/12/2023,021610IPE071220230104526711-16
694974,07/12/2023,09:47:34,07/12/2023,014443IPE071220230104526706-21
695337,07/12/2023,19:55:28,07/12/2023,016292IPE071220230104526712-23
696232,08/12/2023,20:47:59,08/12/2023,022187IPE081220230104526813-06
696901,11/12/2023,19:14:27,11/12/2023,018821IPE111220230104527111-81
696455,11/12/2023,09:53:15,11/12/2023,014443IPE111220230104527106-08
696406,11/12/2023,08:47:53,11/12/2023,004820IPE111220230104527105-80
696831,11/12/2023,18:33:40,11/12/2023,000906IPE111220230104527111-53
696781,11/12/2023,18:14:27,11/12/2023,024392IPE111220230104527111-21
697094,12/12/2023,08:01:34,12/12/2023,002437IPE121220230104527205-15
697379,12/12/2023,18:12:20,12/12/2023,020540IPE121220230104527211-12
697103,12/12/2023,08:13:52,12/12/2023,009512IPE121220230104527205-45
697812,13/12/2023,18:08:01,13/12/2023,007617IPE131220230104527310-89
697792,13/12/2023,17:58:53,13/12/2023,020745IPE131220230104527311-31
698086,14/12/2023,08:08:22,14/12/2023,019836IPE141220230104527405-10
698092,14/12/2023,08:50:25,14/12/2023,004030IPE141220230104527405-55
698091,14/12/2023,08:31:34,14/12/2023,007617IPE141220230104527405-45
699053,15/12/2023,19:00:27,15/12/2023,011312IPE151220230104527511-67
698990,15/12/2023,18:05:18,15/12/2023,023159IPE151220230104527511-03
699600,18/12/2023,18:07:32,18/12/2023,020540IPE181220230104527811-19
699716,18/12/2023,20:15:02,18/12/2023,019879IPE181220230104527812-17
699305,18/12/2023,09:21:22,18/12/2023,014443IPE181220230104527805-83
700362,19/12/2023,21:12:00,19/12/2023,024295IPE191220230104527912-72
700739,20/12/2023,18:48:49,20/12/2023,019739IPE201220230104528011-77
700796,20/12/2023,20:27:57,19/12/2023,024295IPE191220230204527912-72
700830,20/12/2023,21:50:52,20/12/2023,018821IPE201220230104528013-62
700833,20/12/2023,21:54:50,20/12/2023,012653IPE201220230104528013-64
700834,20/12/2023,21:58:28,20/12/2023,012653IPE201220230104528013-46
701190,21/12/2023,18:02:17,21/12/2023,009512IPE211220230104528110-99
701257,21/12/2023,18:37:26,21/12/2023,020982IPE211220230104528111-43
701465,21/12/2023,23:27:11,21/12/2023,014443IPE211220230104528114-18
701762,22/12/2023,18:52:33,22/12/2023,018821IPE221220230104528211-65
701763,22/12/2023,18:55:15,22/12/2023,009512IPE221220230104528211-50
701726,22/12/2023,18:30:07,22/12/2023,011312IPE221220230104528211-17
701683,22/12/2023,18:07:06,22/12/2023,020516IPE221220230104528210-93
701947,26/12/2023,07:07:38,26/12/2023,017671IPE261220230104528604-65
703188,28/12/2023,19:04:10,28/12/2023,018821IPE281220230104528811-54
703123,28/12/2023,18:01:02,28/12/2023,003980IPE281220230104528810-83
703157,28/12/2023,18:19:12,28/12/2023,017329IPE281220230104528811-11
703190,28/12/2023,19:14:23,28/12/2023,016292IPE281220230104528811-77
703578,29/12/2023,18:01:37,29/12/2023,024783IPE291220230104528911-18
703575,29/12/2023,17:58:17,29/12/2023,019550IPE291220230104528910-95
703714,02/01/2024,08:39:24,02/01/2024,002437IPE020120240104529305-43
703705,02/01/2024,08:31:09,02/01/2024,015253IPE020120240104529305-20
704873,04/01/2024,09:19:44,04/01/2024,020745IPE040120240104529506-03
705984,08/01/2024,18:31:32,08/01/2024,002437IPE080120240104529911-43
706046,08/01/2024,19:37:18,08/01/2024,022357IPE080120240104529911-95
706609,09/01/2024,20:10:31,09/01/2024,019879IPE090120240104530012-41
707053,10/01/2024,18:04:02,10/01/2024,017329IPE100120240104530110-86
706738,10/01/2024,08:40:15,10/01/2024,024295IPE100120240104530105-35
707647,11/01/2024,21:07:39,11/01/2024,025291IPE110120240104530213-06
708258,15/01/2024,20:02:40,15/01/2024,004030IPE150120240104530612-42
708921,17/01/2024,19:52:22,17/01/2024,003980IPE170120240104530812-14
709030,18/01/2024,08:32:54,18/01/2024,025291IPE180120240104530905-66
709126,18/01/2024,15:40:50,18/01/2024,015253IPE180120240204530909-52
709301,18/01/2024,22:12:10,18/01/2024,011312IPE180120240104530913-42
709218,18/01/2024,18:36:15,18/01/2024,024783IPE180120240104530911-31
709595,20/01/2024,01:31:09,20/01/2024,015253IPE200120240104531101-00
709599,22/01/2024,08:13:04,22/01/2024,025291IPE220120240104531304-97
709962,23/01/2024,10:26:15,23/01/2024,015253IPE230120240204531405-63
710554,24/01/2024,18:27:33,24/01/2024,017671IPE240120240104531511-40
710690,25/01/2024,16:54:29,25/01/2024,019569IPE250120240104531610-43
711474,26/01/2024,19:09:26,26/01/2024,009512IPE260120240104531711-75
711417,26/01/2024,18:05:08,26/01/2024,013986IPE260120240104531710-93
711499,26/01/2024,19:48:32,26/01/2024,019569IPE260120240104531712-20
711433,26/01/2024,18:24:49,26/01/2024,011312IPE260120240104531711-53
711620,28/01/2024,19:02:40,28/01/2024,022470IPE280120240104531911-82
711855,29/01/2024,15:19:12,29/01/2024,019569IPE290120240104532009-31
711639,29/01/2024,09:33:43,29/01/2024,019569IPE290120240104532006-16
712092,29/01/2024,22:48:27,29/01/2024,014443IPE290120240104532013-95
712002,29/01/2024,18:39:31,29/01/2023,025291IPE290120230104532011-50
712351,30/01/2024,19:03:39,30/01/2024,019879IPE300120240104532111-82
712111,30/01/2024,01:10:43,29/01/2024,015253IPE290120240204532100-97
713147,01/02/2024,08:44:19,01/02/2024,025291IPE010220240104532305-43
713474,01/02/2024,19:53:09,01/02/2024,003980IPE010220240104532312-02
713751,02/02/2024,14:13:03,31/10/2023,000906IPE311020230204523011-20
714179,05/02/2024,07:09:53,05/02/2024,023159IPE050220240104532704-82
714211,05/02/2024,09:56:52,05/02/2024,024112IPE050220240104532706-48
714573,05/02/2024,20:10:24,05/02/2024,024112IPE050220240104532712-34
714189,05/02/2024,08:16:36,05/02/2024,001023IPE050220240104532705-32
714499,05/02/2024,18:29:36,05/02/2024,019348IPE050220240104532711-45
714498,05/02/2024,18:29:32,05/02/2024,019348IPE050220240104532711-41
714500,05/02/2024,18:29:39,05/02/2024,019348IPE050220240104532711-48
714559,05/02/2024,19:45:33,05/02/2024,001023IPE050220240104532712-18
714565,05/02/2024,19:53:48,05/02/2024,000906IPE050220240104532712-41
714456,05/02/2024,18:10:35,05/02/2024,020532IPE050220240104532711-25
714504,05/02/2024,18:31:20,05/02/2024,024783IPE050220240104532711-31
714756,06/02/2024,08:06:59,06/02/2024,011312IPE060220240104532805-45
715079,06/02/2024,19:35:44,06/02/2024,024929IPE060220240104532812-19
715080,06/02/2024,19:36:17,06/02/2024,024929IPE060220240104532811-93
715604,07/02/2024,18:57:37,07/02/2024,012653IPE070220240104532911-74
715257,07/02/2024,06:31:03,07/02/2024,000906IPE070220240104532903-94
716313,08/02/2024,18:52:41,08/02/2024,001023IPE080220240104533011-73
716364,08/02/2024,19:39:25,08/02/2024,025291IPE080220240104533012-04
716312,08/02/2024,18:51:48,08/02/2024,001023IPE080220240104533011-79
716257,08/02/2024,18:25:17,08/02/2024,017450IPE080220240104533011-22
716283,08/02/2024,18:41:11,08/02/2024,009512IPE080220240104533011-32
716314,08/02/2024,18:53:12,08/02/2024,001023IPE080220240104533011-45
717277,09/02/2024,18:41:56,09/02/2024,022187IPE090220240104533111-77
717265,09/02/2024,18:36:49,09/02/2024,009512IPE090220240104533111-65
717286,09/02/2024,18:46:32,09/02/2024,027200IPE090220240104533111-58
719543,15/02/2024,09:07:41,15/02/2024,014443IPE150220240104533705-88
720033,15/02/2024,20:13:56,15/02/2024,024392IPE150220240104533712-69
720327,16/02/2024,08:23:35,16/02/2024,003980IPE160220240104533805-38
721105,19/02/2024,19:55:45,19/02/2024,004820IPE190220240104534112-40
721068,19/02/2024,18:21:52,19/02/2024,007617IPE190220240104534111-53
721473,20/02/2024,19:57:00,20/02/2024,003980IPE200220240104534211-97
721476,20/02/2024,19:58:16,20/02/2024,008656IPE200220240104534212-14
721398,20/02/2024,18:38:10,20/02/2024,008672IPE200220240104534211-28
722044,21/02/2024,18:41:03,21/02/2024,025372IPE210220240104534311-24
722060,21/02/2024,19:06:12,21/02/2024,019879IPE210220240104534311-58
722224,22/02/2024,04:00:39,22/02/2022,004170IPE220220220104534402-79
722591,22/02/2024,19:38:40,22/02/2024,004170IPE220220240104534412-18
722594,22/02/2024,19:40:22,22/02/2024,004170IPE220220240104534412-02
722613,22/02/2024,20:10:42,22/02/2024,004030IPE220220240104534412-52
722601,22/02/2024,19:50:13,22/02/2024,016659IPE220220240104534412-03
723228,23/02/2024,18:28:45,23/02/2024,001023IPE230220240104534511-53
723424,24/02/2024,01:38:14,23/02/2024,019879IPE230220240104534601-12
725240,28/02/2024,18:10:20,28/02/2024,017450IPE280220240104535011-10
725297,28/02/2024,18:51:16,28/02/2024,018660IPE280220240104535011-47
725247,28/02/2024,18:14:45,28/02/2024,013986IPE280220240104535011-39
725317,28/02/2024,19:06:40,28/02/2024,022187IPE280220240104535011-86
725947,29/02/2024,19:31:45,29/02/2024,027200IPE290220240104535112-16
725951,29/02/2024,19:34:13,29/02/2024,022187IPE290220240104535111-87
725569,29/02/2024,08:14:08,29/02/2024,013986IPE290220240104535105-02
725539,29/02/2024,02:36:29,29/02/2024,023264IPE290220240104535101-85
727274,04/03/2024,18:32:28,04/03/2024,019348IPE040320240104535511-40
727835,05/03/2024,16:50:57,05/03/2024,011312IPE050320240104535610-67
727613,05/03/2024,07:38:53,05/03/2024,017671IPE050320240104535605-11
728401,06/03/2024,18:04:13,06/03/2024,017329IPE060320240104535710-97
728765,07/03/2024,06:43:46,07/03/2024,024929IPE070320240104535804-49
728763,07/03/2024,06:41:51,07/03/2024,024929IPE070320240104535804-52
729398,07/03/2024,22:06:39,07/03/2024,009512IPE070320240104535813-65
730078,08/03/2024,18:47:25,08/03/2024,022187IPE080320240104535911-52
730197,08/03/2024,23:38:19,08/03/2024,022357IPE080320240104535914-37
730190,08/03/2024,22:54:22,08/03/2024,004170IPE080320240104535913-96
730911,11/03/2024,22:28:23,11/03/2024,022187IPE110320240104536213-71
730965,12/03/2024,00:06:31,11/03/2024,024783IPE110320240104536300-37
731570,13/03/2024,08:32:47,13/03/2024,011312IPE130320240104536405-59
731867,13/03/2024,19:30:23,13/03/2024,021431IPE130320240104536411-93
731846,13/03/2024,18:57:04,13/03/2024,025372IPE130320240104536411-41
731814,13/03/2024,18:23:49,13/03/2024,011312IPE130320240104536411-52
731868,13/03/2024,19:30:27,13/03/2024,021431IPE130320240104536411-97
731955,13/03/2024,20:56:56,13/03/2024,009512IPE130320240104536413-12
732430,14/03/2024,19:21:22,14/03/2024,003980IPE140320240104536511-83
732434,14/03/2024,19:31:41,14/03/2024,020087IPE140320240104536512-12
732400,14/03/2024,18:52:18,14/03/2024,008133IPE140320240104536511-50
732287,14/03/2024,17:46:12,14/03/2024,021016IPE140320240104536510-78
733617,18/03/2024,20:55:09,18/03/2024,019569IPE180320240104536912-64
733182,18/03/2024,08:40:33,18/03/2024,004030IPE180320240104536905-53
733482,18/03/2024,18:18:28,18/03/2024,007617IPE180320240104536911-26
733150,18/03/2024,07:09:45,18/03/2024,020087IPE180320240104536904-74
734779,20/03/2024,19:20:24,20/03/2024,022357IPE200320240104537111-84
734480,20/03/2024,09:04:52,20/03/2024,009512IPE200320240104537105-96
735920,22/03/2024,18:16:23,22/03/2024,022187IPE220320240104537311-19
735626,22/03/2024,08:57:20,22/03/2024,022470IPE220320240104537305-57
735915,22/03/2024,18:14:38,22/03/2024,019569IPE220320240104537311-32
736263,24/03/2024,20:30:06,24/03/2024,018465IPE240320240104537512-36
736658,25/03/2024,18:17:27,25/03/2024,017450IPE250320240104537611-24
736382,25/03/2024,11:29:59,25/03/2024,011312IPE250320240104537607-48
736878,25/03/2024,20:29:08,25/03/2024,019836IPE250320240104537612-37
736480,25/03/2024,14:48:50,25/03/2024,022187IPE250320240104537609-38
736479,25/03/2024,14:48:23,25/03/2024,027200IPE250320240104537609-11
736837,25/03/2024,19:59:35,25/03/2024,020516IPE250320240104537612-34
736828,25/03/2024,19:54:20,25/03/2024,020516IPE250320240104537612-14
737567,26/03/2024,19:37:51,26/03/2024,019739IPE260320240204537712-19
737120,26/03/2024,08:30:11,25/03/2024,020516IPE250320240104537705-21
737076,26/03/2024,01:17:33,26/03/2024,011312IPE260320240104537701-10
738641,27/03/2024,23:32:00,27/03/2024,011312IPE270320240104537814-12
738568,27/03/2024,21:33:16,27/03/2024,011312IPE270320240104537813-09
737877,27/03/2024,08:48:33,27/03/2024,011312IPE270320240104537805-61
738527,27/03/2024,20:50:02,27/03/2024,002437IPE270320240104537812-52
738372,27/03/2024,19:00:48,27/03/2024,004170IPE270320240104537811-88
739949,28/03/2024,21:25:59,28/03/2024,024392IPE280320240104537913-44
739770,28/03/2024,19:59:44,28/03/2024,024783IPE280320240104537912-43
739683,28/03/2024,19:26:14,28/03/2024,020982IPE280320240104537911-80
738840,28/03/2024,09:40:03,28/03/2024,024112IPE280320240104537905-83
738838,28/03/2024,09:39:55,28/03/2024,024112IPE280320240104537906-34
741283,01/04/2024,23:07:55,01/04/2024,025291IPE010420240104538314-42
741103,01/04/2024,19:06:56,01/04/2024,024295IPE010420240104538312-02
742598,03/04/2024,21:44:14,03/04/2024,002437IPE030420240104538513-18
742577,03/04/2024,20:41:20,03/04/2024,009512IPE030420240104538512-61
742936,04/04/2024,17:56:35,04/04/2024,017671IPE040420240104538611-11
743586,05/04/2024,19:25:07,05/04/2024,019569IPE050420240104538711-72
743651,05/04/2024,21:31:46,05/04/2024,024295IPE050420240104538713-37
743249,05/04/2024,09:28:50,05/04/2024,025291IPE050420240104538706-18
743779,08/04/2024,07:56:25,08/04/2024,024295IPE080420240104539005-01
744147,08/04/2024,18:15:30,08/04/2024,011312IPE080420240104539011-25
744305,08/04/2024,20:58:44,08/04/2024,014443IPE080420240104539013-02
744879,09/04/2024,23:58:14,09/04/2024,025291IPE090420240104539114-52
745305,10/04/2024,18:05:38,10/04/2024,024783IPE100420240104539211-23
745896,11/04/2024,20:10:05,11/04/2024,022187IPE110420240204560012-45
745913,11/04/2024,21:34:56,11/04/2024,022187IPE110420240104539313-50
745953,11/04/2024,22:52:32,11/04/2024,009512IPE110420240104539314-04
745954,11/04/2024,22:57:10,11/04/2024,019879IPE110420240104539313-87
745930,11/04/2024,22:03:30,11/04/2024,019879IPE110420240104539313-53
745994,12/04/2024,08:58:21,12/04/2024,004030IPE120420240104539405-59
746677,15/04/2024,19:15:44,15/04/2024,019879IPE150420240204539705-58
746411,15/04/2024,08:31:47,15/04/2024,019879IPE150420240104539705-58
746729,15/04/2024,20:24:16,15/04/2024,022187IPE150420240104539712-40
746727,15/04/2024,20:21:44,15/04/2024,027200IPE150420240104539712-65
747291,16/04/2024,22:26:17,16/04/2024,009512IPE160420240104539813-63
747204,16/04/2024,20:14:33,16/04/2024,003980IPE160420240104539812-47
747328,16/04/2024,22:54:55,16/04/2024,012653IPE160420240104539814-29
747521,17/04/2024,12:41:44,17/04/2024,011312IPE170420240104539908-05
748190,18/04/2024,19:41:56,18/04/2024,023957IPE180420240104540012-37
747868,18/04/2024,08:38:51,18/04/2024,014443IPE180420240104540005-69
747926,18/04/2024,12:14:37,18/04/2024,011312IPE180420240104540007-71
748322,19/04/2024,05:55:05,19/04/2024,011312IPE190420240104540103-60
748608,19/04/2024,18:17:57,19/04/2024,019836IPE190420240104540111-54
748756,19/04/2024,23:20:07,19/04/2024,009512IPE190420240204540114-03
749031,22/04/2024,18:24:40,22/04/2024,012653IPE220420240104540411-44
749030,22/04/2024,18:23:17,22/04/2024,024295IPE220420240104540411-20
749174,22/04/2024,21:25:22,22/04/2024,009512IPE220420240104540413-07
749101,22/04/2024,19:41:49,22/04/2024,002437IPE220420240104540412-30
748768,22/04/2024,07:53:57,22/04/2024,014443IPE220420240104540405-30
749145,22/04/2024,20:31:28,22/04/2024,019879IPE220420240104540412-59
749190,22/04/2024,21:57:04,22/04/2024,009512IPE220420240104540413-21
748780,22/04/2024,08:44:25,22/04/2024,011312IPE220420240104540405-49
750221,24/04/2024,19:49:13,24/04/2024,004170IPE240420240104540612-02
750027,24/04/2024,17:52:17,24/04/2024,025372IPE240420240104540610-89
751131,25/04/2024,19:30:28,25/04/2024,019836IPE250420240104540711-98
750631,25/04/2024,14:37:40,25/04/2024,009512IPE250420240104540709-17
751110,25/04/2024,19:09:24,25/04/2024,019879IPE250420240104540711-73
752432,26/04/2024,21:49:00,26/04/2024,022357IPE260420240104540813-09
752284,26/04/2024,19:27:41,26/04/2024,004820IPE260420240104540812-08
752552,29/04/2024,08:36:26,29/04/2024,011312IPE290420240104541105-42
753156,29/04/2024,18:10:46,29/04/2024,009512IPE290420240104541111-36
752575,29/04/2024,09:00:06,29/04/2024,004170IPE290420240104541105-46
752569,29/04/2024,08:53:26,29/04/2024,020745IPE290420240104541105-59
754969,30/04/2024,18:45:08,30/04/2024,004170IPE300420240104541211-33
755302,30/04/2024,21:00:08,30/04/2024,014443IPE300420240204541212-93
756583,02/05/2024,21:11:26,02/05/2024,009512IPE020520240104541412-97
755931,02/05/2024,08:18:32,02/05/2024,004030IPE020520240104541405-30
755916,02/05/2024,07:02:58,02/05/2024,002437IPE020520240104541404-80
756614,03/05/2024,00:48:02,03/05/2024,025291IPE030520240104541500-50
756793,03/05/2024,08:40:26,03/05/2024,014443IPE030520240104541505-46
758046,06/05/2024,19:45:04,06/05/2024,008672IPE060520240104541811-89
757577,06/05/2024,09:18:02,06/05/2024,004820IPE060520240104541805-60
758718,07/05/2024,18:54:00,07/05/2024,013986IPE070520240104541911-34
758296,07/05/2024,09:14:37,07/05/2024,004820IPE070520240104541905-91
758802,07/05/2024,19:58:16,07/05/2024,016292IPE070520240104541912-14
759518,08/05/2024,18:30:17,08/05/2024,024821IPE080520240104542011-27
759538,08/05/2024,18:37:01,08/05/2024,017973IPE080520240104542011-18
759515,08/05/2024,18:29:46,08/05/2024,001023IPE080520240104542011-55
760579,09/05/2024,19:22:04,09/05/2024,022357IPE090520240104542111-66
760568,09/05/2024,19:19:03,09/05/2024,019879IPE090520240104542111-62
760053,09/05/2024,11:05:16,09/05/2024,024929IPE090520240104542106-81
760451,09/05/2024,18:18:53,09/05/2024,021610IPE090520240104542111-51
760572,09/05/2024,19:20:37,09/05/2024,022357IPE090520240104542111-97
760047,09/05/2024,10:50:18,09/05/2024,024929IPE090520240104542106-68
760822,10/05/2024,08:39:46,10/05/2024,025291IPE100520240104542205-65
761645,10/05/2024,20:46:18,10/05/2024,015253IPE100520240104542212-64
761858,12/05/2024,20:05:25,12/05/2024,025372IPE120520240104542412-30
761906,13/05/2024,09:21:53,13/05/2024,014443IPE130520240104542506-14
762440,13/05/2024,22:39:02,13/05/2024,004030IPE130520240104542513-61
762368,13/05/2024,21:05:58,13/05/2024,024392IPE130520240104542513-23
762332,13/05/2024,20:36:00,13/05/2024,009512IPE130520240104542512-36
763001,14/05/2024,21:00:08,14/05/2024,009512IPE140520240104542612-68
762727,14/05/2024,17:03:18,14/05/2024,016659IPE140520240104542610-41
762552,14/05/2024,09:44:53,14/05/2024,024112IPE140520240104542606-37
762928,14/05/2024,19:35:44,14/05/2024,016659IPE140520240104542612-19
763042,14/05/2024,22:17:13,14/05/2024,009512IPE140520240104542613-50
762865,14/05/2024,18:45:34,09/05/2024,022357IPE090520240204554011-97
763157,15/05/2024,09:51:59,14/05/2024,016659IPE140520240204542610-41
763227,15/05/2024,12:37:31,15/05/2024,009512IPE150520240104542707-88
764086,16/05/2024,18:36:11,16/05/2024,024821IPE160520240104542811-27
764071,16/05/2024,18:19:36,16/05/2024,023264IPE160520240104542811-35
764425,17/05/2024,09:37:57,17/05/2024,011312IPE170520240104542906-34
764418,17/05/2024,09:26:42,17/05/2024,025291IPE170520240104542906-08
764950,18/05/2024,20:41:08,18/05/2024,019879IPE180520240104543012-49
765294,20/05/2024,21:20:42,20/05/2024,014443IPE200520240104543213-22
764983,20/05/2024,09:08:09,20/05/2024,004820IPE200520240104543205-57
765894,21/05/2024,23:32:54,21/05/2024,024392IPE210520240104543314-66
765460,21/05/2024,08:28:04,21/05/2024,021016IPE210520240104543305-12
765459,21/05/2024,08:17:04,21/05/2024,021016IPE210520240104543305-01
765942,22/05/2024,09:40:24,22/05/2024,013986IPE220520240104543406-04
766018,22/05/2024,13:26:48,22/05/2024,009512IPE220520240104543408-54
766019,22/05/2024,13:27:58,22/05/2024,009512IPE220520240104543408-65
766370,22/05/2024,22:13:40,22/05/2024,025291IPE220520240104543413-73
766994,24/05/2024,09:30:38,24/05/2024,009512IPE240520240104543606-08
766941,24/05/2024,06:47:19,24/05/2024,017671IPE240520240104543604-26
767249,24/05/2024,18:02:20,24/05/2024,001023IPE240520240104543611-02
767524,27/05/2024,09:19:33,27/05/2024,019569IPE270520240104543905-92
767499,27/05/2024,08:33:44,27/05/2024,014443IPE270520240104543905-57
767756,28/05/2024,07:52:55,28/05/2024,017450IPE280520240104544005-27
768169,28/05/2024,22:34:50,28/05/2024,011312IPE280520240104544014-04
768563,29/05/2024,18:03:03,29/05/2024,017450IPE290520240104544110-86
768664,29/05/2024,19:21:17,29/05/2024,019739IPE290520240104544111-78
768773,29/05/2024,21:56:51,29/05/2024,025372IPE290520240104544113-67
768659,29/05/2024,19:15:59,29/05/2024,019879IPE290520240104544112-14
769540,31/05/2024,18:06:13,31/05/2024,019569IPE310520240104544310-99
769262,31/05/2024,08:01:21,31/05/2024,002437IPE310520240104544305-02
769544,31/05/2024,18:10:55,31/05/2024,019569IPE310520240104544311-45
770498,04/06/2024,09:08:58,04/06/2024,014443IPE040620240104544706-06
771580,05/06/2024,22:39:47,05/06/2024,017329IPE050620240204541813-50
771509,05/06/2024,20:11:34,05/06/2024,002437IPE050620240104544812-45
771930,06/06/2024,18:25:59,06/06/2024,019348IPE060620240104544911-64
771970,06/06/2024,18:57:58,06/06/2024,000906IPE060620240104544911-95
772121,07/06/2024,07:21:15,07/06/2024,002437IPE070620240104545004-56
773434,10/06/2024,20:56:52,10/06/2024,024821IPE100620240104545313-08
772711,10/06/2024,07:36:01,10/06/2024,002437IPE100620240104545304-57
773137,10/06/2024,18:02:10,10/06/2024,024112IPE100620240104545310-92
773848,11/06/2024,19:25:17,11/06/2024,009512IPE110620240104545411-82
773784,11/06/2024,17:58:40,11/06/2024,024821IPE110620240104545411-18
774184,12/06/2024,19:29:54,12/06/2024,022357IPE120620240104545512-23
773968,12/06/2024,03:45:58,12/06/2024,013986IPE120620240104545502-83
773987,12/06/2024,09:03:39,12/06/2024,004170IPE120620240104545505-82
774401,13/06/2024,09:32:11,13/06/2024,014443IPE130620240104545605-83
774674,13/06/2024,21:42:21,13/06/2024,024295IPE130620240104545613-23
775083,14/06/2024,20:03:43,14/06/2024,017973IPE140620240104545712-46
774883,14/06/2024,15:12:42,14/06/2024,009512IPE140620240104545709-54
775195,14/06/2024,23:56:16,14/06/2024,014443IPE140620240104545714-52
775501,17/06/2024,18:06:17,17/06/2024,007617IPE170620240104546011-03
775572,17/06/2024,19:14:46,17/06/2024,009512IPE170620240104546012-00
775639,17/06/2024,21:19:06,17/06/2024,020516IPE170620240104546012-85
775846,18/06/2024,11:44:53,18/06/2024,004030IPE180620240104546107-57
776168,18/06/2024,19:23:18,18/06/2024,019879IPE180620240104546111-81
776159,18/06/2024,19:16:05,18/06/2024,002437IPE180620240104546111-61
776221,18/06/2024,20:47:02,18/06/2024,002437IPE180620240104546112-49
776564,19/06/2024,21:44:22,19/06/2024,002437IPE190620240104546213-26
776961,20/06/2024,21:40:52,20/06/2024,019879IPE200620240104546313-52
776624,20/06/2024,09:00:02,20/06/2024,004170IPE200620240104546305-42
777003,20/06/2024,23:50:51,20/06/2024,014443IPE200620240104546314-81
777397,21/06/2024,21:10:13,21/06/2024,014443IPE210620240104546412-83
777313,21/06/2024,18:56:08,21/06/2024,020982IPE210620240104546411-44
777408,21/06/2024,21:30:17,21/06/2024,019739IPE210620240104546413-07
777307,21/06/2024,18:50:22,21/06/2024,020982IPE210620240104546411-52
777228,21/06/2024,17:30:54,21/06/2024,023159IPE210620240104546411-04
777725,24/06/2024,18:30:40,24/06/2024,020982IPE240620240104546711-50
778121,25/06/2024,18:10:32,25/06/2024,013986IPE250620240104546811-22
778146,25/06/2024,18:46:09,25/06/2024,019879IPE250620240104546811-35
778154,25/06/2024,18:58:07,25/06/2024,025372IPE250620240104546811-45
778134,25/06/2024,18:29:28,25/06/2024,024295IPE250620240104546811-37
778652,26/06/2024,22:11:35,26/06/2024,025291IPE260620240104546913-66
778528,26/06/2024,18:26:05,26/06/2024,017671IPE260620240104546911-11
778586,26/06/2024,19:53:47,26/06/2024,013986IPE260620240104546912-40
778519,26/06/2024,18:17:55,26/06/2024,012653IPE260620240104546911-52
778809,27/06/2024,11:50:35,25/06/2024,024295IPE250620240204546811-37
779558,28/06/2024,18:14:56,28/06/2024,019569IPE280620240104547111-50
779547,28/06/2024,18:07:37,28/06/2024,020745IPE280620240104547111-24
779682,28/06/2024,19:38:31,28/06/2024,008672IPE280620240104547112-09
779664,28/06/2024,19:22:48,28/06/2024,019879IPE280620240104547112-10
779734,28/06/2024,21:13:58,28/06/2024,014443IPE280620240204547111-19
779591,28/06/2024,18:32:25,28/06/2024,002437IPE280620240104547111-37
779823,01/07/2024,09:48:15,01/07/2024,020745IPE010720240104547406-03
780451,02/07/2024,08:44:30,02/07/2024,024783IPE020720240104547505-54
781343,03/07/2024,19:56:42,03/07/2024,019879IPE030720240104547612-38
781318,03/07/2024,19:08:49,03/07/2024,011312IPE030720240104547611-97
781636,04/07/2024,20:31:44,04/07/2024,024295IPE040720240104547712-75
781997,05/07/2024,19:12:37,05/07/2024,002437IPE050720240104547811-89
782367,08/07/2024,18:27:09,01/07/2024,020745IPE010720240204529806-03
782341,08/07/2024,18:06:15,08/07/2024,008672IPE080720240104548111-01
782958,10/07/2024,09:37:17,10/07/2024,019836IPE100720240104548305-94
783841,11/07/2024,18:42:22,11/07/2024,019879IPE110720240104548411-44
784189,12/07/2024,18:00:18,12/07/2024,013986IPE120720240104548510-98
784005,12/07/2024,09:34:05,12/07/2024,002437IPE120720240104548505-79
784403,15/07/2024,09:04:16,15/07/2024,011312IPE150720240104548805-60
784389,15/07/2024,08:33:09,15/07/2024,014443IPE150720240104548805-22
784756,16/07/2024,08:27:18,15/07/2024,014443IPE150720240104548905-25
784942,16/07/2024,18:02:59,16/07/2024,012653IPE160720240104548911-41
785133,17/07/2024,09:00:48,17/07/2024,025291IPE170720240104549005-88
785208,17/07/2024,15:45:30,17/07/2024,011312IPE170720240104549009-75
785695,18/07/2024,20:34:33,18/07/2024,020745IPE180720240104549112-67
785750,18/07/2024,23:57:01,18/07/2024,014443IPE180720240104549114-38
785746,18/07/2024,23:43:10,18/07/2024,002437IPE180720240104549114-33
786006,19/07/2024,18:31:55,19/07/2024,019992IPE190720240104549211-66
786151,21/07/2024,21:23:08,21/07/2024,013986IPE210720240104549412-91
786535,23/07/2024,08:21:43,23/07/2024,019879IPE230720240104549605-44
786564,23/07/2024,09:30:17,23/07/2024,014443IPE230720240104549605-87
786766,23/07/2024,18:08:54,23/07/2024,007617IPE230720240104549611-42
786958,24/07/2024,08:53:29,24/07/2024,004030IPE240720240104549705-62
787625,25/07/2024,19:24:36,25/07/2024,004820IPE250720240104549812-00
787610,25/07/2024,19:04:48,25/07/2024,004170IPE250720240104549811-92
788694,29/07/2024,19:51:48,29/07/2024,009512IPE290720240104550212-39
788331,29/07/2024,08:58:31,29/07/2024,022357IPE290720240104550205-69
789129,30/07/2024,19:16:31,30/07/2024,011312IPE300720240104550311-87
789183,30/07/2024,20:47:36,30/07/2024,025291IPE300720240104550312-83
789120,30/07/2024,19:01:25,30/07/2024,024929IPE300720240104550311-66
789121,30/07/2024,19:01:59,30/07/2024,024929IPE300720240104550312-00
788828,30/07/2024,08:19:48,30/07/2024,019879IPE300720240104550305-47
789317,31/07/2024,08:13:08,31/07/2024,002437IPE310720240104550405-01
789574,31/07/2024,18:04:12,31/07/2024,013986IPE310720240104550410-96
789599,31/07/2024,18:12:40,31/07/2024,008656IPE310720240104550411-32
789594,31/07/2024,18:10:58,31/07/2024,011312IPE310720240104550411-48
789600,31/07/2024,18:12:42,31/07/2024,003980IPE310720240104550411-34
789965,01/08/2024,09:34:58,01/08/2024,025291IPE010820240104550506-32
790237,01/08/2024,18:20:26,01/08/2024,019992IPE010820240104550511-26
791291,05/08/2024,09:37:03,05/08/2024,025291IPE050820240104550905-80
791272,05/08/2024,08:01:21,05/08/2024,009512IPE050820240104550905-02
791994,06/08/2024,10:58:51,06/08/2024,011312IPE060820240104551007-09
792175,06/08/2024,18:02:13,06/08/2024,011312IPE060820240104551010-95
791914,06/08/2024,08:40:40,06/08/2024,020745IPE060820240104551005-60
792274,06/08/2024,18:50:33,06/08/2024,004170IPE060820240104551011-63
791880,06/08/2024,07:27:37,06/08/2024,005258IPE060820240104551004-84
793012,07/08/2024,19:02:58,05/07/2024,002437IPE050720240204541911-89
792943,07/08/2024,18:23:14,06/08/2024,020745IPE060820240304551005-60
792961,07/08/2024,18:31:04,07/08/2024,019992IPE070820240104551111-15
792901,07/08/2024,18:09:15,06/08/2024,020745IPE060820240204545105-60
792971,07/08/2024,18:32:22,07/08/2024,001023IPE070820240104551111-34
792970,07/08/2024,18:32:17,07/08/2024,001023IPE070820240104551111-29
793137,07/08/2024,21:47:51,07/08/2024,017450IPE070820240104551113-58
793657,08/08/2024,17:37:00,08/08/2024,025372IPE080820240104551210-57
793831,08/08/2024,18:52:39,08/08/2024,021610IPE080820240104551211-71
793974,08/08/2024,21:22:37,08/08/2024,009512IPE080820240104551213-19
793977,08/08/2024,21:28:31,08/08/2024,009512IPE080820240104551213-19
793875,08/08/2024,19:17:30,08/08/2024,018660IPE080820240204551211-83
793713,08/08/2024,18:05:44,08/08/2024,011312IPE080820240104551211-29
794205,09/08/2024,09:02:38,09/08/2024,025291IPE090820240104551305-80
794175,09/08/2024,08:30:14,09/08/2024,013986IPE090820240104551305-24
794813,09/08/2024,22:20:53,09/08/2024,020931IPE090820240104551313-93
794811,09/08/2024,22:20:04,09/08/2024,020788IPE090820240104551313-44
794956,12/08/2024,08:54:53,12/08/2024,024112IPE120820240104551605-87
795545,12/08/2024,22:18:46,12/08/2024,024783IPE120820240104551613-84
795696,13/08/2024,09:43:39,13/08/2024,012653IPE130820240104551706-22
796069,13/08/2024,20:51:56,13/08/2024,019739IPE130820240104551713-07
796377,14/08/2024,13:14:44,13/08/2024,019739IPE130820240204551713-07
796286,14/08/2024,09:00:55,14/08/2024,004030IPE140820240104551805-95
796641,14/08/2024,18:53:47,14/08/2024,016292IPE140820240104551811-80
796841,14/08/2024,21:35:01,14/08/2024,020788IPE140820240104551812-96
796522,14/08/2024,18:08:24,14/08/2024,017450IPE140820240104551811-12
799252,21/08/2024,19:04:32,21/08/2024,011312IPE210820240104552511-76
799202,21/08/2024,18:06:39,21/08/2024,024295IPE210820240104552511-25
799942,23/08/2024,18:04:13,23/08/2024,001023IPE230820240104552710-97
800528,26/08/2024,22:13:23,26/08/2024,004170IPE260820240104553013-56
800496,26/08/2024,21:21:13,26/08/2028,014443IPE260820280104553012-94
800156,26/08/2024,07:02:17,26/08/2024,017450IPE260820240104553004-39
800851,27/08/2024,19:31:31,27/08/2024,012653IPE270820240104553112-02
801183,28/08/2024,18:02:06,28/08/2024,003980IPE280820240104553210-88
801247,28/08/2024,21:18:10,28/08/2024,008656IPE280820240104553212-88
801551,29/08/2024,14:22:48,29/08/2024,024112IPE290820240104553309-10
801658,29/08/2024,18:27:10,29/08/2024,019348IPE290820240104553311-17
802244,30/08/2024,20:05:22,30/08/2024,018465IPE300820240104553412-27
802251,30/08/2024,20:21:50,30/08/2024,019569IPE300820240104553412-71
802197,30/08/2024,18:40:14,30/08/2024,017671IPE300820240104553411-34
801899,30/08/2024,07:55:47,30/08/2024,013986IPE300820240104553405-22
802143,30/08/2024,18:00:38,30/08/2024,013986IPE300820240104553411-18
802574,02/09/2024,18:21:31,02/09/2024,025372IPE020920240104553711-32
802422,02/09/2024,06:24:15,02/09/2024,002437IPE020920240104553703-99
802645,02/09/2024,22:43:55,02/09/2024,024112IPE020920240104553714-18
802676,03/09/2024,08:40:17,03/09/2024,021016IPE030920240104553805-37
802996,03/09/2024,20:03:46,03/09/2024,008672IPE030920240204536012-15
803411,04/09/2024,18:21:03,04/09/2024,011312IPE040920240104553911-04
803715,05/09/2024,09:52:32,05/09/2024,025291IPE050920240104554006-24
803738,05/09/2024,10:32:32,05/09/2024,025291IPE050920240204542106-24
803822,05/09/2024,16:17:51,05/09/2024,024295IPE050920240104554010-28
804017,05/09/2024,20:25:47,05/09/2024,002437IPE050920240104554012-72
804954,09/09/2024,18:17:10,09/09/2024,024112IPE090920240104554411-07
805589,10/09/2024,18:03:25,10/09/2024,025372IPE100920240104554511-08
805970,11/09/2024,09:00:14,11/09/2024,004170IPE110920240104554605-54
806181,11/09/2024,18:43:20,11/09/2024,023310IPE110920240104554611-43
806185,11/09/2024,18:47:20,11/09/2024,002437IPE110920240104554611-47
806363,12/09/2024,08:57:28,11/09/2024,021938IPE110920240104554705-65
806362,12/09/2024,08:54:59,11/09/2024,015253IPE110920240104554705-93
806391,12/09/2024,09:54:50,12/09/2024,009512IPE120920240104554706-44
806967,13/09/2024,20:54:32,11/09/2024,023310IPE110920240204560511-43
807097,15/09/2024,20:23:25,15/09/2024,024112IPE150920240104555012-48
807113,16/09/2024,08:50:07,16/09/2024,020087IPE160920240104555105-37
807300,16/09/2024,18:05:33,16/09/2024,007617IPE160920240104555111-18
807390,16/09/2024,20:12:25,16/09/2024,002437IPE160920240104555112-37
807110,16/09/2024,08:38:36,16/09/2024,019879IPE160920240104555105-54
807104,16/09/2024,07:54:59,16/09/2024,022357IPE160920240104555105-33
807755,17/09/2024,18:05:30,16/09/2024,002437IPE160920240204555112-37
808206,18/09/2024,20:34:49,18/09/2024,024295IPE180920240104555312-83
807991,18/09/2024,08:44:43,18/09/2024,004030IPE180920240104555305-67
808516,19/09/2024,18:17:33,18/09/2024,024295IPE180920240204555312-83
808630,19/09/2024,21:28:07,19/09/2024,020982IPE190920240104555412-95
808491,19/09/2024,18:04:00,19/09/2024,000906IPE190920240104555410-84
808329,19/09/2024,09:45:05,19/09/2024,025291IPE190920240104555405-90
808958,20/09/2024,21:53:30,20/09/2024,004170IPE200920240104555513-43
808959,20/09/2024,21:55:38,20/09/2024,004170IPE200920240104555513-53
808835,20/09/2024,18:00:21,20/09/2024,019739IPE200920240104555511-01
808989,22/09/2024,22:50:20,22/09/2024,024112IPE220920240104555713-90
809221,23/09/2024,19:36:19,23/09/2024,017329IPE230920240104555811-95
809170,23/09/2024,18:23:55,23/09/2024,024821IPE230920240104555811-58
809623,24/09/2024,19:23:15,24/09/2024,024112IPE240920240104555911-78
809806,25/09/2024,10:55:04,25/09/2024,022187IPE250920240104556006-59
809864,25/09/2024,15:35:13,25/09/2024,011312IPE250920240204556009-68
809798,25/09/2024,09:58:13,25/09/2024,014443IPE250920240104556006-11
809851,25/09/2024,14:30:08,25/09/2024,020931IPE250920240104556008-78
809850,25/09/2024,14:30:01,25/09/2024,020788IPE250920240104556008-71
810309,26/09/2024,18:31:01,26/09/2024,025291IPE260920240104556111-12
810404,26/09/2024,21:28:28,26/09/2024,020745IPE260920240104556113-16
810725,27/09/2024,17:36:47,27/09/2024,017329IPE270920240104556211-03
810768,27/09/2024,18:13:04,26/09/2024,020745IPE260920240204556113-16
810484,27/09/2024,07:25:50,27/09/2024,022187IPE270920240104556204-95
810950,29/09/2024,19:03:51,29/09/2024,025372IPE290920240104556411-94
810979,30/09/2024,09:35:05,30/09/2024,002437IPE300920240104556505-80
811250,30/09/2024,19:29:32,30/09/2024,020516IPE300920240104556512-01
811265,30/09/2024,19:48:04,30/09/2024,019569IPE300920240104556511-92
811269,30/09/2024,20:06:43,30/09/2024,011312IPE300920240104556512-49
811243,30/09/2024,19:22:04,30/09/2024,012653IPE300920240104556511-66
811280,30/09/2024,20:41:25,30/09/2024,020982IPE300920240104556512-66
811899,01/10/2024,20:52:53,01/10/2024,014443IPE011020240104556613-05
811873,01/10/2024,20:06:01,01/10/2024,022357IPE011020240104556612-07
811452,01/10/2024,08:31:00,01/10/2024,013986IPE011020240104556605-11
811484,01/10/2024,10:03:40,01/10/2024,019836IPE011020240104556606-43
813002,03/10/2024,19:00:30,03/10/2024,013986IPE031020240104556811-70
812988,03/10/2024,18:48:05,03/10/2024,004170IPE031020240104556811-33
812689,03/10/2024,09:33:36,03/10/2024,003980IPE031020240104556806-09
813462,04/10/2024,18:08:13,03/10/2024,008656IPE031020240104556911-01
814078,07/10/2024,21:48:49,07/10/2024,024112IPE071020240104557213-57
813925,07/10/2024,18:18:34,07/10/2024,024295IPE071020240104557211-32
813698,07/10/2024,09:05:33,07/10/2024,020745IPE071020240104557205-78
814524,08/10/2024,21:11:33,08/10/2024,011312IPE081020240104557313-04
814833,09/10/2024,18:44:00,09/10/2024,019836IPE091020240104557411-24
814920,09/10/2024,21:11:19,09/10/2024,025291IPE091020240104557412-90
815308,10/10/2024,18:12:09,10/10/2024,008672IPE101020240104557511-01
815848,11/10/2024,21:23:56,11/10/2024,025372IPE111020240104557613-39
815788,11/10/2024,20:06:27,11/10/2024,004170IPE111020240104557612-33
816818,16/10/2024,18:47:44,16/10/2024,023310IPE161020240104558111-71
817184,17/10/2024,17:46:18,17/10/2024,025372IPE171020240104558210-84
817274,17/10/2024,20:02:43,17/10/2024,002437IPE171020240104558212-45
817619,18/10/2024,18:59:10,18/10/2024,021431IPE181020240104558311-49
817529,18/10/2024,17:01:05,18/10/2024,004170IPE181020240104558310-26
817643,18/10/2024,19:45:59,18/10/2024,011312IPE181020240104558312-44
817365,18/10/2024,09:08:50,18/10/2024,019879IPE181020240104558305-98
818038,21/10/2024,20:00:26,21/10/2024,020982IPE211020240204558609-95
818083,21/10/2024,21:19:27,21/10/2024,021610IPE211020240104558613-06
817774,21/10/2024,09:28:05,21/10/2024,014443IPE211020240104558605-73
817789,21/10/2024,09:59:10,21/10/2024,025291IPE211020240204558605-97
818020,21/10/2024,19:44:36,21/10/2024,019836IPE211020240104558612-20
817869,21/10/2024,14:41:34,21/10/2024,021431IPE211020240104558609-15
817896,21/10/2024,16:12:23,21/10/2024,020982IPE211020240104558609-95
818025,21/10/2024,19:48:20,21/10/2024,017450IPE211020240104558612-08
817776,21/10/2024,09:32:57,21/10/2024,025291IPE211020240104558606-29
818886,23/10/2024,21:47:05,23/10/2024,004820IPE231020240104558813-12
818856,23/10/2024,20:59:03,23/10/2024,008133IPE231020240104558812-62
819351,24/10/2024,22:36:14,24/10/2024,019879IPE241020240104558913-70
819235,24/10/2024,18:51:52,24/10/2024,024295IPE241020240104558911-83
818961,24/10/2024,08:47:42,24/10/2024,021431IPE241020240104558905-69
819281,24/10/2024,20:55:17,24/10/2024,004170IPE241020240104558912-72
819424,25/10/2024,10:40:58,22/10/2024,023957IPE221020240104559006-98
819399,25/10/2024,09:16:02,25/10/2024,002437IPE251020240104559005-58
819446,25/10/2024,11:27:12,25/10/2024,004170IPE251020240104559006-99
819445,25/10/2024,11:27:08,25/10/2024,004170IPE251020240104559006-95
819920,28/10/2024,14:17:43,28/10/2024,020931IPE281020240104559309-00
820043,28/10/2024,18:43:08,28/10/2024,019879IPE281020240104559311-31
819791,28/10/2024,07:14:24,28/10/2024,024112IPE281020240104559304-58
820126,28/10/2024,21:04:10,28/10/2024,011312IPE281020240104559312-74
819809,28/10/2024,08:19:53,25/10/2024,004170IPE251020240204559006-95
820052,28/10/2024,18:53:40,28/10/2024,009512IPE281020240104559311-73
819921,28/10/2024,14:18:06,28/10/2024,020788IPE281020240104559308-64
820583,29/10/2024,19:48:31,29/10/2024,012653IPE291020240104559412-19
820683,29/10/2024,22:57:17,29/10/2024,012653IPE291020240104559413-94
820702,30/10/2024,08:00:05,30/10/2024,020788IPE301020240104559504-85
821111,30/10/2024,23:19:58,30/10/2024,021431IPE301020240104559514-57
820703,30/10/2024,08:00:13,30/10/2024,020931IPE301020240104559504-93
821635,31/10/2024,19:05:50,31/10/2024,024112IPE311020240104559611-95
821176,31/10/2024,02:55:57,30/10/2024,023264IPE301020240104559602-32
822209,01/11/2024,20:35:40,01/11/2024,023957IPE011120240104559712-75
822131,01/11/2024,18:30:10,01/11/2024,024821IPE011120240104559711-20
822630,04/11/2024,19:06:09,04/11/2024,024929IPE041120240104560011-55
822591,04/11/2024,18:39:10,04/11/2024,023159IPE041120240104560011-29
822295,04/11/2024,08:30:58,04/11/2024,004820IPE041120240104560005-68
822606,04/11/2024,18:48:01,04/11/2024,019348IPE041120240104560011-29
822628,04/11/2024,19:05:29,04/11/2024,024929IPE041120240104560011-74
822658,04/11/2024,19:45:43,04/11/2024,023957IPE041120240104560012-28
822656,04/11/2024,19:44:44,04/11/2024,023957IPE041120240104560012-28
823272,05/11/2024,18:21:28,05/11/2024,017671IPE051120240104560111-29
823334,05/11/2024,18:59:47,05/11/2024,003980IPE051120240104560111-86
823399,05/11/2024,19:57:32,05/11/2024,005258IPE051120240104560112-29
823336,05/11/2024,19:01:44,05/11/2024,008656IPE051120240104560111-85
822970,05/11/2024,08:57:21,05/11/2024,011312IPE051120240104560105-58
823347,05/11/2024,19:06:55,05/11/2024,022357IPE051120240104560112-01
823480,05/11/2024,22:34:22,05/11/2024,004030IPE051120240104560113-76
823816,06/11/2024,18:03:02,06/11/2025,015253IPE061120250104560210-85
823584,06/11/2024,08:37:22,06/11/2024,004030IPE061120240104560205-39
823643,06/11/2024,10:31:32,06/11/2024,019569IPE061120240104560206-63
823918,06/11/2024,18:55:27,06/11/2024,019992IPE061120240104560211-62
824928,07/11/2024,18:40:47,07/11/2024,018660IPE071120240104560311-67
825033,07/11/2024,19:37:33,07/11/2024,009512IPE071120240104560312-10
824848,07/11/2024,18:24:15,07/11/2024,025372IPE071120240104560311-19
825375,08/11/2024,07:02:40,08/11/2024,020087IPE081120240104560404-62
826474,09/11/2024,11:54:54,09/11/2024,011312IPE091120240104560507-68
827157,11/11/2024,21:46:07,11/11/2024,020516IPE111120240104560713-13
826820,11/11/2024,12:29:39,11/11/2024,023957IPE111120240104560707-88
827129,11/11/2024,20:22:15,11/11/2024,007617IPE111120240104560712-37
827187,12/11/2024,06:08:33,11/11/2024,022616IPE111120240104560804-01
827190,12/11/2024,07:15:59,12/11/2024,016659IPE121120240104560804-94
827199,12/11/2024,08:26:02,12/11/2024,014443IPE121120240104560805-08
828336,13/11/2024,18:34:42,13/11/2024,001023IPE131120240104560911-56
828362,13/11/2024,18:46:06,13/11/2024,019836IPE131120240104560911-32
827944,13/11/2024,09:44:48,13/11/2024,025372IPE131120240104560906-32
828335,13/11/2024,18:34:38,13/11/2024,001023IPE131120240104560911-52
827946,13/11/2024,09:47:39,13/11/2024,025372IPE131120240104560906-26
828378,13/11/2024,18:56:21,13/11/2024,016292IPE131120240104560911-57
828462,13/11/2024,19:54:31,13/11/2024,020788IPE131120240104560912-25
828709,14/11/2024,08:40:32,14/11/2024,024112IPE141120240104561005-52
828735,14/11/2024,09:23:57,14/11/2024,020788IPE141120240104561006-20
829320,14/11/2024,19:41:48,14/11/2024,011312IPE141120240104561012-29
830179,18/11/2024,14:37:49,18/11/2024,009512IPE181120240104561409-26
830465,18/11/2024,22:00:02,18/11/2024,009512IPE181120240204561409-26
830940,19/11/2024,22:14:56,19/11/2024,004030IPE191120240104561513-90
831441,21/11/2024,19:58:56,21/11/2024,009512IPE211120240104561712-54
831493,21/11/2024,21:00:46,21/11/2024,009512IPE211120240204561712-70
831371,21/11/2024,18:54:47,21/11/2024,023310IPE211120240104561711-81
831010,21/11/2024,08:45:16,21/11/2024,022357IPE211120240104561705-41
832047,22/11/2024,19:00:25,22/11/2024,019569IPE221120240104561811-65
832033,22/11/2024,18:41:58,22/11/2024,017973IPE221120240104561811-79
831998,22/11/2024,18:09:19,22/11/2024,001023IPE221120240104561811-08
832054,22/11/2024,19:11:47,21/11/2024,009512IPE211120240304561712-70
832533,25/11/2024,19:25:53,25/11/2024,019992IPE251120240104562112-18
832478,25/11/2024,18:34:20,25/11/2024,017450IPE251120240104562111-34
832567,25/11/2024,20:09:26,25/11/2024,011312IPE251120240104562112-35
832539,25/11/2024,19:38:38,25/11/2024,019879IPE251120240104562112-16
833031,26/11/2024,20:34:49,26/11/2024,019879IPE261120240104562212-83
832948,26/11/2024,19:01:26,21/11/2024,023310IPE211120240204561711-81
832691,26/11/2024,08:25:15,26/11/2024,019992IPE261120240104562205-20
833437,27/11/2024,20:23:58,27/11/2024,019569IPE271120240104562312-81
833542,27/11/2024,22:44:24,27/11/2024,017671IPE271120240104562313-88
833283,27/11/2024,15:29:40,27/11/2024,024783IPE271120240104562309-69
833810,28/11/2024,18:24:10,28/11/2024,019348IPE281120240104562411-14
833875,28/11/2024,19:22:37,28/11/2024,018465IPE281120240104562411-99
833967,28/11/2024,21:30:28,28/11/2024,004170IPE281120240104562413-18
834056,29/11/2024,08:37:24,29/11/2024,019569IPE291120240104562505-41
834467,29/11/2024,20:11:15,29/11/2024,005258IPE291120240104562512-26
834550,02/12/2024,08:47:02,02/12/2024,014460IPE021220240104562805-29
834544,02/12/2024,08:40:29,02/12/2024,004820IPE021220240104562805-49
835606,03/12/2024,21:43:56,02/12/2024,023957IPE021220240104562913-59
835603,03/12/2024,21:39:43,02/12/2024,023957IPE021220240104562913-42
835180,03/12/2024,09:00:29,03/12/2024,004170IPE031220240104562905-69
835189,03/12/2024,09:18:39,03/12/2024,004170IPE031220240304562905-69
836043,04/12/2024,18:08:51,04/12/2024,024783IPE041220240104563011-39
836028,04/12/2024,18:00:59,04/12/2024,004820IPE041220240104563011-39
836026,04/12/2024,17:59:33,04/12/2024,023957IPE041220240104563011-12
835761,04/12/2024,08:55:00,04/12/2024,004030IPE041220240104563005-35
836434,05/12/2024,13:54:30,05/12/2024,022187IPE051220240104563108-64
836576,05/12/2024,18:51:13,05/12/2024,023957IPE051220240104563111-44
836564,05/12/2024,18:43:29,05/12/2024,023957IPE051220240104563111-52
836302,05/12/2024,08:33:09,05/12/2024,002437IPE051220240104563105-22
837090,06/12/2024,18:35:05,06/12/2024,020982IPE061220240104563211-20
837054,06/12/2024,18:08:09,06/12/2024,007617IPE061220240104563210-97
837305,07/12/2024,07:33:21,07/12/2024,024295IPE071220240104563304-74
837708,09/12/2024,18:09:16,09/12/2024,024783IPE091220240104563511-05
837373,09/12/2024,09:28:55,09/12/2024,024112IPE091220240104563506-23
837341,09/12/2024,08:31:29,09/12/2024,021016IPE091220240104563505-40
837970,09/12/2024,21:19:18,09/12/2024,019569IPE091220240104563512-97
838704,10/12/2024,19:01:39,10/12/2024,013986IPE101220240104563611-80
838911,10/12/2024,22:20:43,10/12/2024,002437IPE101220240104563613-83
838123,10/12/2024,09:06:01,10/12/2024,012653IPE101220240104563605-47
839256,11/12/2024,18:08:08,11/12/2024,008133IPE111220240104563710-96
839446,11/12/2024,22:14:28,11/12/2024,011312IPE111220240104563713-62
839023,11/12/2024,09:01:02,11/12/2024,004030IPE111220240104563705-43
839022,11/12/2024,09:00:58,11/12/2024,004030IPE111220240104563705-98
839033,11/12/2024,09:29:25,11/12/2024,004820IPE111220240104563705-94
839753,12/12/2024,18:32:18,12/12/2024,020087IPE121220240104563811-30
839802,12/12/2024,19:14:33,12/12/2024,002437IPE121220240104563811-87
839559,12/12/2024,08:35:05,12/12/2024,013986IPE121220240104563805-20
839845,12/12/2024,20:05:54,12/12/2024,011312IPE121220240104563812-59
839760,12/12/2024,18:42:41,12/12/2024,019739IPE121220240104563811-63
839748,12/12/2024,18:25:00,12/12/2024,002437IPE121220240104563811-05
840347,13/12/2024,19:04:40,13/12/2024,024821IPE131220240104563911-84
840369,13/12/2024,19:54:51,13/12/2024,021610IPE131220240104563912-45
840371,13/12/2024,20:00:33,13/12/2024,021610IPE131220240104563912-33
840890,16/12/2024,20:10:03,16/12/2024,020931IPE161220240104564212-13
840790,16/12/2024,18:18:12,16/12/2024,017671IPE161220240104564211-10
840519,16/12/2024,06:07:15,16/12/2024,018465IPE161220240104564203-82
841503,17/12/2024,20:21:25,17/12/2024,020931IPE171220240104564312-46
841508,17/12/2024,20:27:20,17/12/2024,020788IPE171220240104564312-47
841911,18/12/2024,18:31:59,18/12/2024,017671IPE181220240104564411-70
841623,18/12/2024,02:08:58,18/12/2024,024112IPE181220240104564401-86
841953,18/12/2024,18:56:28,18/12/2024,024295IPE181220240104564411-64
841955,18/12/2024,18:59:08,18/12/2024,024295IPE181220240104564411-47
841961,18/12/2024,19:02:49,18/12/2024,024295IPE181220240104564411-91
842056,18/12/2024,21:07:55,18/12/2024,024112IPE181220240104564413-22
841983,18/12/2024,19:34:12,18/12/2024,025291IPE181220240104564411-86
841957,18/12/2024,19:01:34,18/12/2024,008672IPE181220240104564411-75
842534,19/12/2024,21:44:16,19/12/2024,024112IPE191220240104564513-20
842377,19/12/2024,18:25:16,19/12/2024,014460IPE191220240104564511-21
842368,19/12/2024,18:22:46,19/12/2024,002437IPE191220240104564511-48
842305,19/12/2024,17:33:35,19/12/2024,025291IPE191220240104564510-88
842334,19/12/2024,18:05:25,19/12/2024,000906IPE191220240104564511-10
842126,19/12/2024,07:41:22,18/12/2024,024295IPE181220240204564411-47
842409,19/12/2024,19:03:14,18/12/2024,024295IPE181220240204564411-64
842159,19/12/2024,09:11:40,19/12/2024,004820IPE191220240104564505-91
842375,19/12/2024,18:24:45,19/12/2024,025372IPE191220240104564511-49
842901,20/12/2024,18:55:41,20/12/2024,017671IPE201220240104564611-76
842678,20/12/2024,13:38:52,18/12/2024,023957IPE181220240104564608-70
843071,20/12/2024,22:38:18,20/12/2024,011312IPE201220240104564613-76
842820,20/12/2024,18:08:10,20/12/2024,023159IPE201220240104564610-98
843671,23/12/2024,20:12:13,23/12/2024,011312IPE231220240104564912-25
843189,23/12/2024,09:09:35,23/12/2024,025291IPE231220240104564905-84
843202,23/12/2024,09:31:08,23/12/2024,014443IPE231220240104564905-79
843559,23/12/2024,18:27:08,23/12/2024,021610IPE231220240104564911-15
843543,23/12/2024,18:16:59,23/12/2024,020982IPE231220240104564911-55
844798,27/12/2024,18:37:38,27/12/2024,020516IPE271220240104565311-55
844561,27/12/2024,09:08:24,27/12/2024,025291IPE271220240104565305-72
844629,27/12/2024,12:55:26,27/12/2024,025291IPE271220240104565308-01
844938,27/12/2024,23:05:31,27/12/2024,011312IPE271220240104565314-16
845004,30/12/2024,12:17:27,30/12/2024,025291IPE301220240104565607-64
845422,30/12/2024,21:45:22,30/12/2024,025291IPE301220240104565613-27
845358,30/12/2024,19:27:35,30/12/2024,004030IPE301220240104565612-02
844963,30/12/2024,09:04:22,30/12/2024,025291IPE301220240104565605-66
845324,30/12/2024,18:33:18,30/12/2024,022187IPE301220240104565611-31
845655,31/12/2024,20:35:48,31/12/2024,025291IPE311220240104565712-83
845725,02/01/2025,08:28:05,02/01/2025,019569IPE020120250104565905-13
845734,02/01/2025,09:03:43,02/01/2025,022187IPE020120250104565905-86
846495,03/01/2025,18:37:19,03/01/2025,019569IPE030120250104566011-36
846521,03/01/2025,19:16:23,03/01/2025,024112IPE030120250104566011-79
847129,06/01/2025,21:49:12,06/01/2025,014443IPE060120250104566313-21
847249,07/01/2025,08:55:14,07/01/2025,025291IPE070120250104566405-49
847648,08/01/2025,09:06:06,08/01/2025,024112IPE080120250104566505-52
848222,09/01/2025,18:24:55,09/01/2025,011312IPE090120250104566611-59
848418,10/01/2025,10:12:41,10/01/2025,025291IPE100120250104566706-53
849763,15/01/2025,09:42:34,15/01/2025,019569IPE150120250104567206-16
850093,15/01/2025,19:45:46,15/10/2025,019569IPE151020250104567212-31
850097,15/01/2025,19:47:24,15/01/2025,019569IPE150120250104567212-11
850167,15/01/2025,21:57:18,15/01/2025,019569IPE150120250104567213-35
850094,15/01/2025,19:45:51,15/01/2025,024112IPE150120250104567212-36
850244,16/01/2025,11:38:33,16/01/2025,019836IPE160120250104567307-31
850208,16/01/2025,09:27:02,16/01/2025,024112IPE160120250104567305-69
850416,16/01/2025,18:47:46,16/01/2025,024295IPE160120250104567311-73
850689,17/01/2025,18:48:40,17/01/2025,024295IPE170120250104567411-68
850534,17/01/2025,08:49:50,17/01/2025,017973IPE170120250104567405-79
850961,20/01/2025,18:42:42,20/01/2025,008656IPE200120250104567711-64
850962,20/01/2025,18:42:44,20/01/2025,003980IPE200120250104567711-66
851155,21/01/2025,18:16:48,21/01/2025,015784IPE210120250104567811-44
851293,22/01/2025,09:02:45,22/01/2025,024112IPE220120250104567905-87
851291,22/01/2025,08:50:38,22/01/2025,011312IPE220120250104567905-68
852013,24/01/2025,08:25:47,24/01/2025,025291IPE240120250104568105-52
852323,27/01/2025,08:12:10,27/01/2025,025291IPE270120250104568405-02
852843,28/01/2025,18:40:22,28/01/2025,022357IPE280120250104568511-42
853006,28/01/2025,22:56:36,28/01/2025,024112IPE280120250104568514-12
852903,28/01/2025,19:56:27,28/01/2025,024112IPE280120250104568512-23
853287,29/01/2025,18:11:05,29/01/2025,024112IPE290120250104568610-96
853318,29/01/2025,18:55:40,29/01/2025,017671IPE290120250104568611-75
853337,29/01/2025,19:10:50,29/01/2025,009512IPE290120250204568611-71
853296,29/01/2025,18:28:04,29/01/2025,009512IPE290120250104568611-12
853777,30/01/2025,21:06:23,30/01/2025,019992IPE300120250104568712-89
853469,30/01/2025,09:09:54,30/01/2025,025291IPE300120250104568706-03
853812,31/01/2025,09:28:02,31/01/2025,004820IPE310120250104568805-70
854148,31/01/2025,19:29:17,31/01/2025,024112IPE310120250104568811-86
854506,03/02/2025,18:24:22,03/02/2025,009512IPE030220250104569111-26
854655,03/02/2025,22:33:21,03/02/2025,024112IPE030220250104569113-74
854503,03/02/2025,18:21:51,03/02/2025,012653IPE030220250104569111-52
855151,04/02/2025,23:33:58,04/02/2025,024112IPE040220250104569214-71
855045,04/02/2025,19:09:09,04/02/2025,008672IPE040220250104569211-58
854996,04/02/2025,18:10:31,04/02/2025,023159IPE040220250104569211-21
855695,05/02/2025,20:56:42,05/02/2025,022187IPE050220250104569312-98
855621,05/02/2025,18:41:30,05/02/2025,019348IPE050220250104569311-51
855622,05/02/2025,18:41:44,05/02/2025,019348IPE050220250104569311-65
855623,05/02/2025,18:42:00,05/02/2025,019348IPE050220250104569311-22
855624,05/02/2025,18:42:15,05/02/2025,019348IPE050220250104569311-37
855698,05/02/2025,22:12:42,05/02/2025,004820IPE050220250104569313-74
856256,06/02/2025,22:54:53,06/02/2025,022187IPE060220250104569414-27
856400,07/02/2025,06:02:18,07/02/2025,000906IPE070220250104569503-80
857814,10/02/2025,20:50:44,10/02/2025,024929IPE100220250104569812-94
857836,10/02/2025,21:08:38,10/02/2025,024929IPE100220250104569813-06
857399,10/02/2025,15:48:14,10/02/2025,011312IPE100220250104569809-62
857084,10/02/2025,09:12:20,10/02/2025,025291IPE100220250104569805-72
857548,10/02/2025,18:07:08,10/02/2025,007617IPE100220250104569810-95
857086,10/02/2025,09:14:13,10/02/2025,019836IPE100220250104569805-67
858350,11/02/2025,18:50:12,11/02/2025,020788IPE110220250104569911-42
858325,11/02/2025,18:30:22,11/02/2025,024783IPE110220250104569911-32
858345,11/02/2025,18:46:07,11/02/2025,020931IPE110220250104569911-33
858035,11/02/2025,07:33:48,11/02/2025,024929IPE110220250104569905-01
858034,11/02/2025,07:32:35,11/02/2025,024929IPE110220250104569904-87
858716,12/02/2025,15:02:03,12/02/2025,024929IPE120220250104570009-05
858714,12/02/2025,15:00:44,12/02/2025,024929IPE120220250104570009-44
859150,13/02/2025,08:58:02,13/02/2025,025291IPE130220250104570105-40
859705,14/02/2025,06:01:36,14/02/2025,004170IPE140220250104570203-97
859709,14/02/2025,07:37:59,14/02/2025,016659IPE140220250104570205-16
859724,14/02/2025,08:49:49,14/02/2025,016659IPE140220250104570205-78
860516,17/02/2025,18:36:17,17/02/2025,023159IPE170220250104570511-33
860708,18/02/2025,08:31:47,18/02/2025,017671IPE180220250104570605-58
861048,18/02/2025,20:13:43,18/02/2025,008672IPE180220250104570612-56
860847,18/02/2025,14:57:27,13/02/2025,023957IPE130220250104570609-24
860955,18/02/2025,18:04:48,17/02/2025,023957IPE170220250104570611-32
861019,18/02/2025,19:30:55,18/02/2025,011312IPE180220250104570612-25
861609,19/02/2025,19:00:27,19/02/2025,008656IPE190220250104570711-67
861571,19/02/2025,18:25:05,19/02/2025,001023IPE190220250104570711-10
861574,19/02/2025,18:25:42,19/02/2025,001023IPE190220250104570711-47
861711,19/02/2025,22:25:16,19/02/2025,004170IPE190220250104570713-61
861521,19/02/2025,18:04:59,19/02/2025,017450IPE190220250104570711-43
861712,19/02/2025,22:25:30,19/02/2025,004170IPE190220250104570713-75
861557,19/02/2025,18:18:13,19/02/2025,025372IPE190220250104570711-11
861714,19/02/2025,22:30:08,19/02/2025,004170IPE190220250204570713-89
861607,19/02/2025,18:57:42,19/02/2025,003980IPE190220250104570711-79
861956,20/02/2025,09:41:42,20/02/2025,024783IPE200220250104570806-23
862209,20/02/2025,18:11:24,20/02/2025,008133IPE200220250104570811-15
862210,20/02/2025,18:11:57,20/02/2025,017450IPE200220250104570811-48
862273,20/02/2025,18:55:53,19/02/2025,017450IPE190220250204570711-43
862483,20/02/2025,23:28:15,20/02/2025,024112IPE200220250104570814-23
862268,20/02/2025,18:48:59,20/02/2025,008133IPE200220250104570811-87
861919,20/02/2025,08:08:14,19/02/2025,001023IPE190220250204570711-29
862876,21/02/2025,18:50:09,21/02/2025,008672IPE210220250104570911-39
863058,22/02/2025,00:11:59,21/02/2025,020494IPE210220250104571000-70
863114,24/02/2025,09:00:19,24/02/2025,004170IPE240220250104571205-59
863470,24/02/2025,19:35:24,24/02/2025,017329IPE240220250104571211-99
863473,24/02/2025,19:37:25,24/02/2025,024929IPE240220250104571212-02
863475,24/02/2025,19:39:02,24/02/2025,024929IPE240220250104571211-81
863630,24/02/2025,22:55:15,24/02/2025,019836IPE240220250104571213-90
863430,24/02/2025,19:03:47,24/02/2025,024295IPE240220250104571211-90
863455,24/02/2025,19:18:16,24/02/2025,024295IPE240220250104571211-74
864007,25/02/2025,18:40:07,25/02/2025,020087IPE250220250104571311-27
864018,25/02/2025,18:46:14,25/02/2025,017671IPE250220250104571311-40
864297,26/02/2025,03:09:26,26/02/2025,023264IPE260220250104571402-15
864756,26/02/2025,19:02:24,26/02/2025,016292IPE260220250104571411-66
864926,26/02/2025,20:59:26,26/02/2025,020788IPE260220250104571412-85
864382,26/02/2025,08:17:03,26/02/2025,019569IPE260220250104571405-00
865008,26/02/2025,22:59:35,26/02/2025,004820IPE260220250104571414-14
864866,26/02/2025,20:10:20,26/02/2025,009512IPE260220250104571412-30
864759,26/02/2025,19:03:21,26/02/2025,001023IPE260220250104571411-64
865485,27/02/2025,18:47:02,27/02/2024,019992IPE270220240104571511-29
865123,27/02/2025,07:18:40,27/02/2025,020087IPE270220250104571504-78
866336,28/02/2025,21:36:31,28/02/2025,022187IPE280220250104571613-27
866342,28/02/2025,21:47:54,28/02/2025,022187IPE280220250104571613-61
866318,28/02/2025,21:08:26,28/02/2025,022187IPE280220250104571612-94
866609,05/03/2025,08:03:28,05/03/2025,011312IPE050320250104572105-11
866600,05/03/2025,07:52:21,05/03/2025,011312IPE050320250104572104-93
866637,05/03/2025,09:00:33,05/03/2025,024783IPE050320250104572105-73
867460,06/03/2025,08:45:48,06/03/2025,025291IPE060320250104572205-73
868725,07/03/2025,20:23:41,07/03/2025,023957IPE070320250104572312-64
868182,07/03/2025,08:06:28,06/03/2025,020745IPE060320250104572305-14
868751,07/03/2025,21:00:38,07/03/2025,009512IPE070320250104572312-98
868939,10/03/2025,08:40:45,10/03/2025,024295IPE100320250104572605-65
869959,11/03/2025,08:40:31,11/03/2025,008672IPE110320250104572705-51
870716,12/03/2025,18:51:13,12/03/2025,025372IPE120320250104572811-44
871452,13/03/2025,20:47:12,13/03/2025,017671IPE130320250104572912-59
871383,13/03/2025,19:49:23,13/03/2025,022187IPE130320250104572912-12
871916,14/03/2025,18:20:40,14/03/2025,020745IPE140320250104573011-40
871576,14/03/2025,09:17:00,14/03/2025,025291IPE140320250104573005-57
872569,17/03/2025,20:36:06,17/03/2025,022357IPE170320250104573312-42
872572,17/03/2025,20:39:57,17/03/2025,020087IPE170320250104573312-96
872104,17/03/2025,08:55:24,17/03/2025,025291IPE170320250104573305-59
872113,17/03/2025,09:24:47,17/03/2025,024783IPE170320250104573306-11
872673,18/03/2025,10:07:49,18/03/2025,024392IPE180320250104573406-56
872864,18/03/2025,17:39:35,18/03/2025,025372IPE180320250104573410-94
872660,18/03/2025,09:49:53,18/03/2025,024112IPE180320250104573406-42
873064,18/03/2025,19:01:33,18/03/2025,019992IPE180320250104573411-74
873126,18/03/2025,20:18:30,18/03/2025,021431IPE180320250104573412-48
872863,18/03/2025,17:39:22,18/03/2025,020982IPE180320250104573410-81
873676,19/03/2025,19:51:55,19/03/2025,024392IPE190320250104573512-46
874115,20/03/2025,18:10:20,20/03/2025,000906IPE200320250104573611-10
874146,20/03/2025,18:31:42,20/03/2025,024783IPE200320250104573611-53
874156,20/03/2025,18:40:57,20/03/2025,024929IPE200320250104573611-77
874204,20/03/2025,19:00:29,20/03/2025,019550IPE200320250104573611-69
874160,20/03/2025,18:44:00,20/03/2025,024929IPE200320250104573611-24
874404,21/03/2025,09:25:48,21/03/2025,020745IPE210320250104573706-13
874890,21/03/2025,19:32:21,21/03/2025,017329IPE210320250104573711-93
874876,21/03/2025,19:18:45,21/03/2025,019739IPE210320250104573712-03
875022,24/03/2025,08:41:06,24/03/2025,019569IPE240320250104574005-27
875042,24/03/2025,09:07:45,24/03/2025,024112IPE240320250104574005-92
876125,25/03/2025,19:44:38,25/03/2025,024112IPE250320250104574112-22
876318,25/03/2025,23:30:08,25/03/2025,024783IPE250320250204574113-72
876321,25/03/2025,23:34:17,25/03/2025,019550IPE250320250104574114-31
876884,26/03/2025,18:53:46,26/03/2025,020982IPE260320250104574211-79
877698,27/03/2025,22:12:08,27/03/2025,019879IPE270320250104574313-40
877595,27/03/2025,19:31:49,18/03/2025,021431IPE180320250204573412-48
877673,27/03/2025,21:11:46,27/03/2025,024929IPE270320250104574313-17
877669,27/03/2025,21:09:58,27/03/2025,024929IPE270320250104574313-27
877829,28/03/2025,08:58:00,28/03/2025,019569IPE280320250104574405-38
877818,28/03/2025,08:47:33,28/03/2025,024112IPE280320250104574405-60
877883,28/03/2025,09:58:05,28/03/2025,015784IPE280320250104574406-03
878402,28/03/2025,18:12:47,28/03/2025,018660IPE280320250104574411-39
879833,31/03/2025,19:53:54,31/03/2025,020931IPE310320250304574712-11
879831,31/03/2025,19:53:04,31/03/2025,020931IPE310320250204574712-12
879849,31/03/2025,20:08:43,31/03/2025,004170IPE310320250104574712-51
881125,01/04/2025,22:20:11,01/04/2025,019569IPE010420250104574813-51
881171,02/04/2025,08:47:06,02/04/2025,004030IPE020420250104574905-33
881860,03/04/2025,08:51:33,03/04/2025,017973IPE030420250104575005-64
882740,04/04/2025,18:15:25,04/04/2025,019739IPE040420250104575111-20
883414,07/04/2025,19:08:19,07/04/2025,008656IPE070420250104575411-67
883419,07/04/2025,19:17:01,07/04/2025,019569IPE070420250104575411-58
883289,07/04/2025,18:28:30,07/04/2025,020931IPE070420250104575411-38
883634,08/04/2025,12:52:50,08/04/2025,018660IPE080420250104575508-22
884443,09/04/2025,19:13:48,09/04/2025,014443IPE090420250104575612-01
884018,09/04/2025,09:27:24,09/04/2025,024112IPE090420250104575605-91
886170,14/04/2025,19:37:41,14/04/2025,025372IPE140420250130944836-34
885760,14/04/2025,07:35:30,14/04/2025,008672IPE140420250195058618-87
885785,14/04/2025,08:53:58,14/04/2025,025291IPE140420250165034697-11
885771,14/04/2025,08:29:47,14/04/2025,024112IPE140420250123376662-96
885772,14/04/2025,08:30:33,14/04/2025,019569IPE140420250122455085-40
886887,16/04/2025,18:01:34,16/04/2025,024821IPE160420250131054445-11
887067,17/04/2025,09:02:43,17/04/2025,025291IPE170420250144379967-54
889043,24/04/2025,00:09:59,23/04/2025,024112IPE230420250121469191-86
889872,24/04/2025,20:50:02,24/04/2025,022187IPE240420250167652782-15
890486,25/04/2025,18:11:25,25/04/2025,019992IPE250420250135437342-60
889908,25/04/2025,00:15:02,25/04/2025,025291IPE250420250133754139-06
890580,25/04/2025,18:46:08,25/04/2025,024783IPE250420250198294974-40
891388,28/04/2025,19:22:45,28/04/2025,008656IPE280420250180314432-23
891371,28/04/2025,19:07:21,28/04/2025,003980IPE280420250155852553-02
891385,28/04/2025,19:16:47,28/04/2025,003980IPE280420250196241797-06
892590,29/04/2025,20:40:53,29/04/2025,004820IPE290420250125917224-52
892189,29/04/2025,18:03:19,29/04/2025,009512IPE290420250161750575-69
892039,29/04/2025,17:14:57,29/04/2025,020931IPE290420250132135115-59
892426,29/04/2025,18:50:54,29/04/2025,018660IPE290420250198747391-04
894099,30/04/2025,18:04:56,30/04/2025,020931IPE300420250197733738-49
895424,01/05/2025,23:11:03,01/05/2025,022187IPE010520250388638434-69
895080,01/05/2025,10:00:31,01/05/2025,019569IPE010520250167059946-24
896880,05/05/2025,20:17:45,05/05/2025,020540IPE050520250197228756-25
896876,05/05/2025,20:12:35,05/05/2025,018660IPE050520250180425231-08
896106,05/05/2025,08:21:13,05/05/2025,019569IPE050520250152027669-60
897596,06/05/2025,19:07:21,06/05/2025,024112IPE060520250104338887-27
898383,07/05/2025,18:55:08,07/05/2025,000906IPE070520250116299153-69
898247,07/05/2025,18:28:23,07/05/2025,020931IPE070520250168705589-90
898463,07/05/2025,20:20:09,07/05/2025,017329IPE070520250103948302-85
898234,07/05/2025,18:18:27,07/05/2025,023957IPE070520250198082817-21
899434,08/05/2025,21:01:23,08/05/2025,025291IPE080520250172444429-40
898597,08/05/2025,08:11:06,08/05/2025,018465IPE080520250114660646-34
899108,08/05/2025,18:06:51,08/05/2025,019739IPE080520250123210738-02
898665,08/05/2025,09:49:37,08/05/2025,019569IPE080520250137367311-40
899071,08/05/2025,17:49:21,08/05/2025,025372IPE080520250178765082-40
899166,08/05/2025,18:29:09,08/05/2025,025372IPE080520250130731895-88
900406,09/05/2025,18:54:18,09/05/2025,001023IPE090520250121260022-96
899523,09/05/2025,08:21:02,09/05/2025,019569IPE090520250109427362-47
900519,09/05/2025,21:09:06,09/05/2024,020931IPE090520240131530661-81
901340,12/05/2025,19:40:12,12/05/2025,014443IPE120520250122265700-94
901096,12/05/2025,17:42:47,12/05/2025,021016IPE120520250175573073-20
901167,12/05/2025,18:28:22,12/05/2025,009512IPE120520250114146719-42
903180,14/05/2025,23:57:13,14/05/2025,014443IPE140520250123271054-21
902221,14/05/2025,07:30:36,14/05/2025,022357IPE140520250186769381-21
903872,15/05/2025,18:43:11,15/05/2025,001023IPE150520250127500699-27
904097,15/05/2025,23:27:45,15/05/2025,020788IPE150520250272774455-46
903952,15/05/2025,19:37:17,15/05/2025,020788IPE150520250110363616-02
903954,15/05/2025,19:40:03,15/05/2025,016292IPE150520250169183293-86
903883,15/05/2025,18:47:50,15/05/2025,001023IPE150520250142192267-79
904096,15/05/2025,23:27:27,15/05/2025,016292IPE150520250259182379-25
904663,16/05/2025,18:00:19,16/05/2025,017671IPE160520250113927195-49
904131,16/05/2025,07:40:27,16/05/2025,019569IPE160520250109723495-09
904804,16/05/2025,20:25:22,16/05/2025,019879IPE160520250131385296-84
905390,19/05/2025,19:50:09,19/05/2025,017671IPE190520250145995073-88
905432,19/05/2025,23:29:25,19/05/2025,014443IPE190520250126094968-49
905334,19/05/2025,19:23:18,19/05/2025,020516IPE190520250136770738-39
905606,20/05/2025,15:45:07,20/05/2025,019569IPE200520250109356183-25
905879,20/05/2025,19:27:16,20/05/2025,024112IPE200520250153026962-40
906329,21/05/2025,18:53:39,21/05/2025,001023IPE210520250133707992-71
906828,22/05/2025,19:02:47,22/05/2025,004170IPE220520250187416153-45
907332,23/05/2025,19:00:34,23/05/2025,004820IPE230520250106396443-96
907791,26/05/2025,19:12:32,26/05/2025,009512IPE260520250193180081-54
907408,26/05/2025,08:32:30,26/05/2025,020788IPE260520250153977583-45
907409,26/05/2025,08:32:42,20/05/2025,016292IPE200520250171665920-58
908208,27/05/2025,18:52:55,27/05/2025,025291IPE270520250177211792-19
908114,27/05/2025,17:39:23,27/05/2025,025372IPE270520250189224401-23
908253,27/05/2025,20:14:31,27/05/2025,022470IPE270520250144242380-22
908307,28/05/2025,06:56:57,28/05/2025,024112IPE280520250198918484-80
908833,28/05/2025,19:07:35,28/05/2025,024112IPE280520250183248061-56
908383,28/05/2025,10:41:22,28/05/2025,024112IPE280520250224350051-70
908873,28/05/2025,20:06:45,28/05/2025,009512IPE280520250147039418-21
908306,28/05/2025,06:56:53,28/05/2025,024112IPE280520250118325054-90
909356,29/05/2025,18:31:38,29/05/2025,024783IPE290520250198852750-04
909350,29/05/2025,18:25:34,29/05/2025,019348IPE290520250148688258-07
909422,29/05/2025,18:46:21,29/05/2025,019550IPE290520250163146369-19
909433,29/05/2025,19:18:07,29/05/2025,024112IPE290520250127326973-97
909994,30/05/2025,19:25:41,30/05/2025,019569IPE300520250135606271-39
910056,30/05/2025,23:59:24,30/05/2025,009512IPE300520250115221072-12
909984,30/05/2025,18:43:42,30/05/2025,024112IPE300520250173434472-31
909983,30/05/2025,18:43:38,30/05/2025,024112IPE300520250135364632-87
909596,30/05/2025,11:00:58,30/05/2025,019569IPE300520250132305163-43
910660,02/06/2025,22:06:32,02/06/2025,017450IPE020620250156413384-81
910568,02/06/2025,19:02:18,02/06/2025,024929IPE020620250172664138-54
910569,02/06/2025,19:04:42,02/06/2025,024929IPE020620250172436110-35
910665,02/06/2025,22:33:13,02/06/2025,024112IPE020620250129463637-24
910127,02/06/2025,08:34:56,02/06/2025,020788IPE020620250159210594-67
911266,04/06/2025,09:01:28,04/06/2025,020788IPE040620250126425076-43
911265,04/06/2025,09:00:39,04/06/2025,016292IPE040620250113124342-68
911742,04/06/2025,23:55:08,04/06/2025,017450IPE040620250197314294-67
911785,05/06/2025,09:07:20,05/06/2025,025291IPE050620250182817433-58
912108,05/06/2025,18:06:27,05/06/2025,017450IPE050620250196061486-58
912189,05/06/2025,19:30:21,05/06/2025,025291IPE050620250152510002-33
911767,05/06/2025,07:58:41,05/06/2025,013986IPE050620250137017311-76
912810,06/06/2025,20:52:48,06/06/2025,019569IPE060620250177869788-81
912776,06/06/2025,19:04:49,06/06/2025,011312IPE060620250122370726-38
912503,06/06/2025,16:43:14,06/06/2025,019569IPE060620250164525778-92
914144,10/06/2025,20:19:13,10/06/2025,024295IPE100620250149558523-84
915317,13/06/2025,18:02:51,13/06/2025,020931IPE130620250118629441-48
915752,16/06/2025,18:09:05,16/06/2025,007617IPE160620250113139476-47
915736,16/06/2025,18:00:20,04/06/2025,017450IPE040620250246281442-71
915835,16/06/2025,20:24:23,16/06/2025,019992IPE160620250135777255-02
916304,17/06/2025,23:59:35,17/06/2025,017329IPE170620250161620221-07
916202,17/06/2025,19:25:18,17/06/2025,016292IPE170620250135636914-02
915913,17/06/2025,09:59:29,17/06/2025,016292IPE170620250171682512-89
915912,17/06/2025,09:57:19,17/06/2025,020788IPE170620250165307395-47
916621,18/06/2025,18:22:03,18/06/2025,023957IPE180620250111360950-49
916581,18/06/2025,17:52:03,18/06/2025,020788IPE180620250105972789-79
916604,18/06/2025,18:13:28,18/06/2025,000906IPE180620250187881706-65
917096,20/06/2025,18:21:22,20/06/2025,020931IPE200620250196573015-02
917795,23/06/2025,18:45:00,23/06/2025,019992IPE230620250167384856-96
917834,23/06/2025,19:27:17,23/06/2025,022187IPE230620250110780746-34
917872,23/06/2025,21:09:40,23/06/2025,020516IPE230620250179100845-43
917196,23/06/2025,06:55:29,23/06/2025,020788IPE230620250186610744-48
917219,23/06/2025,08:27:32,20/06/2025,019550IPE200620250127237448-45
917217,23/06/2025,08:22:44,23/06/2025,019550IPE230620250176286094-39
917218,23/06/2025,08:24:25,23/06/2025,024783IPE230620250182360019-47
918349,24/06/2025,18:09:14,24/06/2025,020982IPE240620250191546456-22
918347,24/06/2025,18:06:15,24/06/2025,020982IPE240620250165303297-25
918392,24/06/2025,18:43:27,24/06/2025,019739IPE240620250184645753-56
919198,26/06/2025,18:01:13,26/06/2025,021016IPE260620250196600383-31
919888,30/06/2025,09:16:21,30/06/2025,007617IPE300620250198785937-32
920466,30/06/2025,18:24:17,30/06/2025,014443IPE300620250145089468-33
920186,30/06/2025,17:28:47,30/06/2025,023159IPE300620250295706613-09
921307,01/07/2025,19:04:11,01/07/2025,020745IPE010720250158995937-96
921478,01/07/2025,23:33:00,01/07/2025,011312IPE010720250128191894-97
921327,01/07/2025,19:21:55,01/07/2025,019569IPE010720250117921978-14
921332,01/07/2025,19:36:55,01/07/2025,019739IPE010720250183188175-30
921508,02/07/2025,08:03:58,02/07/2025,004170IPE020720250105880729-52
922128,03/07/2025,08:13:20,03/07/2025,011312IPE030720250133785697-63
922830,04/07/2025,20:38:44,04/07/2025,022187IPE040720250163468245-83
922788,04/07/2025,18:27:20,04/07/2025,020745IPE040720250115765119-59
922869,07/07/2025,09:07:41,07/07/2025,004820IPE070720250113044766-69
923148,07/07/2025,18:29:21,07/07/2025,021431IPE070720250196081106-40
923244,07/07/2025,20:54:49,07/07/2025,011312IPE070720250192711990-52
923774,08/07/2025,22:21:22,08/07/2025,020745IPE080720250195702825-96
923775,08/07/2025,22:24:42,08/07/2025,020745IPE080720250167592700-09
924106,09/07/2025,21:03:42,09/07/2025,024112IPE090720250174847850-72
923803,09/07/2025,09:24:11,08/07/2025,020745IPE080720250268197369-54
924727,10/07/2025,18:52:27,10/07/2025,017671IPE100720250186133545-86
925153,11/07/2025,19:07:38,11/07/2025,024929IPE110720250164322135-28
925154,11/07/2025,19:08:31,11/07/2025,024929IPE110720250116747932-96
924941,11/07/2025,13:49:01,11/07/2025,016292IPE110720250126664562-76
925009,11/07/2025,17:28:07,11/07/2025,020788IPE110720250104822407-34
925446,14/07/2025,18:29:50,14/07/2025,024929IPE140720250119457167-79
925203,14/07/2025,07:10:53,14/07/2025,025291IPE140720250234472622-56
925484,14/07/2025,18:36:22,14/07/2025,024929IPE140720250132557565-16
925565,15/07/2025,08:15:40,15/07/2025,020516IPE150720250152990411-72
925535,15/07/2025,06:13:13,15/07/2025,020788IPE150720250109498403-63
926239,16/07/2025,20:43:03,16/07/2025,019569IPE160720250144118662-63
926157,16/07/2025,18:28:45,16/07/2025,022187IPE160720250122419228-90
926573,17/07/2025,19:23:52,17/07/2025,019992IPE170720250102942103-54
926842,18/07/2025,15:37:20,18/07/2025,022187IPE180720250180413615-36
926995,18/07/2025,19:26:46,18/07/2025,023957IPE180720250196521522-89
926762,18/07/2025,13:29:10,18/07/2025,023159IPE180720250202802785-62
927060,21/07/2025,08:44:48,21/07/2025,025291IPE210720250127889868-37
927046,21/07/2025,08:30:37,21/07/2025,024821IPE210720250183556982-98
927335,21/07/2025,21:18:59,21/07/2025,014443IPE210720250112488638-56
927728,22/07/2025,18:32:45,22/07/2025,014443IPE220720250150321727-09
927723,22/07/2025,18:30:24,22/07/2025,019569IPE220720250172553848-55
927365,22/07/2025,08:00:11,22/07/2025,019992IPE220720250163365179-05
927686,22/07/2025,17:56:31,22/07/2025,001023IPE220720250142004708-82
928216,23/07/2025,22:12:53,23/07/2025,025291IPE230720250137284417-08
928201,23/07/2025,19:35:41,23/07/2025,024112IPE230720250145539803-59
928181,23/07/2025,19:06:48,23/07/2025,012653IPE230720250183144115-33
928640,24/07/2025,21:56:09,24/07/2025,014443IPE240720250188641618-38
928636,24/07/2025,21:00:18,24/07/2025,024112IPE240720250196328737-69
928613,24/07/2025,19:06:21,24/07/2025,014443IPE240720250127794007-34
928567,24/07/2025,18:26:59,24/07/2025,021016IPE240720250121883307-18
928557,24/07/2025,18:09:51,24/07/2025,017671IPE240720250133140664-29
929479,29/07/2025,09:18:40,29/07/2025,019569IPE290720250108069052-78
929852,29/07/2025,19:35:12,29/07/2025,009512IPE290720250103370288-68
930403,30/07/2025,19:13:33,30/07/2025,024929IPE300720250170765502-66
930402,30/07/2025,19:12:12,30/07/2025,024929IPE300720250161601073-32
930291,30/07/2025,18:21:33,30/07/2025,000906IPE300720250142904200-08
930460,30/07/2025,22:09:54,30/07/2025,004820IPE300720250164457692-82
931020,31/07/2025,20:03:37,31/07/2025,019569IPE310720250179437701-25
930546,31/07/2025,09:00:09,31/07/2025,004030IPE310720250218206309-56
930541,31/07/2025,08:46:16,30/07/2025,011312IPE300720250162486271-18
930907,31/07/2025,18:08:15,31/07/2025,003980IPE310720250157656190-26
930979,31/07/2025,18:45:16,31/07/2025,004170IPE310720250147568459-57
930978,31/07/2025,18:45:10,31/07/2025,004170IPE310720250185729029-63
930980,31/07/2025,18:45:23,31/07/2025,004170IPE310720250193706254-21
931809,01/08/2025,23:14:19,01/08/2025,024112IPE010820250131149937-25
931837,04/08/2025,08:04:02,04/08/2025,017973IPE040820250105053839-90
932388,04/08/2025,19:35:29,04/08/2025,023159IPE040820250146198518-18
932876,05/08/2025,17:58:26,05/08/2025,020788IPE050820250164465149-98
932906,05/08/2025,18:23:23,05/08/2025,019348IPE050820250182987696-31
932905,05/08/2025,18:23:17,05/08/2025,019348IPE050820250181781121-23
933081,05/08/2025,21:19:06,05/08/2025,020087IPE050820250165698669-31
933078,05/08/2025,20:59:50,05/08/2025,014443IPE050820250151346053-34
932877,05/08/2025,17:58:38,05/08/2025,016292IPE050820250178234045-89
932590,05/08/2025,11:52:26,05/08/2025,016292IPE050820250120337803-38
933065,05/08/2025,20:27:21,05/08/2025,017973IPE050820250122925785-41
933120,06/08/2025,07:10:54,06/08/2025,025291IPE060820250116078807-91
933642,06/08/2025,18:22:00,06/08/2025,019739IPE060820250177848739-29
933810,06/08/2025,20:25:33,06/08/2025,013986IPE060820250183620363-21
933848,06/08/2025,22:23:43,06/08/2025,020931IPE060820250147224004-55
933195,06/08/2025,08:53:51,06/08/2025,004030IPE060820250118173037-83
933809,06/08/2025,20:23:41,06/08/2025,013986IPE060820250138533078-57
934280,07/08/2025,17:26:32,07/08/2025,025372IPE070820250100325872-06
934818,07/08/2025,22:45:00,07/08/2025,009512IPE070820250116167703-10
934804,07/08/2025,21:37:57,07/08/2025,009512IPE070820250111939218-71
934934,08/08/2025,09:35:10,08/08/2025,004820IPE080820250164977500-50
935752,11/08/2025,07:04:13,11/08/2025,025291IPE110820250119991401-70
936218,11/08/2025,18:22:47,11/08/2025,011312IPE110820250105788827-50
936486,11/08/2025,22:21:24,11/08/2025,020516IPE110820250217355288-31
936360,11/08/2025,19:16:26,11/08/2025,020516IPE110820250185911868-28
936344,11/08/2025,19:04:54,11/08/2025,020516IPE110820250102533092-29
936231,11/08/2025,18:28:01,11/08/2025,007617IPE110820250196204669-38
936858,12/08/2025,18:20:18,12/08/2025,011312IPE120820250165963110-43
937052,12/08/2025,22:26:30,12/08/2025,025291IPE120820250171968501-67
937674,13/08/2025,20:19:31,13/08/2025,024112IPE130820250189030032-56
937501,13/08/2025,18:29:03,13/08/2025,022357IPE130820250151927856-19
937103,13/08/2025,08:40:04,13/08/2025,011312IPE130820250191297067-96
937456,13/08/2025,18:02:57,13/08/2025,017329IPE130820250137946625-22
937067,13/08/2025,07:19:43,13/08/2025,016659IPE130820250175462081-96
938338,14/08/2025,18:28:51,14/08/2025,001023IPE140820250190569092-64
937802,14/08/2025,08:30:08,14/08/2025,021016IPE140820250199436133-35
938337,14/08/2025,18:28:46,14/08/2025,001023IPE140820250106481191-23
939110,15/08/2025,21:10:31,15/08/2025,014443IPE150820250144894154-37
939138,18/08/2025,08:04:01,18/08/2025,022187IPE180820250138772089-88
940253,20/08/2025,18:01:48,20/08/2025,001023IPE200820250143357279-53
940248,20/08/2025,17:43:54,20/08/2025,009512IPE200820250166196258-48
940826,21/08/2025,20:14:52,21/08/2025,009512IPE210820250180919683-94
940879,22/08/2025,09:17:07,22/08/2025,004820IPE220820250105825586-11
941217,22/08/2025,20:55:14,22/08/2025,012653IPE220820250188082952-57
941615,25/08/2025,21:03:03,25/08/2025,007617IPE250820250159428826-82
942365,27/08/2025,19:18:15,27/08/2025,011312IPE270820250121155804-82
942370,27/08/2025,19:28:54,27/08/2025,011312IPE270820250100809923-19
942807,28/08/2025,18:00:42,28/08/2025,020931IPE280820250179409966-45
942450,28/08/2025,09:14:57,28/08/2025,004820IPE280820250135947048-72
942669,28/08/2025,14:04:16,28/08/2025,004170IPE280820250287542722-31
942997,29/08/2025,10:09:44,29/08/2025,020931IPE290820250247241857-95
943255,29/08/2025,18:33:51,29/08/2026,024112IPE290820260188811223-59
942991,29/08/2025,09:49:18,29/08/2025,020788IPE290820250166172403-11
943579,01/09/2025,18:01:23,01/09/2025,024821IPE010920250125810877-36
943440,01/09/2025,08:54:39,01/09/2025,011312IPE010920250149288298-20
943614,01/09/2025,18:34:31,01/09/2025,018465IPE010920250117308625-86
943601,01/09/2025,18:13:30,01/09/2025,019550IPE010920250106501655-03
944498,03/09/2025,18:06:54,03/09/2025,024821IPE030920250120140805-43
944726,04/09/2025,11:11:08,04/09/2025,019836IPE040920250179344456-26
945429,05/09/2025,18:20:37,05/09/2025,021610IPE050920250140267847-60
945277,05/09/2025,15:55:12,05/09/2025,020788IPE050920250136833697-77
945278,05/09/2025,15:55:24,05/09/2025,016292IPE050920250180046686-34
946096,08/09/2025,19:49:53,08/09/2025,016292IPE080920250126678079-25
946097,08/09/2025,19:50:10,08/09/2025,020788IPE080920250192243618-56
946647,10/09/2025,08:30:33,10/09/2025,004170IPE100920250125531376-33
947552,11/09/2025,18:03:37,27/08/2025,011312IPE270820250263935017-19
948085,15/09/2025,09:00:10,15/09/2025,019550IPE150920250101894120-43
948334,15/09/2025,18:01:09,15/09/2025,022187IPE150920250155553997-89
948479,15/09/2025,23:21:16,15/09/2025,017973IPE150920250192702091-12
949221,17/09/2025,20:25:03,17/09/2025,024112IPE170920250128899133-63
948906,17/09/2025,07:59:24,17/09/2025,017973IPE170920250133552088-67
949289,18/09/2025,09:00:30,18/09/2025,023310IPE180920250176608053-56
949484,18/09/2025,18:00:04,18/09/2025,004170IPE180920250194768582-58
949282,18/09/2025,08:45:13,18/09/2025,019550IPE180920250113469504-65
949290,18/09/2025,09:01:58,18/09/2025,025291IPE180920250100409768-20
949485,18/09/2025,18:00:21,18/09/2025,000906IPE180920250108191305-54
949900,21/09/2025,17:48:16,21/09/2025,019836IPE210920250162766471-45
950111,22/09/2025,17:30:37,22/09/2025,020788IPE220920250156370771-77
950354,22/09/2025,20:21:13,22/09/2025,016292IPE220920250163788595-65
950308,22/09/2025,18:42:23,22/09/2025,019739IPE220920250107007939-05
950353,22/09/2025,20:19:56,22/09/2025,020788IPE220920250154933678-18
950110,22/09/2025,17:30:14,22/09/2025,016292IPE220920250189602266-34
950632,23/09/2025,17:24:01,23/09/2025,020982IPE230920250162226015-79
950963,24/09/2025,17:14:02,24/09/2025,025372IPE240920250196656108-42
950854,24/09/2025,10:07:36,24/09/2025,020788IPE240920250255567219-70
951522,25/09/2025,22:22:12,25/09/2025,019569IPE250920250125631563-44
951433,25/09/2025,18:00:30,25/09/2025,020532IPE250920250152690763-04
951521,25/09/2025,22:20:07,25/09/2025,019569IPE250920250170167250-64
951263,25/09/2025,11:11:35,25/09/2025,020931IPE250920250206077315-69
951525,25/09/2025,22:54:52,25/09/2025,024112IPE250920250122762938-27
951542,26/09/2025,07:42:55,26/09/2025,004820IPE260920250113143892-54
952371,30/09/2025,08:15:13,30/09/2025,019569IPE300920250169995255-59
952736,30/09/2025,19:06:25,30/09/2025,024112IPE300920250133487422-38
952733,30/09/2025,19:02:30,30/09/2025,025291IPE300920250173660408-29
952791,30/09/2025,23:08:19,30/09/2025,011312IPE300920250192419152-67
952859,01/10/2025,09:50:16,01/10/2025,003980IPE011020250195851532-38
952846,01/10/2025,09:35:28,01/10/2025,003980IPE011020250192071034-58
952860,01/10/2025,09:50:36,01/10/2025,008656IPE011020250154635805-32
952862,01/10/2025,10:00:23,01/10/2025,022187IPE011020250181710852-02
952933,01/10/2025,13:57:36,01/10/2025,022187IPE011020250237521269-87
952847,01/10/2025,09:36:00,01/10/2025,008656IPE011020250181081005-39
952854,01/10/2025,09:36:36,01/10/2025,008656IPE011020250153326467-64
953354,02/10/2025,08:16:43,02/10/2025,011312IPE021020250108908851-95
953351,02/10/2025,07:57:24,02/10/2025,011312IPE021020250189911779-24
953709,02/10/2025,18:13:24,02/10/2025,020745IPE021020250120045800-50
953352,02/10/2025,08:02:31,02/10/2025,011312IPE021020250154368697-75
953712,02/10/2025,18:16:21,02/10/2025,019550IPE021020250166822527-18
954286,03/10/2025,18:45:29,03/10/2025,024295IPE031020250199433627-80
954351,03/10/2025,23:02:01,03/10/2025,004820IPE031020250109634153-57
954357,05/10/2025,10:00:43,05/10/2025,014443IPE051020250181887774-15
954688,06/10/2025,18:26:52,06/10/2025,022187IPE061020250159538465-13
954412,06/10/2025,09:30:08,06/10/2025,004170IPE061020250144879896-07
954773,06/10/2025,20:07:21,30/09/2025,025291IPE300920250245512122-95
955262,08/10/2025,09:09:20,08/10/2025,022187IPE081020250187589837-44
955718,08/10/2025,20:46:39,08/10/2025,011312IPE081020250104993053-19
955750,09/10/2025,08:11:35,09/10/2025,025291IPE091020250166347457-41
956213,10/10/2025,08:37:41,10/10/2025,019550IPE101020250116166379-39
956838,13/10/2025,07:59:24,13/10/2025,025291IPE131020250107771315-60
957005,13/10/2025,20:46:15,13/10/2025,019569IPE131020250277757347-51
957021,13/10/2025,21:47:21,13/10/2025,022616IPE131020250292759923-84
957482,14/10/2025,21:33:20,14/10/2025,024392IPE141020250189469471-05
957866,16/10/2025,09:16:58,16/10/2025,019569IPE161020250131509623-10
958204,16/10/2025,19:53:47,16/10/2025,024295IPE161020250169893857-22
958093,16/10/2025,18:02:46,16/10/2025,018660IPE161020250192864827-06
958248,17/10/2025,08:59:08,16/10/2025,018660IPE161020250220881873-52
958250,17/10/2025,09:05:40,17/10/2025,022187IPE171020250141430880-23
958967,21/10/2025,08:31:31,21/10/2025,025291IPE211020250197292428-42
959612,22/10/2025,20:10:27,22/10/2025,025372IPE221020250126140014-20
960035,23/10/2025,20:45:51,23/10/2025,024112IPE231020250135881285-31
960053,23/10/2025,23:49:34,23/10/2025,019836IPE231020250106521341-33
959965,23/10/2025,18:10:48,23/10/2025,019550IPE231020250191421650-54
959665,23/10/2025,07:38:43,23/10/2025,025291IPE231020250128372207-87
960051,23/10/2025,23:48:25,23/10/2025,019836IPE231020250174992314-02
960442,24/10/2025,21:33:51,24/10/2025,014443IPE241020250163920927-23
960104,24/10/2025,09:24:10,24/10/2025,004820IPE241020250183262420-84
960384,24/10/2025,18:30:59,24/10/2025,009512IPE241020250182864039-05
960476,27/10/2025,08:15:32,27/10/2025,020788IPE271020250120916717-74
960477,27/10/2025,08:15:46,27/10/2025,016292IPE271020250194144558-83
961422,28/10/2025,20:11:29,28/10/2025,022187IPE281020250111469570-67
961874,29/10/2025,19:00:28,29/10/2025,020532IPE291020250154738902-10
962465,30/10/2025,18:20:01,30/10/2025,004170IPE301020250144079576-44
962528,30/10/2025,19:10:56,30/10/2025,024112IPE301020250130642614-74
962444,30/10/2025,18:07:51,30/10/2025,003980IPE301020250183225650-57
962559,30/10/2025,21:08:04,30/10/2025,011312IPE301020250184638721-75
961940,30/10/2025,02:52:30,29/10/2025,023264IPE291020250127954252-14
962441,30/10/2025,18:06:53,30/10/2025,016292IPE301020250172548095-86
962557,30/10/2025,21:01:03,30/10/2025,019836IPE301020250199011143-73
962017,30/10/2025,09:06:01,30/10/2025,004820IPE301020250100029233-12
963148,31/10/2025,20:25:31,31/10/2025,016659IPE311020250197785816-77
963176,01/11/2025,19:02:14,01/11/2025,024112IPE011120250105008355-45
963782,03/11/2025,23:58:15,03/11/2025,019836IPE031120250154139771-90
963784,04/11/2025,00:11:04,03/11/2025,019836IPE031120250219356338-18
963906,04/11/2025,10:23:43,03/11/2025,019836IPE031120250340469995-76
964422,04/11/2025,20:32:11,04/11/2025,019569IPE041120250125929545-78
963789,04/11/2025,00:31:50,03/11/2025,019836IPE031120250192312363-05
964425,04/11/2025,20:39:13,04/11/2025,024112IPE041120250114204599-88
963918,04/11/2025,10:39:17,03/11/2025,019836IPE031120250295461884-90
963790,04/11/2025,00:36:38,03/11/2025,019836IPE031120250150337959-84
964227,04/11/2025,18:39:55,04/11/2025,019348IPE041120250133820809-43
964998,05/11/2025,18:33:46,05/11/2025,017329IPE051120250138411539-75
964981,05/11/2025,18:17:36,05/11/2025,020982IPE051120250188499267-93
964932,05/11/2025,18:00:04,05/11/2025,004170IPE051120250185527514-54
965930,06/11/2025,18:31:51,06/11/2025,020745IPE061120250149368677-69
966242,06/11/2025,22:34:05,06/11/2025,020087IPE061120250121847739-47
965881,06/11/2025,18:13:15,06/11/2025,020087IPE061120250167844204-12
965919,06/11/2025,18:28:16,06/11/2025,020745IPE061120250167816070-39
966109,06/11/2025,18:56:38,06/11/2025,025372IPE061120250190094129-11
966124,06/11/2025,19:20:05,06/11/2025,009512IPE061120250161749731-28
966877,07/11/2025,19:31:44,07/11/2025,011312IPE071120250112902897-49
966930,07/11/2025,19:44:21,07/11/2025,025372IPE071120250176274058-42
967882,10/11/2025,20:08:10,10/11/2025,011312IPE101120250145379098-38
967034,10/11/2025,09:13:09,10/11/2025,019836IPE101120250181219295-10
967919,10/11/2025,20:44:47,10/11/2025,004820IPE101120250187306027-58
967966,10/11/2025,23:34:49,10/11/2025,020788IPE101120250177271596-92
967323,10/11/2025,15:03:42,10/11/2025,011312IPE101120250131253292-25
967947,10/11/2025,21:49:11,10/11/2025,020516IPE101120250192828205-82
967951,10/11/2025,21:59:44,10/11/2025,020516IPE101120250131578407-06
968269,11/11/2025,18:40:03,11/11/2025,022187IPE111120250123513566-10
968369,11/11/2025,21:18:24,11/11/2025,019836IPE111120250114841613-45
968371,11/11/2025,21:20:59,11/11/2025,019836IPE111120250105472138-96
967980,11/11/2025,07:02:42,11/11/2025,016659IPE111120250129978498-53
968330,11/11/2025,20:09:08,11/11/2025,019569IPE111120250175954856-46
968806,12/11/2025,18:21:04,12/11/2025,017671IPE121120250104271828-63
968828,12/11/2025,18:29:53,12/11/2025,001023IPE121120250151080520-95
969084,12/11/2025,20:25:42,12/11/2025,022357IPE121120250103957172-32
968829,12/11/2025,18:29:59,12/11/2025,001023IPE121120250131351584-07
969545,13/11/2025,18:34:54,13/11/2025,019569IPE131120250156256777-17
969507,13/11/2025,18:18:47,13/11/2025,024392IPE131120250170396257-21
969622,13/11/2025,18:43:08,13/11/2025,019739IPE131120250190783165-57
970136,14/11/2025,12:19:47,14/11/2025,011312IPE141120250185048929-49
970357,14/11/2025,16:51:57,14/11/2025,019836IPE141120250108156029-09
969890,14/11/2025,07:00:18,14/11/2025,004170IPE141120250127509144-32
970546,14/11/2025,18:41:19,14/11/2025,017450IPE141120250107309580-21
970784,17/11/2025,08:27:16,17/11/2025,025291IPE171120250166393801-96
971359,18/11/2025,08:25:13,18/11/2025,022616IPE181120250156592027-84
971895,19/11/2025,08:40:04,19/11/2025,001023IPE191120250112689743-69
972297,19/11/2025,19:41:19,19/11/2025,024295IPE191120250134097034-17
972026,19/11/2025,14:11:20,19/11/2025,004170IPE191120250160008357-68
972249,19/11/2025,19:17:49,19/11/2025,015253IPE191120250148303528-69
973622,24/11/2025,19:09:14,24/11/2025,014443IPE241120250122355091-45
975325,27/11/2025,18:45:29,27/11/2025,004170IPE271120250163840420-76
975363,27/11/2025,21:44:36,27/11/2025,009512IPE271120250191226548-15
975332,27/11/2025,18:57:49,27/11/2025,019348IPE271120250122769605-66
975794,28/11/2025,19:25:08,28/11/2025,011312IPE281120250176534403-17
975793,28/11/2025,19:22:15,28/11/2025,024112IPE281120250125554652-69
975756,28/11/2025,18:55:34,28/11/2025,015253IPE281120250112327539-43
975852,01/12/2025,08:16:28,01/12/2025,018660IPE011220250123123777-44
975857,01/12/2025,08:31:24,01/12/2025,005258IPE011220250112194535-41
975848,01/12/2025,07:36:52,01/12/2025,007617IPE011220250134644204-55
976360,02/12/2025,08:59:29,02/12/2025,004170IPE021220250136838364-90
976670,02/12/2025,18:36:09,02/12/2025,020087IPE021220250112994129-80
976626,02/12/2025,18:03:34,02/12/2025,020788IPE021220250178621455-43
976797,02/12/2025,19:39:33,02/12/2025,014443IPE021220250286290327-97
976362,02/12/2025,09:01:04,02/12/2025,014443IPE021220250101351088-09
977410,03/12/2025,22:03:00,03/12/2025,004820IPE031220250147041759-07
977516,04/12/2025,11:54:39,04/12/2025,009512IPE041220250101378603-76
978356,05/12/2025,19:22:30,05/12/2025,018660IPE051220250153719294-19
978434,06/12/2025,10:45:52,05/12/2025,019739IPE051220250182514745-58
978460,08/12/2025,08:18:31,08/12/2025,008133IPE081220250288971425-82
978465,08/12/2025,08:30:12,08/12/2025,025372IPE081220250140588520-38
978982,08/12/2025,19:54:13,08/12/2025,024295IPE081220250136635412-79
978471,08/12/2025,08:36:55,08/12/2025,008133IPE081220250152708623-97
978815,08/12/2025,18:09:25,08/12/2025,012653IPE081220250164940018-29
979759,09/12/2025,20:43:12,09/12/2025,013986IPE091220250173936104-81
979690,09/12/2025,19:21:34,09/12/2025,017671IPE091220250174695528-48
979110,09/12/2025,08:56:29,09/12/2025,012653IPE091220250123805337-52
979743,09/12/2025,20:04:19,09/12/2025,022616IPE091220250146198766-09
979819,10/12/2025,07:43:04,10/12/2025,014460IPE101220250112792145-77
980531,10/12/2025,19:45:12,10/12/2025,020516IPE101220250179107301-89
980654,11/12/2025,08:23:14,11/12/2025,013986IPE111220250174228580-33
981197,12/12/2025,08:59:16,12/12/2025,011312IPE121220250168288661-49
981654,12/12/2025,19:45:00,12/12/2025,019739IPE121220250174747299-86
981695,12/12/2025,20:08:55,12/12/2025,015253IPE121220250134731831-04
981568,12/12/2025,19:03:09,12/12/2025,021610IPE121220250195803277-29
981525,12/12/2025,18:25:19,12/12/2025,017329IPE121220250130330170-81
981650,12/12/2025,19:38:58,12/12/2025,024112IPE121220250177705096-92
981535,12/12/2025,18:44:47,12/12/2025,024821IPE121220250150345607-33
981539,12/12/2025,18:55:12,12/12/2025,021610IPE121220250197848699-46
982225,15/12/2025,18:24:41,15/12/2025,024821IPE151220250114952008-86
982385,15/12/2025,20:01:43,15/12/2025,008656IPE151220250166875631-50
981810,15/12/2025,09:03:44,15/12/2025,004820IPE151220250118589810-45
982220,15/12/2025,18:21:44,15/12/2025,007617IPE151220250135178167-82
982211,15/12/2025,18:14:39,15/12/2025,019836IPE151220250105344391-84
982802,16/12/2025,18:07:28,16/12/2025,024929IPE161220250108180776-25
982813,16/12/2025,18:13:29,16/12/2025,024929IPE161220250188522590-13
982804,16/12/2025,18:08:47,16/12/2025,024929IPE161220250169910105-41
982811,16/12/2025,18:11:38,16/12/2025,024929IPE161220250137548861-48
983036,16/12/2025,23:52:28,16/12/2025,025291IPE161220250179472632-75
983472,17/12/2025,19:37:14,17/12/2025,014460IPE171220250108526240-70
983559,17/12/2025,22:56:31,17/12/2025,022187IPE171220250143629582-11
983345,17/12/2025,18:12:41,17/12/2025,023159IPE171220250144723364-45
983560,17/12/2025,22:59:15,17/12/2025,022187IPE171220250116742405-49
983934,18/12/2025,19:30:08,18/12/2025,009512IPE181220250191993483-79
983861,18/12/2025,18:45:30,18/12/2025,000906IPE181220250193195373-31
983824,18/12/2025,18:17:26,18/12/2025,017973IPE181220250124731143-96
984017,18/12/2025,21:31:53,18/12/2025,004820IPE181220250171181635-76
984006,18/12/2025,21:03:42,18/12/2025,004030IPE181220250168613141-90
983851,18/12/2025,18:39:11,18/12/2025,019348IPE181220250198198217-32
984640,19/12/2025,20:20:46,19/12/2025,013986IPE191220250157158440-05
984073,19/12/2025,09:02:43,19/12/2025,014443IPE191220250190286726-95
984304,19/12/2025,18:05:06,19/12/2025,003980IPE191220250182639918-97
984507,19/12/2025,19:04:58,19/12/2025,015253IPE191220250116770649-38
985106,22/12/2025,18:16:14,22/12/2025,005258IPE221220250102551093-90
985292,22/12/2025,19:19:16,22/12/2025,024392IPE221220250101752541-09
985144,22/12/2025,18:47:32,22/12/2025,020982IPE221220250192726747-27
985389,22/12/2025,21:33:18,22/12/2025,022470IPE221220250151227140-74
985380,22/12/2025,20:51:26,22/12/2025,004820IPE221220250192241888-21
985358,22/12/2025,20:06:30,22/12/2025,024112IPE221220250270485233-29
984733,22/12/2025,09:30:48,22/12/2025,020532IPE221220250102543033-22
985112,22/12/2025,18:20:14,22/12/2025,019836IPE221220250152129566-97
985879,23/12/2025,18:28:31,23/12/2025,011312IPE231220250155717543-61
985893,23/12/2025,18:46:12,23/12/2025,021610IPE231220250136309169-57
986028,23/12/2025,21:00:44,23/12/2025,004820IPE231220250101827144-33
986841,29/12/2025,19:18:28,29/12/2025,019879IPE291220250155569010-09
986735,29/12/2025,18:07:07,29/12/2025,019739IPE291220250147689990-34
986863,29/12/2025,19:53:19,29/12/2025,024112IPE291220250109520013-08
987459,30/12/2025,20:21:30,30/12/2025,019836IPE301220250118323217-92
987447,30/12/2025,19:36:19,30/12/2025,020745IPE301220250141690062-78
987354,30/12/2025,18:19:25,30/12/2025,020745IPE301220250142964054-84
987621,31/12/2025,17:03:39,31/12/2025,014460IPE311220250167605129-06
987699,02/01/2026,08:05:39,31/12/2025,019550IPE311220250175279514-12
987704,02/01/2026,08:36:36,02/01/2026,022187IPE020120260137944432-97
989233,06/01/2026,23:31:53,06/01/2026,024112IPE060120260159331999-64
989043,06/01/2026,18:48:10,06/01/2026,019992IPE060120260108020443-33
989659,07/01/2026,22:27:06,06/01/2026,024112IPE060120260229033360-90
990160,09/01/2026,09:40:38,22/12/2025,024112IPE221220250337039372-15
990622,09/01/2026,18:53:10,09/01/2026,019569IPE090120260153495029-31
990614,09/01/2026,18:46:42,02/01/2026,022187IPE020120260279551302-35
991287,12/01/2026,19:29:15,12/01/2026,004820IPE120120260238217887-72
991321,12/01/2026,20:12:37,12/01/2026,022616IPE120120260144686271-40
990829,12/01/2026,07:28:02,12/01/2026,025291IPE120120260113633943-20
990877,12/01/2026,09:33:58,12/01/2026,025372IPE120120260195595705-93
991129,12/01/2026,18:05:23,12/01/2025,020087IPE120120250169096481-66
991163,12/01/2026,18:19:08,12/01/2026,025372IPE120120260195842885-69
991565,13/01/2026,18:08:25,13/01/2026,020745IPE130120260182743790-84
991388,13/01/2026,09:40:10,13/01/2026,024112IPE130120260107865326-43
991590,13/01/2026,18:40:07,13/01/2026,024112IPE130120260101045462-31
991925,14/01/2026,18:42:26,14/01/2026,024295IPE140120260130344224-09
991999,14/01/2026,19:50:23,14/01/2026,020516IPE140120260170533497-58
992492,15/01/2026,20:51:54,15/01/2026,023310IPE150120260182359333-79
992059,15/01/2026,08:57:30,15/01/2026,004030IPE150120260194968234-35
992870,16/01/2026,19:34:56,16/01/2026,018660IPE160120260351027982-47
992523,16/01/2026,08:02:02,16/01/2026,025291IPE160120260178737470-26
992924,19/01/2026,09:11:17,19/01/2026,011312IPE190120260107536475-71
993044,19/01/2026,19:42:47,19/01/2026,001023IPE190120260180917778-84
993390,20/01/2026,19:10:47,20/01/2026,014443IPE200120260109407773-47
993449,21/01/2026,00:10:40,21/01/2026,024112IPE210120260183831457-33
993780,21/01/2026,19:52:43,21/01/2026,014443IPE210120260198961432-24
994464,23/01/2026,21:46:00,23/01/2026,022616IPE230120260143384725-37
994185,23/01/2026,10:30:42,23/01/2026,018660IPE230120260232933644-40
994477,25/01/2026,19:06:36,25/01/2026,019569IPE250120260117966856-89
995223,27/01/2026,23:15:13,27/01/2026,014443IPE270120260155529764-55
995115,27/01/2026,18:33:31,27/01/2026,019569IPE270120260156960455-75
995593,28/01/2026,20:18:40,28/01/2026,014443IPE280120260197311450-87
995274,28/01/2026,09:31:40,28/01/2026,024112IPE280120260104993942-73
995419,28/01/2026,18:01:35,28/01/2026,009512IPE280120260137027168-94
995748,29/01/2026,11:25:37,29/01/2026,011312IPE290120260132301465-16
996053,29/01/2026,20:58:37,29/01/2026,019569IPE290120260169593483-09
996289,30/01/2026,16:13:57,30/01/2026,024112IPE300120260142764699-22
996989,02/02/2026,19:36:20,02/02/2026,024929IPE020220260176125389-23
996546,02/02/2026,08:50:09,02/02/2026,014443IPE020220260114953839-49
996852,02/02/2026,18:28:26,02/02/2026,019992IPE020220260151212402-41
996988,02/02/2026,19:35:07,02/02/2026,024929IPE020220260199900999-83
996835,02/02/2026,18:07:45,02/02/2026,018660IPE020220260111529632-04
997456,03/02/2026,19:17:55,03/02/2026,021431IPE030220260129315075-77
997131,03/02/2026,10:21:46,03/02/2026,024112IPE030220260273708408-77
997063,03/02/2026,08:07:58,03/02/2026,024112IPE030220260144022561-28
997590,04/02/2026,07:49:22,04/02/2026,014443IPE040220260128379544-87
997903,04/02/2026,18:31:54,04/02/2026,019348IPE040220260142796481-15
998082,04/02/2026,20:13:25,04/02/2026,025372IPE040220260174515122-12
998029,04/02/2026,19:07:04,04/02/2026,019348IPE040220260134255487-62
997907,04/02/2026,18:33:51,03/02/2026,021431IPE030220260298388343-40
998040,04/02/2026,19:39:06,04/02/2026,019569IPE040220260108382934-11
998030,04/02/2026,19:21:17,04/02/2026,016659IPE040220260123107839-94
998742,05/02/2026,21:27:42,05/02/2026,004170IPE050220260150347817-25
998760,05/02/2026,23:14:28,03/02/2026,024112IPE030220260465833192-89
998121,05/02/2026,06:04:21,05/02/2026,016659IPE050220260146989186-85
998545,05/02/2026,18:51:09,05/02/2026,000906IPE050220260172299819-65
999199,06/02/2026,18:55:03,06/02/2026,024112IPE060220260199686527-05
999172,06/02/2026,18:17:33,06/02/2026,020516IPE060220260147859518-51
999993,09/02/2026,21:56:29,09/02/2026,019569IPE090220260145072844-41
999791,09/02/2026,18:36:06,09/02/2026,023159IPE090220260172806734-25
999958,09/02/2026,20:37:05,09/02/2026,004170IPE090220260110067658-07
1000630,10/02/2026,18:43:10,10/02/2026,009512IPE100220260185205247-68
1000572,10/02/2026,18:20:26,10/02/2026,013986IPE100220260131235469-86
1000595,10/02/2026,18:30:29,10/02/2026,013986IPE100220260193712904-60
1000867,10/02/2026,20:40:14,10/02/2026,014443IPE100220260130922938-49
1000925,11/02/2026,07:08:43,11/02/2026,024929IPE110220260180288695-78
1000924,11/02/2026,07:00:17,11/02/2026,024929IPE110220260157643490-51
1001266,11/02/2026,19:27:54,11/02/2026,019992IPE110220260156734373-13
1001245,11/02/2026,18:49:26,11/02/2022,025372IPE110220220152034059-20
1001226,11/02/2026,18:21:06,11/02/2026,001023IPE110220260107837724-05
1001228,11/02/2026,18:21:11,11/02/2026,001023IPE110220260100646147-02
1001448,11/02/2026,20:36:18,11/02/2026,019992IPE110220260143973657-88
1001257,11/02/2026,19:12:31,11/02/2026,024112IPE110220260128913000-82
1001545,12/02/2026,09:31:50,12/02/2026,009512IPE120220260130784987-03
1001703,12/02/2026,14:44:44,12/02/2026,004820IPE120220260102210659-55
1001507,12/02/2026,03:02:07,11/02/2026,023264IPE110220260110772395-06
1002441,13/02/2026,18:08:00,13/06/2025,012653IPE130620250193733965-55
1002956,17/02/2026,15:17:50,17/02/2026,011312IPE170220260151211365-84
1003847,18/02/2026,23:54:48,18/02/2026,024112IPE180220260166201843-30
1003302,18/02/2026,09:30:07,18/02/2026,025291IPE180220260154142722-53
1003385,18/02/2026,12:30:00,18/02/2026,024112IPE180220260166995000-42
1004397,19/02/2026,19:09:27,19/02/2026,019569IPE190220260145391076-28
1003855,19/02/2026,07:30:10,19/02/2026,019550IPE190220260111463747-25
1004491,19/02/2026,23:13:29,19/02/2026,024112IPE190220260176472405-57
1004254,19/02/2026,18:17:13,19/02/2026,001023IPE190220260154431289-88
1004452,19/02/2026,20:24:52,19/02/2026,011312IPE190220260146740115-92
1004822,20/02/2026,18:54:59,20/02/2026,024112IPE200220260102259583-57
1005036,23/02/2026,08:30:41,23/02/2026,019836IPE230220260140930110-61
1005527,23/02/2026,20:40:38,23/02/2026,019569IPE230220260158608602-56
1005035,23/02/2026,08:00:33,23/02/2026,019550IPE230220260134187985-20
1005347,23/02/2026,18:11:36,23/02/2026,003980IPE230220260171237699-05
1005546,23/02/2026,21:42:27,23/02/2026,024112IPE230220260181617383-02
1005054,23/02/2026,09:00:06,23/02/2026,004170IPE230220260164814494-73
1005024,23/02/2026,06:09:01,23/02/2026,017671IPE230220260165672421-22
1005783,24/02/2026,14:22:14,24/02/2026,024929IPE240220260184468726-38
1005784,24/02/2026,14:23:48,24/02/2026,024929IPE240220260144802195-68
1007311,26/02/2026,18:33:29,26/02/2026,019348IPE260220260121045754-38
1007328,26/02/2026,18:51:56,26/02/2026,021610IPE260220260100025727-71
1007563,26/02/2026,20:08:04,26/02/2026,012653IPE260220260175062858-56
1007582,26/02/2026,20:41:13,26/02/2026,017329IPE260220260135591613-16
1006987,26/02/2026,09:24:54,26/02/2026,024112IPE260220260113024253-75
1008112,27/02/2026,19:01:58,27/02/2026,004820IPE270220260144757809-55
1007657,27/02/2026,06:33:05,27/02/2026,000906IPE270220260138256158-18
1008786,02/03/2026,18:41:57,02/03/2026,024112IPE020320260181335323-71
1009738,03/03/2026,22:24:43,03/03/2026,024112IPE030320260124486791-42
1009103,03/03/2026,09:25:02,03/03/2026,005258IPE030320260133347964-94
1009168,03/03/2026,11:00:06,03/03/2026,022187IPE030320260167960596-27
1009853,04/03/2026,07:23:30,04/03/2026,011312IPE040320260152601062-83
1009859,04/03/2026,07:55:41,04/03/2026,017671IPE040320260147292383-73
1010355,04/03/2026,20:39:11,03/03/2026,024112IPE030320260246540721-48
1010381,04/03/2026,21:03:27,04/03/2026,024112IPE040320260175286745-90
1010844,05/03/2026,18:55:42,05/03/2026,008133IPE050320260138677681-21
1011086,05/03/2026,22:12:29,05/03/2026,019836IPE050320260142547099-58
1011036,05/03/2026,20:27:14,05/03/2026,009512IPE050320260157667456-10
1011035,05/03/2026,20:19:01,05/03/2026,011312IPE050320260189369255-66
1011037,05/03/2026,20:31:00,05/03/2026,020087IPE050320260194570171-19
1011134,06/03/2026,07:00:03,06/03/2026,020087IPE060320260189941882-85
1011649,06/03/2026,19:42:22,06/03/2026,020087IPE060320260170090031-13
1011150,06/03/2026,08:43:50,06/03/2026,019569IPE060320260146924084-82
1011448,06/03/2026,17:45:32,06/03/2026,004820IPE060320260158976716-75
1011499,06/03/2026,18:07:15,06/03/2026,018660IPE060320260188213513-45
1011792,09/03/2026,08:05:13,05/03/2026,008133IPE050320260248402653-91
1013090,10/03/2026,18:51:19,10/03/2026,022357IPE100320260177301175-71
1012996,10/03/2026,18:13:01,10/03/2026,022357IPE100320260148494759-09
1013172,10/03/2026,19:27:07,10/03/2026,024295IPE100320260114944253-14
1013106,10/03/2026,18:56:26,10/03/2026,022187IPE100320260141758093-68
1012523,10/03/2026,09:55:02,10/03/2026,011312IPE100320260113490207-69
1013465,11/03/2026,09:46:25,11/03/2026,019836IPE110320260153420056-41
1014014,11/03/2026,22:43:00,11/03/2026,004030IPE110320260130530513-22
1013869,11/03/2026,19:08:24,11/03/2026,017973IPE110320260188999471-77
1014532,12/03/2026,19:41:23,12/03/2026,017671IPE120320260117247758-04
1014458,12/03/2026,18:44:58,12/03/2026,014443IPE120320260100136664-92
1014599,12/03/2026,21:22:25,12/03/2026,009512IPE120320260148140045-35
1015122,13/03/2026,19:23:45,13/03/2026,024112IPE130320260147852980-48
1015551,16/03/2026,18:16:45,16/03/2026,007617IPE160320260151868923-94
1015711,16/03/2026,21:32:51,16/03/2026,022187IPE160320260142410590-09
1015735,16/03/2026,22:38:35,16/03/2026,025291IPE160320260102358616-04
1015547,16/03/2026,18:12:51,16/03/2026,025372IPE160320260181994863-17
1016298,17/03/2026,22:56:24,17/03/2026,016659IPE170320260161403152-07
1016751,18/03/2026,18:08:16,18/03/2026,017329IPE180320260130209582-57
1017065,19/03/2026,08:01:55,19/03/2026,022187IPE190320260165911844-20
1017486,19/03/2026,19:01:24,19/03/2026,020532IPE190320260170147040-03
1017481,19/03/2026,18:55:20,19/03/2026,021610IPE190320260161406441-77
1017634,20/03/2026,09:20:31,20/03/2026,021016IPE200320260109340754-09
1017838,20/03/2026,18:05:12,20/03/2026,021016IPE200320260262046592-10
1017645,20/03/2026,09:31:25,20/03/2026,004820IPE200320260184760716-38
1018100,21/03/2026,00:18:34,20/03/2026,004030IPE200320260114240286-93
1018706,23/03/2026,19:01:22,23/03/2026,011312IPE230320260152462674-38
1018164,23/03/2026,08:24:05,23/03/2026,022187IPE230320260153335789-68
1018154,23/03/2026,08:16:24,23/03/2026,016659IPE230320260193416326-50
1019375,24/03/2026,20:08:16,24/03/2026,019739IPE240320260163927993-84
1019891,25/03/2026,18:45:17,25/03/2026,020982IPE250320260135667367-78
1020032,25/03/2026,21:51:37,25/03/2026,019569IPE250320260107795506-10
1019992,25/03/2026,20:37:36,25/03/2026,024112IPE250320260177346248-50
1019784,25/03/2026,18:07:25,25/03/2026,000906IPE250320260156716650-55
1020705,26/03/2026,19:18:54,25/03/2026,019569IPE250320260233898120-15
1020885,26/03/2026,20:31:26,26/03/2026,024112IPE260320260176705084-79
1021061,27/03/2026,09:49:05,27/03/2026,022187IPE270320260141534597-89
1022240,27/03/2026,21:44:33,27/03/2026,014443IPE270320260157464396-79
1021889,27/03/2026,18:07:57,27/03/2026,017329IPE270320260128998124-09
1022125,27/03/2026,19:48:05,27/03/2026,025372IPE270320260199509395-93
1022254,27/03/2026,22:11:01,27/03/2026,012653IPE270320260171198641-66
1020985,27/03/2026,08:31:49,27/03/2026,017671IPE270320260162082599-58
1021834,27/03/2026,17:41:26,27/03/2026,023159IPE270320260120983549-82
1021021,27/03/2026,09:16:33,27/03/2026,024112IPE270320260168292544-38
1022791,30/03/2026,18:17:01,30/03/2026,019550IPE300320260194504518-25
1022907,30/03/2026,19:16:03,26/03/2026,024112IPE260320260281520700-44
1024007,31/03/2026,19:40:24,26/03/2026,024112IPE260320260380101627-23
1023351,31/03/2026,09:06:00,31/03/2026,004170IPE310320260116706261-25
1024077,31/03/2026,21:03:22,31/03/2026,009512IPE310320260198452602-06
1024982,01/04/2026,22:31:44,01/04/2026,011312IPE010420260115147534-07
1024474,01/04/2026,13:33:20,01/04/2026,019569IPE010420260161563951-03
1025047,02/04/2026,09:02:28,01/04/2026,015253IPE010420260232280619-32
1026408,06/04/2026,20:15:03,06/04/2026,025291IPE060420260117242215-70
1026023,06/04/2026,09:44:24,06/04/2026,024112IPE060420260193706276-03
1026319,06/04/2026,18:27:14,06/04/2026,022187IPE060420260186727141-27
1026016,06/04/2026,09:27:35,06/04/2026,020087IPE060420260115385097-95
1026410,06/04/2026,20:16:10,06/04/2026,009512IPE060420260171844766-08
1027457,08/04/2026,21:15:14,08/04/2026,011312IPE080420260133919987-15
1028594,10/04/2026,18:15:10,10/04/2026,023310IPE100420260119503821-33
1028079,10/04/2026,08:59:08,10/04/2026,020087IPE100420260177091022-84
1028046,10/04/2026,07:35:13,10/04/2026,022357IPE100420260174258409-88
1029017,13/04/2026,15:36:12,13/04/2026,011312IPE130420260114622746-57
1029581,14/04/2026,18:24:51,14/04/2026,024295IPE140420260192440616-45
1029289,14/04/2026,08:34:56,14/04/2026,007617IPE140420260116796684-17
1029662,14/04/2026,21:46:56,14/04/2026,024112IPE140420260156147456-24
1029267,14/04/2026,07:33:28,14/04/2026,016659IPE140420260118552825-38
1030098,15/04/2026,20:07:16,15/04/2026,024112IPE150420260168641101-14
1030100,15/04/2026,20:07:43,15/04/2026,025291IPE150420260104057720-58
1030612,16/04/2026,21:06:51,14/04/2026,024295IPE140420260248719116-72
1030545,16/04/2026,18:27:05,16/04/2026,017329IPE160420260155597341-82
1030687,17/04/2026,09:07:06,17/04/2026,024112IPE170420260158798770-19
1031174,20/04/2026,08:30:59,20/04/2026,004820IPE200420260190938469-65
1031194,20/04/2026,09:38:22,20/04/2026,024112IPE200420260151984776-62
1032075,22/04/2026,18:50:38,22/04/2026,019879IPE220420260121927032-92
1032110,22/04/2026,20:16:21,20/04/2026,014605IPE200420260157619240-15
1032109,22/04/2026,20:13:58,20/04/2026,024864IPE200420260150543786-74
1031702,22/04/2026,08:30:39,20/04/2026,015253IPE200420260150758700-33
1032108,22/04/2026,20:12:02,20/04/2026,005576IPE200420260152449497-64
1032484,23/04/2026,16:00:59,23/04/2026,025291IPE230420260121477956-41
1032787,23/04/2026,23:06:58,23/04/2026,004820IPE230420260114317288-81
1032757,23/04/2026,20:00:39,23/04/2026,009512IPE230420260172995526-69
1033508,24/04/2026,23:25:07,24/04/2026,014443IPE240420260168480307-09
1034046,27/04/2026,18:50:24,27/04/2026,008656IPE270420260154695249-64
1034106,27/04/2026,19:52:40,27/04/2026,025291IPE270420260189858305-79
1034022,27/04/2026,18:28:52,27/04/2026,020516IPE270420260143519359-89
1033961,27/04/2026,18:15:52,27/04/2026,009512IPE270420260198948635-32
1033944,27/04/2026,18:09:43,27/04/2026,014443IPE270420260133916534-71
1034037,27/04/2026,18:44:39,27/04/2026,003980IPE270420260179278290-69
1034133,27/04/2026,21:16:05,27/04/2026,017329IPE270420260103185874-21
1033971,27/04/2026,18:22:05,27/04/2026,025372IPE270420260137882706-10
1034175,28/04/2026,00:21:26,27/04/2026,019836IPE270420260120508355-52
1034262,28/04/2026,09:08:54,28/04/2026,011312IPE280420260148419707-70
1034745,28/04/2026,18:15:39,28/04/2026,014443IPE280420260119077815-56
1036297,29/04/2026,19:55:57,29/04/2026,012653IPE290420260168612790-11
1036381,29/04/2026,20:53:23,29/04/2026,008672IPE290420260178513430-73
1038411,30/04/2026,18:20:09,30/04/2026,009512IPE300420260125231186-11
1038841,30/04/2026,19:28:33,29/04/2026,008672IPE290420260222347400-15
1039540,03/05/2026,20:00:28,03/05/2026,016292IPE030520260111972209-04
1039539,03/05/2026,20:00:11,03/05/2026,020788IPE030520260192424728-33
1040841,05/05/2026,18:15:28,05/05/2026,025372IPE050520260196254484-69
1040818,05/05/2026,18:03:00,05/05/2026,022187IPE050520260121699357-87
1041090,05/05/2026,21:49:32,05/05/2026,004820IPE050520260178664373-76
1041993,06/05/2026,20:58:24,06/05/2026,016659IPE060520260132905458-65
1042056,07/05/2026,06:31:22,07/05/2026,016659IPE070520260120106347-61
1042675,07/05/2026,17:58:34,07/05/2026,021016IPE070520260151618285-46
1042701,07/05/2026,18:06:07,07/05/2026,020982IPE070520260197260619-23
1042754,07/05/2026,18:21:53,07/05/2026,020982IPE070520260285137007-09
1043134,08/05/2026,08:34:11,08/05/2026,019348IPE080520260144504476-74
1043699,08/05/2026,17:53:09,08/05/2026,014605IPE080520260130886347-11
1043907,08/05/2026,18:37:05,08/05/2026,019879IPE080520260167652287-94
1043054,08/05/2026,00:07:06,07/05/2026,019836IPE070520260138070729-36
1043753,08/05/2026,18:06:20,08/05/2026,015253IPE080520260155459640-16
1043691,08/05/2026,17:48:06,08/05/2026,018996IPE080520260191954081-72
1043775,08/05/2026,18:11:28,08/05/2026,018660IPE080520260161173813-86
1043693,08/05/2026,17:49:45,08/05/2026,021938IPE080520260163197409-52
1043685,08/05/2026,17:45:59,08/05/2026,005576IPE080520260163634095-63
1044948,11/05/2026,21:51:00,11/05/2026,007617IPE110520260170573011-41
1044883,11/05/2026,19:53:16,11/05/2026,009512IPE110520260143413738-70
1044620,11/05/2026,18:02:43,11/05/2026,013986IPE110520260112663416-07
1044153,11/05/2026,08:43:32,11/05/2026,019879IPE110520260198165838-35
1045017,12/05/2026,09:00:17,12/05/2026,004170IPE120520260152081895-05
1045640,12/05/2026,19:48:14,12/05/2026,011312IPE120520260181455671-44
1046303,13/05/2026,18:36:17,13/05/2026,001023IPE130520260188236700-69
1046305,13/05/2026,18:36:29,13/05/2026,001023IPE130520260167974931-90
1047247,14/05/2026,20:43:26,14/05/2026,019879IPE140520260147109073-82
1047326,15/05/2026,08:01:03,15/05/2026,017671IPE150520260166731351-87
1048817,19/05/2026,09:18:15,19/05/2026,021610IPE190520260130787241-54
1049930,20/05/2026,18:48:35,20/05/2026,001023IPE200520260173969467-11
1049988,20/05/2026,20:30:48,20/05/2026,009512IPE200520260174677789-16
1050019,21/05/2026,01:04:44,21/05/2026,024589IPE210520260182923895-63
1050017,21/05/2026,00:40:34,21/05/2026,015253IPE210520260100746815-58
1050501,21/05/2026,20:57:30,21/05/2026,024112IPE210520260174797411-63
1051349,25/05/2026,20:44:59,25/05/2026,020516IPE250520260142902088-26
1051327,25/05/2026,18:39:43,25/05/2026,007617IPE250520260191661199-46
1051366,25/05/2026,23:24:41,25/05/2026,025291IPE250520260118655458-50
1051653,26/05/2026,18:14:30,26/05/2026,024112IPE260520260196582627-58
1052917,28/05/2026,20:13:45,28/05/2026,025291IPE280520260108955389-30
1052783,28/05/2026,18:19:51,28/05/2026,011312IPE280520260164166988-07
1052872,28/05/2026,18:36:09,28/05/2026,019348IPE280520260157511421-74
1052766,28/05/2026,18:00:48,28/05/2026,020532IPE280520260130466807-73
1052394,28/05/2026,07:35:33,28/05/2026,013986IPE280520260172696747-86
1053387,29/05/2026,18:22:03,29/05/2026,015253IPE290520260116896274-21
1054313,02/06/2026,09:00:07,02/06/2026,009512IPE020620260180192521-21
1055323,03/06/2026,20:30:00,03/06/2026,004820IPE030620260140872940-89
1055215,03/06/2026,18:06:48,03/06/2026,017329IPE030620260151332796-43
1055320,03/06/2026,20:24:09,03/06/2026,007617IPE030620260124584076-70
1056164,05/06/2026,19:52:49,05/06/2026,004820IPE050620260112611157-22
1056193,07/06/2026,21:07:43,07/06/2026,014460IPE070620260151689311-75
1056770,08/06/2026,20:51:14,08/06/2026,025291IPE080620260177627564-95
1057386,09/06/2026,19:35:59,09/06/2026,008672IPE090620260155847467-16
1057222,09/06/2026,18:04:51,09/06/2026,019992IPE090620260125253978-37
1056845,09/06/2026,09:07:08,09/06/2026,004820IPE090620260188039433-56
1056913,09/06/2026,11:25:41,09/06/2026,004170IPE090620260206228560-37
1058146,10/06/2026,22:11:29,10/06/2026,024821IPE100620260192929708-04
1058031,10/06/2026,18:40:38,10/06/2026,017329IPE100620260111838800-55
1058593,11/06/2026,19:32:22,11/06/2026,004170IPE110620260137476850-60
1058179,11/06/2026,08:56:33,11/06/2026,004820IPE110620260174873484-71
1058458,11/06/2026,18:10:55,11/06/2026,011312IPE110620260162509028-74
1059579,15/06/2026,23:35:09,15/06/2026,025291IPE150620260156923038-22
1059443,15/06/2026,18:18:19,15/06/2026,014443IPE150620260154560108-93
1059061,15/06/2026,07:13:35,15/06/2026,020745IPE150620260164597020-93
1059410,15/06/2026,18:09:04,15/06/2026,007617IPE150620260136546785-15
1059060,15/06/2026,07:09:34,15/06/2026,020745IPE150620260121828546-06
1059888,16/06/2026,18:09:13,16/06/2026,022187IPE160620260123662523-48
1060042,16/06/2026,19:21:59,16/06/2026,017671IPE160620260108785027-48
1060111,17/06/2026,08:43:50,17/06/2026,019836IPE170620260162704074-41
1060533,17/06/2026,19:31:05,17/06/2026,018465IPE170620260175371486-58
1060535,17/06/2026,19:32:37,17/06/2026,011312IPE170620260158495759-81
1060596,17/06/2026,23:26:46,17/06/2026,025291IPE170620260117559894-54
1060597,17/06/2026,23:38:26,17/06/2026,025291IPE170620260110818843-90
1061380,22/06/2026,09:03:43,22/06/2026,017450IPE220620260101062299-28
1061842,22/06/2026,18:31:19,22/06/2026,017973IPE220620260138849817-84
1062330,23/06/2026,18:01:14,23/06/2026,000906IPE230620260118366055-16
1062392,23/06/2026,18:31:45,23/06/2026,019739IPE230620260114989992-33
1062687,24/06/2026,17:25:42,24/06/2026,012653IPE240620260100834903-31
1062694,24/06/2026,17:42:13,24/06/2026,023159IPE240620260113602843-85
1063210,25/06/2026,18:17:59,25/06/2026,020982IPE250620260180938966-63
1062922,25/06/2026,08:28:14,25/06/2026,004820IPE250620260187162245-51
1062925,25/06/2026,08:55:12,25/06/2026,004820IPE250620260182819178-40
1063186,25/06/2026,18:15:41,25/06/2026,020982IPE250620260152717537-21
1063470,26/06/2026,13:19:51,26/06/2026,004820IPE260620260161703118-11
1063438,26/06/2026,12:02:03,26/06/2026,020745IPE260620260293139826-35
1064375,29/06/2026,19:33:35,29/06/2026,005576IPE290620260142029455-90
1064372,29/06/2026,19:30:55,29/06/2026,014605IPE290620260147800382-63
1064376,29/06/2026,19:35:32,29/06/2026,024864IPE290620260132820261-65
1064369,29/06/2026,19:23:42,29/06/2026,015253IPE290620260197892922-66
1064395,29/06/2026,22:29:53,29/06/2026,014443IPE290620260164253251-68
1064887,30/06/2026,20:50:27,30/06/2026,024112IPE300620260194661735-49
1064874,30/06/2026,20:16:58,30/06/2026,011312IPE300620260189619110-23
1064916,01/07/2026,06:31:15,01/07/2026,013986IPE010720260182635002-79
1065314,01/07/2026,18:03:40,01/07/2026,017450IPE010720260126246168-63
1065435,01/07/2026,18:40:18,01/07/2026,007617IPE010720260145594600-11
1065606,02/07/2026,09:20:55,02/07/2026,019550IPE020720260174141880-07
1065968,02/07/2026,18:16:22,02/07/2026,019550IPE020720260112658868-54
1066619,06/07/2026,08:49:56,06/07/2026,017329IPE060720260130575792-69
1066616,06/07/2026,08:19:22,06/07/2026,024112IPE060720260142105535-77
1066919,06/07/2026,19:45:51,06/07/2026,017329IPE060720260167016717-07
1066898,06/07/2026,19:00:29,06/07/2026,004170IPE060720260103805747-04
1067299,07/07/2026,18:01:51,07/07/2026,025291IPE070720260167553928-96
1066968,07/07/2026,08:45:53,07/07/2026,007617IPE070720260149707053-83
1067445,08/07/2026,08:29:21,08/07/2026,019550IPE080720260175088202-33
1068003,08/07/2026,23:10:11,08/07/2026,020745IPE080720260199944915-58
1068278,09/07/2026,19:07:03,09/07/2026,024112IPE090720260190744251-79
1068024,09/07/2026,08:12:32,09/07/2026,019836IPE090720260131113691-04
1068098,09/07/2026,14:10:30,08/07/2026,020745IPE080720260242695685-98
1068273,09/07/2026,18:42:17,09/07/2026,011312IPE090720260163094373-98
1068902,11/07/2026,10:46:32,11/07/2026,011312IPE110720260115834056-48
1069580,14/07/2026,23:52:11,14/07/2026,017329IPE140720260232292606-63
1070023,15/07/2026,21:37:37,15/07/2026,025291IPE150720260173654067-82
1069982,15/07/2026,18:56:32,15/07/2026,019879IPE150720260160509264-79
1071086,20/07/2026,18:34:51,20/07/2026,017973IPE200720260164498725-84
1071135,20/07/2026,21:40:51,20/07/2026,025291IPE200720260189875772-56
1071874,22/07/2026,22:12:03,22/07/2026,004170IPE220720260192872003-96
1072660,24/07/2026,18:10:45,24/07/2026,025291IPE240720260124214014-35
1073714,28/07/2026,22:27:52,28/07/2026,007617IPE280720260164368480-68
1073669,28/07/2026,19:04:05,28/07/2026,009512IPE280720260153764674-08
1074191,29/07/2026,20:01:15,29/07/2026,000906IPE290720260115666079-57
1074727,30/07/2026,20:33:26,30/07/2026,014443IPE300720260141633805-66
1074690,30/07/2026,18:48:39,30/07/2026,004170IPE300720260173523611-81
1074688,30/07/2026,18:45:39,30/07/2026,004170IPE300720260163886268-86
1074745,30/07/2026,22:32:09,30/07/2026,004030IPE300720260162702342-54
1074687,30/07/2026,18:45:30,30/07/2026,004170IPE300720260122540248-50
1074733,30/07/2026,20:43:35,30/07/2026,004820IPE300720260126905895-26
1074647,30/07/2026,18:37:30,30/07/2026,020532IPE300720260178887293-11
1075464,31/07/2026,19:29:30,31/07/2026,019550IPE310720260195088466-34
1075481,31/07/2026,20:26:06,28/07/2026,009512IPE280720260274877668-50
1075472,31/07/2026,19:45:29,31/07/2026,017671IPE310720260158289222-81
1076692,04/08/2026,18:08:19,04/08/2026,003980IPE040820260108706866-66
1076718,04/08/2026,18:24:57,04/08/2026,019348IPE040820260121259872-75
1076682,04/08/2026,18:01:02,04/08/2026,019992IPE040820260154652369-28
1076707,04/08/2026,18:17:39,04/08/2026,008656IPE040820260188704600-30
1077608,05/08/2026,19:31:32,05/08/2026,025291IPE050820260118294588-94
1077499,05/08/2026,18:31:39,05/08/2026,007617IPE050820260137324276-08
1077494,05/08/2026,18:26:47,05/08/2026,014460IPE050820260186316053-23
1077773,06/08/2026,09:22:40,30/07/2026,004170IPE300720260273417956-22
1078486,06/08/2026,19:19:28,06/08/2026,009512IPE060820260146941010-63
1078405,06/08/2026,18:32:19,06/08/2026,008133IPE060820260187936994-85
1078051,06/08/2026,15:35:23,06/08/2026,022357IPE060820260180417510-38
1078336,06/08/2026,17:52:08,06/08/2026,025372IPE060820260171248232-82
1078555,07/08/2026,06:30:31,07/08/2026,016659IPE070820260101745309-04
1079757,10/08/2026,17:18:03,10/08/2026,008133IPE100820260102549486-88
1079313,10/08/2026,06:50:09,10/08/2026,020087IPE100820260190204492-26
1079312,10/08/2026,06:18:29,10/08/2026,025291IPE100820260191999624-04
1079366,10/08/2026,08:54:45,10/08/2026,004030IPE100820260159750103-24
1079966,10/08/2026,18:24:18,10/08/2026,007617IPE100820260130671439-81
1080283,11/08/2026,08:54:39,11/08/2026,004030IPE110820260155056449-77
1080611,11/08/2026,18:14:07,11/08/2026,011312IPE110820260100004416-11
1081181,12/08/2026,18:00:36,12/08/2026,024589IPE120820260100352076-61
1081180,12/08/2026,18:00:18,12/08/2026,015253IPE120820260160199281-67
1081228,12/08/2026,18:30:51,12/08/2026,001023IPE120820260139989202-58
1081982,13/08/2026,18:23:52,13/08/2026,019992IPE130820260149463821-70
1082082,13/08/2026,19:28:45,13/08/2026,023264IPE130820260171907061-21
1082088,13/08/2026,19:32:25,13/08/2026,019836IPE130820260196891444-75
1082969,14/08/2026,19:26:38,14/08/2026,019836IPE140820260159247939-49
1083406,17/08/2026,18:38:14,17/08/2026,025291IPE170820260106445082-15
1083815,18/08/2026,18:02:20,18/08/2026,019836IPE180820260193243185-48
1083547,18/08/2026,09:03:31,18/08/2026,004820IPE180820260156240938-26
1084258,19/08/2026,18:21:05,19/08/2026,024929IPE190820260181318679-02
1084260,19/08/2026,18:23:01,19/08/2026,024929IPE190820260173526524-50
1084349,19/08/2026,19:49:04,19/08/2026,001023IPE190820260184500254-29
1084429,20/08/2026,09:44:49,20/08/2026,019836IPE200820260198535197-38
1085454,24/08/2026,17:14:57,24/08/2026,004820IPE240820260168497538-71
1085274,24/08/2026,09:38:20,24/08/2026,004820IPE240820260196901138-11
1085268,24/08/2026,09:20:26,24/08/2026,021016IPE240820260167367125-77
1085462,24/08/2026,18:02:43,24/08/2026,004820IPE240820260195595414-18
