indice,Data_Publicacao,data_gmt,Data_Pregao_Atribuido,Categoria,Portal,Fonte,Noticia,Resumo,URL,Idioma,texto
N0000083,2018-01-10 18:57:57,2018-01-10T20:57:57,2018-01-11,CAT1_Empresa,Exame,WP_Exame,Ibovespa dá sequência a ajuste e cai pelo segundo dia,"Agentes de mercado mantêm um viés positivo para o mercado acionário, avaliando o ajuste apenas como temporário",https://exame.com/invest/mercados/ibovespa-da-sequencia-a-ajuste-e-cai-pelo-segundo-dia/,pt,"ibovespa dá sequência a ajuste e cai pelo segundo dia || agentes de mercado mantêm um viés positivo para o mercado acionário, avaliando o ajuste apenas como temporário"
N0000100,2018-01-11 21:39:18,2018-01-11T23:39:18,2018-01-12,CAT2_Mercado_Petroleo,Exame,WP_Exame,S&P: atraso em reforma e incerteza política são fraquezas do país,A agência de risco Standard & Poor's rebaixou a nota soberana do país de BB para BB- e revisou a perspectiva de negativa para estável,https://exame.com/economia/sp-atraso-em-reforma-e-incerteza-politica-sao-fraquezas-do-pais/,pt,s&p: atraso em reforma e incerteza política são fraquezas do país || a agência de risco standard & poor's rebaixou a nota soberana do país de bb para bb- e revisou a perspectiva de negativa para estável
N0000105,2018-01-12 17:22:00,2018-01-12T20:22:00,2018-01-15,CAT2_Mercado_Petroleo,InfoMoney,WP_InfoMoney,Até onde vai o rali? Mercado americano tem melhor começo de ano desde 2003,"Para uma analista, a incerteza sobre o atual rali pode ser bom para o mercado, porque “atenua as expectativas”",https://www.infomoney.com.br/mercados/ate-onde-vai-o-rali-mercado-americano-tem-melhor-comeco-de-ano-desde-2003/,pt,"até onde vai o rali? mercado americano tem melhor começo de ano desde 2003 || para uma analista, a incerteza sobre o atual rali pode ser bom para o mercado, porque “atenua as expectativas”"
N0000119,2018-01-15 18:50:01,2018-01-15T20:50:01,2018-01-16,CAT1_Empresa,Exame,WP_Exame,Ibovespa renova máximas em dia de feriado nos EUA,"O rali tem sido sustentado pela perspectiva positiva para a economia mundial, assim como diante da visão favorável para o cenário local",https://exame.com/invest/mercados/ibovespa-renova-maximas-em-dia-de-feriado-nos-eua/,pt,"ibovespa renova máximas em dia de feriado nos eua || o rali tem sido sustentado pela perspectiva positiva para a economia mundial, assim como diante da visão favorável para o cenário local"
N0000261,2018-01-29 20:36:41,2018-01-29T22:36:41,2018-01-30,CAT1_Empresa,Exame,WP_Exame,"Petrobras pagará R$1,7 bi com adesão a parcelamento via Repetro","A estatal disse que a decisão terá um impacto negativo no resultado do 4° trimestre de 2017 de aproximadamente 1,1 bilhão de reais",https://exame.com/economia/petrobras-pagara-r17-bi-com-adesao-a-parcelamento-via-repetro/,pt,"petrobras pagará r$1,7 bi com adesão a parcelamento via repetro || a estatal disse que a decisão terá um impacto negativo no resultado do 4° trimestre de 2017 de aproximadamente 1,1 bilhão de reais"
N0000443,2018-02-14 18:20:23,2018-02-14T20:20:23,2018-02-15,CAT1_Empresa,MoneyTimes,WP_MoneyTimes,Siderúrgicas turbinam alta de 3% do Ibovespa na volta do Carnaval,"A volta do feriado de Carnaval foi positiva para a Bolsa brasileira nesta quarta-feira (14). Embalado pelo comportamento do mercado financeiro no exterior, que operou normalmente nos dois últimos dias e se recuperou do tombo da semana anterior, o Ibovespa fechou em alta de 3,27%, aos 83.542 pontos. No câmbio, o dólar caiu 2,27% frente […]",https://www.moneytimes.com.br/siderurgicas-turbinam-alta-de-3-do-ibovespa-na-volta-do-carnaval/,pt,"siderúrgicas turbinam alta de 3% do ibovespa na volta do carnaval || a volta do feriado de carnaval foi positiva para a bolsa brasileira nesta quarta-feira (14). embalado pelo comportamento do mercado financeiro no exterior, que operou normalmente nos dois últimos dias e se recuperou do tombo da semana anterior, o ibovespa fechou em alta de 3,27%, aos 83.542 pontos. no câmbio, o dólar caiu 2,27% frente […]"
N0000693,2018-03-07 22:24:14,2018-03-08T01:24:14,2018-03-08,CAT3_Geopolitica,MoneyTimes,WP_MoneyTimes,"“Guerra comercial é muito negativa”, diz Meirelles sobre política de Trump","O ministro da Fazenda, Henrique Meirelles, criticou hoje (7) a decisão do presidente dos Estados Unidos, Donald Trump, de aumentar as tarifas de importação de aço e de alumínio no país. Segundo Meirelles, a proposta “prejudica a todos e inclusive a indústria americana, porque teria que pagar mais pelo aço”, e acrescentou: “é negativo para […]",https://www.moneytimes.com.br/guerra-comercial-e-muito-negativa-diz-meirelles-sobre-politica-de-trump/,pt,"“guerra comercial é muito negativa”, diz meirelles sobre política de trump || o ministro da fazenda, henrique meirelles, criticou hoje (7) a decisão do presidente dos estados unidos, donald trump, de aumentar as tarifas de importação de aço e de alumínio no país. segundo meirelles, a proposta “prejudica a todos e inclusive a indústria americana, porque teria que pagar mais pelo aço”, e acrescentou: “é negativo para […]"
N0000710,2018-03-08 22:04:57,2018-03-09T01:04:57,2018-03-09,CAT3_Geopolitica,Poder360,WP_Poder360,Meirelles: sobretaxa dos EUA reforça que Brasil precisa de outros parceiros,"‘Estamos em negociação com UE’
Protecionismo é negativo para todos",https://www.poder360.com.br/economia/meirelles-sobretaxa-dos-eua-reforca-que-brasil-precisa-de-outros-parceiros/,pt,"meirelles: sobretaxa dos eua reforça que brasil precisa de outros parceiros || ‘estamos em negociação com ue’
protecionismo é negativo para todos"
N0000785,2018-03-15 17:56:10,2018-03-15T20:56:10,2018-03-16,CAT1_Empresa,MoneyTimes,WP_MoneyTimes,BB Investimentos deixa de recomendar compra das ações da Petrobras,"O BB Investimentos cortou a recomendação para as ações da Petrobras (PETR3; PETR4) de outperform (desempenho acima da média do mercado), o equivalente à compra, para market perform (desempenho em linha com a média do mercado), mas elevou o preço-alvo de R$ 18,70 para R$ 23,50 com o objetivo para dezembro de 2018. O analista […]",https://www.moneytimes.com.br/bb-investimentos-deixa-de-recomendar-compra-das-acoes-da-petrobras/,pt,"bb investimentos deixa de recomendar compra das ações da petrobras || o bb investimentos cortou a recomendação para as ações da petrobras (petr3; petr4) de outperform (desempenho acima da média do mercado), o equivalente à compra, para market perform (desempenho em linha com a média do mercado), mas elevou o preço-alvo de r$ 18,70 para r$ 23,50 com o objetivo para dezembro de 2018. o analista […]"
N0000808,2018-03-16 21:54:25,2018-03-17T00:54:25,2018-03-19,CAT1_Empresa,MoneyTimes,WP_MoneyTimes,Santander vê Ibovespa a 97 mil pontos e indica Top 5 para 2018,"Os estrategistas para América Latina do Santander elevaram o preço-alvo para o Ibovespa em dezembro de 2018 de 90 mil pontos para 97 mil pontos, revelou o banco nesta sexta-feira (16). O principal argumento para a revisão foi a nova projeção para os lucros das empresas inseridas no índice. Considerando o patamar de fechamento atual, […]",https://www.moneytimes.com.br/santander-ve-ibovespa-97-mil-pontos-e-indica-top-5-para-2018/,pt,"santander vê ibovespa a 97 mil pontos e indica top 5 para 2018 || os estrategistas para américa latina do santander elevaram o preço-alvo para o ibovespa em dezembro de 2018 de 90 mil pontos para 97 mil pontos, revelou o banco nesta sexta-feira (16). o principal argumento para a revisão foi a nova projeção para os lucros das empresas inseridas no índice. considerando o patamar de fechamento atual, […]"
N0000917,2018-03-27 18:50:59,2018-03-27T21:50:59,2018-03-28,CAT1_Empresa,Exame,WP_Exame,Início de ano é positivo para Petrobras no comércio de combustíveis,"Segundo presidente Pedro Parente, perspectiva é de recuperação do mercado de óleo diesel",https://exame.com/negocios/inicio-de-ano-e-positivo-para-petrobras-no-comercio-de-combustiveis/,pt,"início de ano é positivo para petrobras no comércio de combustíveis || segundo presidente pedro parente, perspectiva é de recuperação do mercado de óleo diesel"
N0001074,2018-04-09 21:11:04,2018-04-10T00:11:04,2018-04-10,CAT1_Empresa,Exame,WP_Exame,"Moody's eleva rating da Petrobras, com perspectiva estável","Medida foi reflexo da decisão da agência, que horas antes havia anunciado a melhora da perspectiva do rating soberano do Brasil, de negativa para estável",https://exame.com/economia/moodys-eleva-rating-da-petrobras-com-perspectiva-estavel/,pt,"moody's eleva rating da petrobras, com perspectiva estável || medida foi reflexo da decisão da agência, que horas antes havia anunciado a melhora da perspectiva do rating soberano do brasil, de negativa para estável"
N0001677,2018-05-17 17:22:20,2018-05-17T20:22:20,2018-05-18,CAT1_Empresa,MoneyTimes,WP_MoneyTimes,"Petrobras despenca 5,3% com adiamento de anúncio sobre cessão onerosa","Investing.com – As ações da Petrobras (PETR4) encerraram esta quinta-feira (17) com queda de 5,3% a R$ 25,95 para as preferenciais e de 4,5% para as ordinárias. O preço do petróleo, que segue em alta nos mercados internacionais, ajudou a segurar a desvalorização em dia negativo para o mercado local de ações. Em comunicado, a estatal […]",https://www.moneytimes.com.br/petrobras-desacelera-queda-com-adiamento-de-anuncio-sobre-cessao-onerosa/,pt,"petrobras despenca 5,3% com adiamento de anúncio sobre cessão onerosa || investing.com – as ações da petrobras (petr4) encerraram esta quinta-feira (17) com queda de 5,3% a r$ 25,95 para as preferenciais e de 4,5% para as ordinárias. o preço do petróleo, que segue em alta nos mercados internacionais, ajudou a segurar a desvalorização em dia negativo para o mercado local de ações. em comunicado, a estatal […]"
N0002018,2018-05-30 18:45:38,2018-05-30T21:45:38,2018-06-01,CAT2_Mercado_Petroleo,Exame,WP_Exame,"Bolsas de NY sobem, com perspectiva positiva para a economia dos EUA","Mesmo diante de um resultado moderado do PIB americano no primeiro trimestre, investidores se animaram com a aceleração da atividade industrial no país",https://exame.com/invest/mercados/bolsas-de-ny-sobem-com-perspectiva-positiva-para-a-economia-dos-eua/,pt,"bolsas de ny sobem, com perspectiva positiva para a economia dos eua || mesmo diante de um resultado moderado do pib americano no primeiro trimestre, investidores se animaram com a aceleração da atividade industrial no país"
N0002063,2018-06-01 18:23:03,2018-06-01T21:23:03,2018-06-04,CAT1_Empresa,Exame,WP_Exame,Fitch: possível aumento de interferência política na Petrobras é negativo,"Agência afirma que demissão de Parente é negativo para o crédito da companhia, pois poderia tirar dos trilhos suas metas de desalavancagem",https://exame.com/negocios/fitch-possivel-aumento-de-interferencia-politica-na-petrobras-e-negativo/,pt,"fitch: possível aumento de interferência política na petrobras é negativo || agência afirma que demissão de parente é negativo para o crédito da companhia, pois poderia tirar dos trilhos suas metas de desalavancagem"
N0002410,2018-06-21 17:06:51,2018-06-21T20:06:51,2018-06-22,CAT2_Mercado_Petroleo,MoneyTimes,WP_MoneyTimes,Santander derruba preço-alvo para o Ibovespa,O Santander revisou para baixo o preço-alvo para o Ibovespa de 97 mil pontos para 78 mil pontos ao adotar uma visão mais cautelosa para o Brasil. A equipe de estratégia da América Latina avalia que o balanço de riscos tanto domésticos quanto internacionais tem se deteriorado. O número representa um potencial de valorização de […],https://www.moneytimes.com.br/santander-derruba-preco-alvo-para-o-ibovespa/,pt,santander derruba preço-alvo para o ibovespa || o santander revisou para baixo o preço-alvo para o ibovespa de 97 mil pontos para 78 mil pontos ao adotar uma visão mais cautelosa para o brasil. a equipe de estratégia da américa latina avalia que o balanço de riscos tanto domésticos quanto internacionais tem se deteriorado. o número representa um potencial de valorização de […]
N0002700,2018-07-13 17:15:43,2018-07-13T20:15:43,2018-07-16,CAT3_Geopolitica,MoneyTimes,WP_MoneyTimes,"Disputa entre EUA e China é ruim para Brasil, diz ministro","O ministro das Relações Exteriores, Aloysio Nunes, considera ruim para o Brasil a disputa comercial dos Estados Unidos, que impõe política protecionista, com a China. Ele participou hoje (13) de reunião com os setores de comércio exterior e de agronegócio da Federação das Indústrias do Estado de São Paulo (Fiesp), na capital paulista. “As implicações de uma […]",https://www.moneytimes.com.br/ministro-considera-ruim-para-brasil-disputa-entre-eua-e-china/,pt,"disputa entre eua e china é ruim para brasil, diz ministro || o ministro das relações exteriores, aloysio nunes, considera ruim para o brasil a disputa comercial dos estados unidos, que impõe política protecionista, com a china. ele participou hoje (13) de reunião com os setores de comércio exterior e de agronegócio da federação das indústrias do estado de são paulo (fiesp), na capital paulista. “as implicações de uma […]"
N0002819,2018-07-23 20:06:13,2018-07-23T23:06:13,2018-07-24,CAT2_Mercado_Petroleo,MoneyTimes,WP_MoneyTimes,Safra corta preço-alvo para ação da Gol,"O banco Safra cortou o preço-alvo para as ações da Gol (GOLL4) de R$ 26,30 para R$ 18,40 e manteve a recomendação outperform (desempenho acima da média do mercado), mostra um relatório enviado a clientes e assinado por Luiz Peçanha. O analista incorporou os resultados do primeiro trimestre de 2018, atualizou as premissas macroeconômicas e […]",https://www.moneytimes.com.br/safra-corta-preco-alvo-para-acao-da-gol/,pt,"safra corta preço-alvo para ação da gol || o banco safra cortou o preço-alvo para as ações da gol (goll4) de r$ 26,30 para r$ 18,40 e manteve a recomendação outperform (desempenho acima da média do mercado), mostra um relatório enviado a clientes e assinado por luiz peçanha. o analista incorporou os resultados do primeiro trimestre de 2018, atualizou as premissas macroeconômicas e […]"
N0002826,2018-07-24 18:00:21,2018-07-24T21:00:21,2018-07-25,CAT2_Mercado_Petroleo,Petronoticias,WP_Petronoticias,SHELL ABRE INSCRIÇÕES PARA PROGRAMA DE INCENTIVO À JOVENS DO SETOR ENERGIA,A Shell está abrindo oportunidades para a capacitação de jovens empreendedores. O programa busca soluções focadas em Energias Renováveis e Cidades Inteligentes que funciona como uma pré-aceleradora de startups. O objetivo é selecionar dez empreendimentos que apresentem soluções inovadoras e com potencial de impacto positivo para o mercado nas áreas de Energias Renováveis e Cidades […],https://petronoticias.com.br/shell-abre-inscricoes-para-programa-de-incentivo-a-jovens-empreendedores-do-setor-energia/,pt,shell abre inscrições para programa de incentivo à jovens do setor energia || a shell está abrindo oportunidades para a capacitação de jovens empreendedores. o programa busca soluções focadas em energias renováveis e cidades inteligentes que funciona como uma pré-aceleradora de startups. o objetivo é selecionar dez empreendimentos que apresentem soluções inovadoras e com potencial de impacto positivo para o mercado nas áreas de energias renováveis e cidades […]
N0003167,2018-08-21 17:43:06,2018-08-21T20:43:06,2018-08-22,CAT1_Empresa,Petronoticias,WP_Petronoticias,HOMOLOGADO O PLANO DE RECUPERAÇÃO JUDICIAL DA ECOVIX,"Mais uma notícia positiva para a indústria naval. A Justiça homologou o plano de recuperação judicial do grupo Ecovix, que havia sido aprovado na assembleia geral de credores no fim de junho. A partir de agora, segundo o advogado Alexandre Faro, do escritório Freire Assis Sakamoto Violante, que participou do processo, será feita a limpeza do […]",https://petronoticias.com.br/homologado-o-plano-de-recuperacao-judicial-da-ecovix/,pt,"homologado o plano de recuperação judicial da ecovix || mais uma notícia positiva para a indústria naval. a justiça homologou o plano de recuperação judicial do grupo ecovix, que havia sido aprovado na assembleia geral de credores no fim de junho. a partir de agora, segundo o advogado alexandre faro, do escritório freire assis sakamoto violante, que participou do processo, será feita a limpeza do […]"
N0003722,2018-10-16 20:15:31,2018-10-16T23:15:31,2018-10-17,CAT7_Macro_Energia,MoneyTimes,WP_MoneyTimes,BTG eleva preço-alvo para ação da Vale,"O BTG Pactual elevou o seu preço-alvo para os papéis da Vale negociados em Nova York e representam as ações VALE3 na B3, mostra um relatório enviado a clientes nesta terça-feira (16) à noite. O valor foi elevado de US$ 18 para US$ 20, o que sugere um potencial de valorização de aproximadamente 29%. Os […]",https://www.moneytimes.com.br/btg-eleva-preco-alvo-para-acao-da-vale/,pt,"btg eleva preço-alvo para ação da vale || o btg pactual elevou o seu preço-alvo para os papéis da vale negociados em nova york e representam as ações vale3 na b3, mostra um relatório enviado a clientes nesta terça-feira (16) à noite. o valor foi elevado de us$ 18 para us$ 20, o que sugere um potencial de valorização de aproximadamente 29%. os […]"
N0003855,2018-10-28 17:52:00,2018-10-28T20:52:00,2018-10-29,CAT7_Macro_Energia,InfoMoney,WP_InfoMoney,Brasil com Bolsonaro: está na hora de aumentar o risco nos seus investimentos,Karel Luketic acredita que um governo Bolsonaro focado em reformas pode gerar resultado muito positivo para a bolsa de valores,https://www.infomoney.com.br/mercados/brasil-com-bolsonaro-esta-na-hora-de-aumentar-o-risco-nos-seus-investimentos/,pt,brasil com bolsonaro: está na hora de aumentar o risco nos seus investimentos || karel luketic acredita que um governo bolsonaro focado em reformas pode gerar resultado muito positivo para a bolsa de valores
N0004660,2019-01-08 19:02:51,2019-01-08T21:02:51,2019-01-09,CAT1_Empresa,MoneyTimes,WP_MoneyTimes,"Bradesco BBI: US$ 14 bi da Cessão Onerosa elevaria preço-alvo da Petrobras em R$ 2,15","Segundo cálculos da equipe do Bradesco BBI, um possível pagamento da União à Petrobras (PETR4) de US$ 14 bilhões, que cedeu para a estatal o direito de explorar seis grandes blocos de petróleo na camada do pré-sal, pode resultar em um aumento de R$ 2,15 no preço-alvo das ações. O valor atual é estipulado em R$ […]",https://www.moneytimes.com.br/bradesco-bbi-us-14-bi-da-cessao-onerosa-elevaria-preco-alvo-da-petrobras-em-r-215/,pt,"bradesco bbi: us$ 14 bi da cessão onerosa elevaria preço-alvo da petrobras em r$ 2,15 || segundo cálculos da equipe do bradesco bbi, um possível pagamento da união à petrobras (petr4) de us$ 14 bilhões, que cedeu para a estatal o direito de explorar seis grandes blocos de petróleo na camada do pré-sal, pode resultar em um aumento de r$ 2,15 no preço-alvo das ações. o valor atual é estipulado em r$ […]"
N0005150,2019-02-18 17:33:56,2019-02-18T20:33:56,2019-02-19,CAT3_Geopolitica,MoneyTimes,WP_MoneyTimes,"Invista no agronegócio com as ações da BrasilAgro, indica BB Investimentos","O BB Investimentos iniciou a cobertura das ações da BrasilAgro (AGRO3) com a recomendação outperform (desempenho acima da média do mercado), o mesmo que compra, e um preço-alvo de R$ 20, mostra um relatório enviado a clientes nesta segunda-feira (18). O valor sugere um potencial de valorização de aproximadamente 26,7%. O analista Marcio Montes explica que […]",https://www.moneytimes.com.br/invista-no-agronegocio-com-as-acoes-da-brasilagro-indica-bb-investimentos/,pt,"invista no agronegócio com as ações da brasilagro, indica bb investimentos || o bb investimentos iniciou a cobertura das ações da brasilagro (agro3) com a recomendação outperform (desempenho acima da média do mercado), o mesmo que compra, e um preço-alvo de r$ 20, mostra um relatório enviado a clientes nesta segunda-feira (18). o valor sugere um potencial de valorização de aproximadamente 26,7%. o analista marcio montes explica que […]"
N0005292,2019-02-27 22:04:25,2019-02-28T01:04:25,2019-02-28,CAT1_Empresa,MoneyTimes,WP_MoneyTimes,"Resultado da Petrobras mostra que o melhor ainda está por vir, diz XP","A XP Investimentos avalia que o resultado do quarto trimestre de 2018 da Petrobras (PETR3; PETR4) foi positivo, mas alerta que o melhor ainda está por vir, mostra um relatório enviado a clientes nesta quarta-feira (27). A recomendação de compra foi reiterada, com preço-alvo de R$ 31 para preferencial e R$ 30 para ordinária. 6 passos para […]",https://www.moneytimes.com.br/resultado-da-petrobras-mostra-que-o-melhor-ainda-esta-por-vir-diz-xp/,pt,"resultado da petrobras mostra que o melhor ainda está por vir, diz xp || a xp investimentos avalia que o resultado do quarto trimestre de 2018 da petrobras (petr3; petr4) foi positivo, mas alerta que o melhor ainda está por vir, mostra um relatório enviado a clientes nesta quarta-feira (27). a recomendação de compra foi reiterada, com preço-alvo de r$ 31 para preferencial e r$ 30 para ordinária. 6 passos para […]"
N0005289,2019-02-27 21:07:40,2019-02-28T00:07:40,2019-02-28,CAT7_Macro_Energia,MoneyTimes,WP_MoneyTimes,Marfrig volta ao positivo com ajuste nas operações em 2018,"A Marfrig (MRFG3) anotou um lucro líquido de R$ 2,2 bilhões no quarto trimestre de 2018, contra um prejuízo de R$ 22 milhões vistos um ano antes, informou a empresa por meio de um comunicado envido ao mercado nesta quarta-feira (27). O valor considera o impacto positivo do ganho de capital advindo da venda da Keystone. […]",https://www.moneytimes.com.br/marfrig-volta-ao-positivo-com-ajuste-nas-operacoes-em-2018/,pt,"marfrig volta ao positivo com ajuste nas operações em 2018 || a marfrig (mrfg3) anotou um lucro líquido de r$ 2,2 bilhões no quarto trimestre de 2018, contra um prejuízo de r$ 22 milhões vistos um ano antes, informou a empresa por meio de um comunicado envido ao mercado nesta quarta-feira (27). o valor considera o impacto positivo do ganho de capital advindo da venda da keystone. […]"
N0005536,2019-03-22 18:05:10,2019-03-22T21:05:10,2019-03-25,CAT5_Sancoes_Navegacao,MoneyTimes,WP_MoneyTimes,"Governo quer explorar Base de Alcântara comercialmente, diz Pontes","O acordo assinado esta semana com os Estados Unidos para Salvaguardas Tecnológicas (AST) é um passo importante para que o Brasil transforme a base de lançamento aeroespacial de Alcântara, no Maranhão, em um centro comercial, o que “vai ser muito bom para o Estado e para a região”, disse hoje (22), o ministro da Ciência, Tecnologia, […]",https://www.moneytimes.com.br/governo-quer-explorar-base-de-alcantara-comercialmente-diz-pontes/,pt,"governo quer explorar base de alcântara comercialmente, diz pontes || o acordo assinado esta semana com os estados unidos para salvaguardas tecnológicas (ast) é um passo importante para que o brasil transforme a base de lançamento aeroespacial de alcântara, no maranhão, em um centro comercial, o que “vai ser muito bom para o estado e para a região”, disse hoje (22), o ministro da ciência, tecnologia, […]"
N0005833,2019-04-12 18:16:12,2019-04-12T21:16:12,2019-04-15,CAT1_Empresa,MoneyTimes,WP_MoneyTimes,Veto do ajuste do diesel derruba Petrobras e Ibovespa; exterior em alta,"Por Investing.com A reforma da Previdência é o carro-chefe para avaliação do prêmio de risco nos ativos brasileiros. A sexta-feira (12) reservou até notícias positivas para que o Ibovespa aproveitasse algo da onda do apetite ao risco que tomou conta dos mercados mundiais. Entretanto, o presidente Jair Bolsonaro entrou em polêmica ao solicitar a suspensão do reajuste […]",https://www.moneytimes.com.br/veto-do-ajuste-do-diesel-derruba-petrobras-e-ibovespa-exterior-em-alta/,pt,"veto do ajuste do diesel derruba petrobras e ibovespa; exterior em alta || por investing.com a reforma da previdência é o carro-chefe para avaliação do prêmio de risco nos ativos brasileiros. a sexta-feira (12) reservou até notícias positivas para que o ibovespa aproveitasse algo da onda do apetite ao risco que tomou conta dos mercados mundiais. entretanto, o presidente jair bolsonaro entrou em polêmica ao solicitar a suspensão do reajuste […]"
N0006294,2019-05-13 17:43:04,2019-05-13T20:43:04,2019-05-14,CAT1_Empresa,MoneyTimes,WP_MoneyTimes,"BK Brasil cai mais de 3% após registrar queda de 65,4% no lucro do 1º trimestre","Por Investing.com  As ações do Burger King Brasil (BKBR3) encerraram o pregão desta segunda-feira (13) com forte queda de 3,61% a R$ 20,82, em dia que foi negativo para quase todo o mercado local. Na manhã de hoje, a companhia divulgou que encerrou o primeiro trimestre do ano com lucro líquido de R$ 3,1 milhões, contra R$ […]",https://www.moneytimes.com.br/bk-brasil-cai-mais-de-3-apos-registrar-queda-de-654-no-lucro-do-1o-trimestre/,pt,"bk brasil cai mais de 3% após registrar queda de 65,4% no lucro do 1º trimestre || por investing.com  as ações do burger king brasil (bkbr3) encerraram o pregão desta segunda-feira (13) com forte queda de 3,61% a r$ 20,82, em dia que foi negativo para quase todo o mercado local. na manhã de hoje, a companhia divulgou que encerrou o primeiro trimestre do ano com lucro líquido de r$ 3,1 milhões, contra r$ […]"
N0006302,2019-05-13 18:10:48,2019-05-13T21:10:48,2019-05-14,CAT1_Empresa,MoneyTimes,WP_MoneyTimes,Braskem cai mais de 5% após ações terem negociações suspensas em Nova York,"Por Investing.com Em dia negativo para os mercados de ações, a Braskem (BRKM5) operaram com forte queda de 6,99% a R$ 37,25. Mais cedo, a companhia afirmou que não vai conseguir entregar no prazo o formulário 20-F de 2017 com informações da petroquímica ao regulador do mercado norte-americano e por isso suas ações negociadas na […]",https://www.moneytimes.com.br/braskem-cai-mais-de-5-apos-acoes-terem-negociacoes-suspensas-em-nova-york/,pt,"braskem cai mais de 5% após ações terem negociações suspensas em nova york || por investing.com em dia negativo para os mercados de ações, a braskem (brkm5) operaram com forte queda de 6,99% a r$ 37,25. mais cedo, a companhia afirmou que não vai conseguir entregar no prazo o formulário 20-f de 2017 com informações da petroquímica ao regulador do mercado norte-americano e por isso suas ações negociadas na […]"
N0006341,2019-05-14 18:32:11,2019-05-14T21:32:11,2019-05-15,CAT1_Empresa,MoneyTimes,WP_MoneyTimes,"Banrisul supera projeções do BTG, porém recomendação para ações permanece neutra","O BTG Pactual (BPAC11) divulgou relatório sobre o Banrisul (BRSR6), listando recomendação neutra para as ações, com preço-alvo de R$ 26,00 – o que equivale a um upside (potencial de valorização) de 6,9% relação ao último fechamento. Para os analistas Eduardo Rosman e Thiago Kapulskis, o lucro líquido relatado veio acima das projeções, ao totalizar R$ 320 milhões […]",https://www.moneytimes.com.br/banrisul-supera-projecoes-do-btg-porem-recomendacao-para-acoes-permanece-neutra/,pt,"banrisul supera projeções do btg, porém recomendação para ações permanece neutra || o btg pactual (bpac11) divulgou relatório sobre o banrisul (brsr6), listando recomendação neutra para as ações, com preço-alvo de r$ 26,00 – o que equivale a um upside (potencial de valorização) de 6,9% relação ao último fechamento. para os analistas eduardo rosman e thiago kapulskis, o lucro líquido relatado veio acima das projeções, ao totalizar r$ 320 milhões […]"
N0006334,2019-05-14 17:46:20,2019-05-14T20:46:20,2019-05-15,CAT1_Empresa,MoneyTimes,WP_MoneyTimes,"Pão de Açúcar cresce 3,10% com elevação do preço-alvo pelo BTG","Por Investing.com O BTG Pactual (BPAC11) divulgou na manhã desta terça-feira a atualização para as estimativas do Grupo Pão de Açúcar (PCAR4), com o preço-alvo indo de R$ 80 para R$ 106, o que representa uma alta de 32% em relação aos níveis atuais, considerando a Via Varejo (VVAR3) a preços correntes. Desta foram a […]",https://www.moneytimes.com.br/btg-mantem-compra-e-eleva-preco-alvo-do-gpa-para-r-106-acoes-operam-em-alta/,pt,"pão de açúcar cresce 3,10% com elevação do preço-alvo pelo btg || por investing.com o btg pactual (bpac11) divulgou na manhã desta terça-feira a atualização para as estimativas do grupo pão de açúcar (pcar4), com o preço-alvo indo de r$ 80 para r$ 106, o que representa uma alta de 32% em relação aos níveis atuais, considerando a via varejo (vvar3) a preços correntes. desta foram a […]"
N0006368,2019-05-15 19:41:24,2019-05-15T22:41:24,2019-05-16,CAT3_Geopolitica,MoneyTimes,WP_MoneyTimes,Cielo: Banco Safra derruba preço-alvo em 33%,"A equipe de análise do banco Safra cortou em 33% o preço-alvo para as ações da Cielo (CIEL3), revela um relatório enviado a clientes nesta quarta-feira (15). Os analistas Luis F. Azevedo e Silvio Dória mantiveram a recomendação em neutra devido ao aumento da concorrência no setor de adquirência. A disputa no setor tem sido chamada de […]",https://www.moneytimes.com.br/cielo-banco-safra-derruba-preco-alvo-em-33/,pt,"cielo: banco safra derruba preço-alvo em 33% || a equipe de análise do banco safra cortou em 33% o preço-alvo para as ações da cielo (ciel3), revela um relatório enviado a clientes nesta quarta-feira (15). os analistas luis f. azevedo e silvio dória mantiveram a recomendação em neutra devido ao aumento da concorrência no setor de adquirência. a disputa no setor tem sido chamada de […]"
N0006361,2019-05-15 17:46:07,2019-05-15T20:46:07,2019-05-16,CAT7_Macro_Energia,MoneyTimes,WP_MoneyTimes,"Embraer: Após divulgar prejuízo, ações caem mais de 4%","Por Investing.com  Em um dia negativo para os mercados acionários, as ações da Embraer (EMBR3) fecharam esta quarta-feira (15) com queda de 4,17% a R$ 18,14. Mais cedo, a companhia divulgou que fechou o primeiro trimestre do ano com prejuízo de US$ 42,5 milhões, já que a receita caiu em suas três principais divisões devido […]",https://www.moneytimes.com.br/embraer-apos-divulgar-prejuizo-acoes-caem-3/,pt,"embraer: após divulgar prejuízo, ações caem mais de 4% || por investing.com  em um dia negativo para os mercados acionários, as ações da embraer (embr3) fecharam esta quarta-feira (15) com queda de 4,17% a r$ 18,14. mais cedo, a companhia divulgou que fechou o primeiro trimestre do ano com prejuízo de us$ 42,5 milhões, já que a receita caiu em suas três principais divisões devido […]"
N0006550,2019-05-30 19:38:22,2019-05-30T22:38:22,2019-05-31,CAT2_Mercado_Petroleo,MoneyTimes,WP_MoneyTimes,Três fatores importantes podem afetar a oferta e a demanda do petróleo,"Por Ellen R. Wald, Ph.D. para Investing Até agora, o ano de 2019 tem sido bom para os traders de petróleo, com os preços subindo de forma constante durante os primeiros meses, para a surpresa de diversos observadores e analistas que há meses vinham prevendo uma recessão. No entanto, o pêndulo de boas e más notícias parece, […]",https://www.moneytimes.com.br/tres-fatores-importantes-podem-afetar-a-oferta-e-a-demanda-no-petroleo/,pt,"três fatores importantes podem afetar a oferta e a demanda do petróleo || por ellen r. wald, ph.d. para investing até agora, o ano de 2019 tem sido bom para os traders de petróleo, com os preços subindo de forma constante durante os primeiros meses, para a surpresa de diversos observadores e analistas que há meses vinham prevendo uma recessão. no entanto, o pêndulo de boas e más notícias parece, […]"
N0006762,2019-06-18 20:21:05,2019-06-18T23:21:05,2019-06-19,CAT2_Mercado_Petroleo,MoneyTimes,WP_MoneyTimes,"Ações da Azul e da Gol já voaram demais, avalia UBS","O UBS revisitou as projeções para as companhias aéreas da América Latina e cortou a recomendação para as ações da Azul (AZUL4) de neutra para venda, mostra um relatório enviado a clientes nesta terça-feira (18). O preço-alvo foi ajustado de R$ 39,40 para R$ 40, o que representa um potencial de desvalorização de aproximadamente 10%. […]",https://www.moneytimes.com.br/azul-ou-gol-ubs-refaz-contas-para-as-acoes/,pt,"ações da azul e da gol já voaram demais, avalia ubs || o ubs revisitou as projeções para as companhias aéreas da américa latina e cortou a recomendação para as ações da azul (azul4) de neutra para venda, mostra um relatório enviado a clientes nesta terça-feira (18). o preço-alvo foi ajustado de r$ 39,40 para r$ 40, o que representa um potencial de desvalorização de aproximadamente 10%. […]"
N0007326,2019-08-05 18:40:13,2019-08-05T21:40:13,2019-08-06,CAT7_Macro_Energia,MoneyTimes,WP_MoneyTimes,"CDS sugere melhora próxima no “rating” do Brasil, mas crescimento é essencial, veem estrategistas","O prêmio de risco do Brasil, medido pelo Credit Default Swap (CDS), tem oscilado em torno de mínimas em cinco anos, em patamares condizentes com os de países que ostentam grau de investimento, mas uma elevação da nota brasileira só deve ocorrer com a volta do crescimento econômico. Estrategistas avaliam que fatores que justificaram a queda nessa percepção, incluindo as expectativas positivas para a reforma da Previdência e […]",https://www.moneytimes.com.br/cds-sugere-melhora-proxima-no-rating-do-brasil-mas-crescimento-e-essencial-veem-estrategistas/,pt,"cds sugere melhora próxima no “rating” do brasil, mas crescimento é essencial, veem estrategistas || o prêmio de risco do brasil, medido pelo credit default swap (cds), tem oscilado em torno de mínimas em cinco anos, em patamares condizentes com os de países que ostentam grau de investimento, mas uma elevação da nota brasileira só deve ocorrer com a volta do crescimento econômico. estrategistas avaliam que fatores que justificaram a queda nessa percepção, incluindo as expectativas positivas para a reforma da previdência e […]"
N0007727,2019-08-27 20:40:10,2019-08-27T23:40:10,2019-08-28,CAT1_Empresa,MoneyTimes,WP_MoneyTimes,"Engie Brasil é atraente em dividendos e com baixa volatilidade, aponta Safra","As ações da Engie Brasil (EGIE3) são uma alternativa atraente em dividendos (com pagamento de 95% dos lucros) e com baixa volatilidade, indica o banco Safra em um relatório enviado a clientes nesta terça-feira (27). Os analistas Kaique Vasconcellos e Daniel Travitzky retomaram a cobertura dos papeis com um preço-alvo de R$ 48 e recomendação outperform (desempenho […]",https://www.moneytimes.com.br/engie-brasil-e-atraente-em-dividendos-e-com-baixa-volatilidade-aponta-safra/,pt,"engie brasil é atraente em dividendos e com baixa volatilidade, aponta safra || as ações da engie brasil (egie3) são uma alternativa atraente em dividendos (com pagamento de 95% dos lucros) e com baixa volatilidade, indica o banco safra em um relatório enviado a clientes nesta terça-feira (27). os analistas kaique vasconcellos e daniel travitzky retomaram a cobertura dos papeis com um preço-alvo de r$ 48 e recomendação outperform (desempenho […]"
N0007789,2019-08-29 19:52:49,2019-08-29T22:52:49,2019-08-30,CAT2_Mercado_Petroleo,MoneyTimes,WP_MoneyTimes,"Recuo do PIB agrícola é alerta para problema da tabela do frete, diz Abiove","A retração do PIB agropecuário em 0,4% no segundo trimestre ante o período anterior, anunciado nesta quinta-feira pelo IBGE, é um alerta sobre impacto negativo ao agronegócio do tabelamento do frete rodoviário, avaliou a Associação Brasileira das Indústrias de Óleos Vegetais (Abiove). Para o presidente da Abiove, André Nassar, a economia ainda não se recuperou […]",https://www.moneytimes.com.br/recuo-do-pib-agricola-e-alerta-para-problema-da-tabela-do-frete-diz-abiove/,pt,"recuo do pib agrícola é alerta para problema da tabela do frete, diz abiove || a retração do pib agropecuário em 0,4% no segundo trimestre ante o período anterior, anunciado nesta quinta-feira pelo ibge, é um alerta sobre impacto negativo ao agronegócio do tabelamento do frete rodoviário, avaliou a associação brasileira das indústrias de óleos vegetais (abiove). para o presidente da abiove, andré nassar, a economia ainda não se recuperou […]"
N0007802,2019-08-30 17:47:51,2019-08-30T20:47:51,2019-09-02,CAT7_Macro_Energia,MoneyTimes,WP_MoneyTimes,"Dólar fecha em queda negociado a R$ 4,14, mas acumula maior alta mensal em quase 4 anos","O dólar encerrou em queda frente ao real, em dia marcado por viés positivo nos mercados externos, em meio a otimismo em relação às negociações comerciais entre Estados Unidos e China. O dólar à vista  teve queda de 0,71%, a 4,1421 reais na venda, em sessão em geral positiva para moedas emergentes. A moeda norte-americana, […]",https://www.moneytimes.com.br/dolar-tem-queda-de-071-mas-acumula-maior-alta-mensal-em-quase-4-anos/,pt,"dólar fecha em queda negociado a r$ 4,14, mas acumula maior alta mensal em quase 4 anos || o dólar encerrou em queda frente ao real, em dia marcado por viés positivo nos mercados externos, em meio a otimismo em relação às negociações comerciais entre estados unidos e china. o dólar à vista  teve queda de 0,71%, a 4,1421 reais na venda, em sessão em geral positiva para moedas emergentes. a moeda norte-americana, […]"
N0007861,2019-09-03 17:09:39,2019-09-03T20:09:39,2019-09-04,CAT3_Geopolitica,MoneyTimes,WP_MoneyTimes,"Dólar encerra em R$ 4,17 com foco na cena externa","O dólar encerrou em leve queda frente ao real nesta terça-feira, em dia em geral positivo para as moedas emergentes, com investidores de olho nos desenvolvimentos da disputa comercial entre Estados Unidos e China e nas atuações do Banco Central no câmbio. O dólar à vista teve queda de 0,09%, a 4,1798 reais na venda. […]",https://www.moneytimes.com.br/dolar-encerra-em-r-417-com-foco-na-cena-externa/,pt,"dólar encerra em r$ 4,17 com foco na cena externa || o dólar encerrou em leve queda frente ao real nesta terça-feira, em dia em geral positivo para as moedas emergentes, com investidores de olho nos desenvolvimentos da disputa comercial entre estados unidos e china e nas atuações do banco central no câmbio. o dólar à vista teve queda de 0,09%, a 4,1798 reais na venda. […]"
N0008250,2019-09-26 17:49:04,2019-09-26T20:49:04,2019-09-27,CAT2_Mercado_Petroleo,MoneyTimes,WP_MoneyTimes,"Bancos estão dispostos a ceder dividendos para dar mais tempo à Odebrecht, avalia Guide","Segundo a Guide Investimentos, a possibilidade dos bancos credores da Odebrecht – Itaú Unibanco (ITUB4), Bradesco (BBDC4), Banco do Brasil (BBAS3) e BNDES – de liberar o pagamento de dividendos de 2018 da Braskem (BRKM5) deve ser vista como positiva para a petroquímica. “Os bancos credores estão dispostos a ceder nos dividendos para dar mais tempo à Odebrecht, […]",https://www.moneytimes.com.br/bancos-estao-dispostos-a-ceder-dividendos-para-dar-mais-tempo-a-odebrecht-avalia-guide/,pt,"bancos estão dispostos a ceder dividendos para dar mais tempo à odebrecht, avalia guide || segundo a guide investimentos, a possibilidade dos bancos credores da odebrecht – itaú unibanco (itub4), bradesco (bbdc4), banco do brasil (bbas3) e bndes – de liberar o pagamento de dividendos de 2018 da braskem (brkm5) deve ser vista como positiva para a petroquímica. “os bancos credores estão dispostos a ceder nos dividendos para dar mais tempo à odebrecht, […]"
N0008327,2019-10-01 17:36:39,2019-10-01T20:36:39,2019-10-02,CAT7_Macro_Energia,MoneyTimes,WP_MoneyTimes,"Dólar fecha cotado a R$ 4,16 com exterior arisco, mas notícias sobre Previdência limitam ganho","O dólar fechou em leve alta ante o real nesta terça-feira, primeira sessão do mês e do último trimestre do ano, com o mercado de câmbio influenciado por um dia de forma geral negativo para ativos de risco, após dados nos Estados Unidos reforçarem temores de recessão na maior economia do mundo. O dólar à […]",https://www.moneytimes.com.br/dolar-fecha-em-alta-com-exterior-arisco/,pt,"dólar fecha cotado a r$ 4,16 com exterior arisco, mas notícias sobre previdência limitam ganho || o dólar fechou em leve alta ante o real nesta terça-feira, primeira sessão do mês e do último trimestre do ano, com o mercado de câmbio influenciado por um dia de forma geral negativo para ativos de risco, após dados nos estados unidos reforçarem temores de recessão na maior economia do mundo. o dólar à […]"
N0008322,2019-10-01 17:10:48,2019-10-01T20:10:48,2019-10-02,CAT2_Mercado_Petroleo,MoneyTimes,WP_MoneyTimes,"Socopa retira Kroton, Fleury e Itaú da carteira mensal Top Pick","A Socopa alterou três ações em sua carteira top pick de outubro. Kroton (KROT3), Fleury (FLRY3) e Itaú Unibanco (ITUB4) saíram para dar espaço a Bradesco (BBDC4), Vale (VALE3) e EDP Energias do Brasil (ENBR3), de acordo com o relatório divulgado pela empresa nesta terça-feira (1). “Olhando para frente, seguimos com visão positiva para o […]",https://www.moneytimes.com.br/socopa-retira-kroton-fleury-e-itau-de-sua-carteira-mensal-top-pick/,pt,"socopa retira kroton, fleury e itaú da carteira mensal top pick || a socopa alterou três ações em sua carteira top pick de outubro. kroton (krot3), fleury (flry3) e itaú unibanco (itub4) saíram para dar espaço a bradesco (bbdc4), vale (vale3) e edp energias do brasil (enbr3), de acordo com o relatório divulgado pela empresa nesta terça-feira (1). “olhando para frente, seguimos com visão positiva para o […]"
N0008449,2019-10-07 20:39:58,2019-10-07T23:39:58,2019-10-08,CAT4_Infraestrutura,MoneyTimes,WP_MoneyTimes,Rio pode perder R$ 56 bilhões se STF decidir pela partilha dos royalties,"A Assembleia Legislativa do Rio de Janeiro (Alerj) vai enviar até o final deste mês um relatório a representantes dos governos do estado e da União com informações sobre as consequências negativas para o estado, caso haja a distribuição de royalties e participações especiais do petróleo por municípios e estados de todo o país. A informação foi […]",https://www.moneytimes.com.br/rio-pode-perder-r-56-bi-se-stf-decidir-pela-partilha-dos-royalties/,pt,"rio pode perder r$ 56 bilhões se stf decidir pela partilha dos royalties || a assembleia legislativa do rio de janeiro (alerj) vai enviar até o final deste mês um relatório a representantes dos governos do estado e da união com informações sobre as consequências negativas para o estado, caso haja a distribuição de royalties e participações especiais do petróleo por municípios e estados de todo o país. a informação foi […]"
N0008839,2019-10-25 18:40:49,2019-10-25T21:40:49,2019-10-28,CAT1_Empresa,MoneyTimes,WP_MoneyTimes,Dólar fecha a R$ 4 com maior queda semanal desde fevereiro,"O dólar voltou a cair frente ao real nesta sexta-feira, chegando a novamente ceder abaixo do suporte psicológico de 4 reais, em um dia positivo para ativos de risco no exterior e com expectativas de melhora no fluxo cambial local. Comentários da Petrobras (PETR4) de que tentaria minimizar impactos sobre o mercado de câmbio decorrentes de operações […]",https://www.moneytimes.com.br/dolar-fecha-a-r-4-com-maior-queda-semanal-desde-fevereiro/,pt,"dólar fecha a r$ 4 com maior queda semanal desde fevereiro || o dólar voltou a cair frente ao real nesta sexta-feira, chegando a novamente ceder abaixo do suporte psicológico de 4 reais, em um dia positivo para ativos de risco no exterior e com expectativas de melhora no fluxo cambial local. comentários da petrobras (petr4) de que tentaria minimizar impactos sobre o mercado de câmbio decorrentes de operações […]"
N0008944,2019-10-31 21:32:07,2019-11-01T00:32:07,2019-11-01,CAT2_Mercado_Petroleo,MoneyTimes,WP_MoneyTimes,Quais ações comprar em novembro? BB retira Magazine Luiza e traz 5 novidades,"O mês de novembro deve ser mais um positivo para o Ibovespa em 2019, aponta o time de análise do BB Investimentos em um relatório enviado a clientes nesta quinta-feira (31). Segundo Victor Penna e Wesley Bernabé, o cenário é suportado pela temporada de resultados do terceiro trimestre, que devem trazer números positivos. “Se, por um lado, […]",https://www.moneytimes.com.br/quais-acoes-comprar-em-novembro-bb-retira-magazine-luiza-e-traz-5-novidades/,pt,"quais ações comprar em novembro? bb retira magazine luiza e traz 5 novidades || o mês de novembro deve ser mais um positivo para o ibovespa em 2019, aponta o time de análise do bb investimentos em um relatório enviado a clientes nesta quinta-feira (31). segundo victor penna e wesley bernabé, o cenário é suportado pela temporada de resultados do terceiro trimestre, que devem trazer números positivos. “se, por um lado, […]"
N0008998,2019-11-05 17:00:09,2019-11-05T20:00:09,2019-11-06,CAT2_Mercado_Petroleo,Petronoticias,WP_Petronoticias,ANÚNCIO OFICIAL DA SAÍDA DOS ESTADOS UNIDOS DO ACORDO DE PARIS PROVOCA REAÇÕES NA EUROPA E NA CHINA,"Quando o secretário de Estado dos Estados Unidos, Mike Pompeo (foto principal), anunciou que o país iniciou o processo de retirada do Acordo de Paris sobre as mudanças climáticas, enviando uma notificação formal às Nações Unidas, criou um ambiente ruim para a situação, mesmo com a retirada formal entrando em vigor um ano após a entrega […]",https://petronoticias.com.br/anuncio-oficial-da-saida-dos-estados-unidos-do-acordo-de-paris-provoca-reacoes-na-europa-e-na-china/,pt,"anúncio oficial da saída dos estados unidos do acordo de paris provoca reações na europa e na china || quando o secretário de estado dos estados unidos, mike pompeo (foto principal), anunciou que o país iniciou o processo de retirada do acordo de paris sobre as mudanças climáticas, enviando uma notificação formal às nações unidas, criou um ambiente ruim para a situação, mesmo com a retirada formal entrando em vigor um ano após a entrega […]"
N0009165,2019-11-12 21:47:17,2019-11-13T00:47:17,2019-11-13,CAT1_Empresa,MoneyTimes,WP_MoneyTimes,"Privatização da Eletrobras abre caminho para redução tarifária, diz presidente","O presidente da Eletrobras, Wilson Ferreira Júnior, disse hoje (12), no Rio de Janeiro, que o valor de capitalização da Eletrobras, dentro do processo de privatização, “vai ser um número justo”, com repercussão positiva para os consumidores em termos de redução  tarifária. Ferreira Júnior salientou que o princípio é que não haja ganho nem perda, […]",https://www.moneytimes.com.br/privatizacao-da-eletrobras-abre-caminho-para-reducao-tarifaria/,pt,"privatização da eletrobras abre caminho para redução tarifária, diz presidente || o presidente da eletrobras, wilson ferreira júnior, disse hoje (12), no rio de janeiro, que o valor de capitalização da eletrobras, dentro do processo de privatização, “vai ser um número justo”, com repercussão positiva para os consumidores em termos de redução  tarifária. ferreira júnior salientou que o princípio é que não haja ganho nem perda, […]"
N0009229,2019-11-18 18:00:21,2019-11-18T21:00:21,2019-11-19,CAT1_Empresa,MoneyTimes,WP_MoneyTimes,"Dólar fecha a R$ 4,20 com exterior e questões locais","O dólar fechou numa máxima recorde nesta segunda-feira, acima de 4,20 reais na venda, numa sessão negativa para divisas emergentes conforme pesaram dúvidas sobre a situação comercial entre Estados Unidos e China. No Brasil, a força do dólar seguiu amparada pela falta de expectativa de considerável ingresso de capital no curto prazo, depois da frustração […]",https://www.moneytimes.com.br/dolar-fecha-a-r-420-com-exterior-e-questoes-locais/,pt,"dólar fecha a r$ 4,20 com exterior e questões locais || o dólar fechou numa máxima recorde nesta segunda-feira, acima de 4,20 reais na venda, numa sessão negativa para divisas emergentes conforme pesaram dúvidas sobre a situação comercial entre estados unidos e china. no brasil, a força do dólar seguiu amparada pela falta de expectativa de considerável ingresso de capital no curto prazo, depois da frustração […]"
N0009502,2019-12-03 17:44:55,2019-12-03T20:44:55,2019-12-04,CAT7_Macro_Energia,MoneyTimes,WP_MoneyTimes,PIB melhor reforça expectativa de fluxo e ampara cenários para taxa de câmbio,"Os números melhores da economia brasileira no terceiro trimestre divulgados nesta terça-feira trouxeram algum alento ao cenário para a taxa de câmbio, conforme fortaleceram a narrativa de que a volta do crescimento atrairá mais fluxos e beneficiará o real. Sinal disso, a moeda brasileira operava em alta nesta terça-feira, destaque num dia negativo para pares […]",https://www.moneytimes.com.br/pib-melhor-reforca-expectativa-de-fluxo-e-ampara-cenarios-para-taxa-de-cambio/,pt,"pib melhor reforça expectativa de fluxo e ampara cenários para taxa de câmbio || os números melhores da economia brasileira no terceiro trimestre divulgados nesta terça-feira trouxeram algum alento ao cenário para a taxa de câmbio, conforme fortaleceram a narrativa de que a volta do crescimento atrairá mais fluxos e beneficiará o real. sinal disso, a moeda brasileira operava em alta nesta terça-feira, destaque num dia negativo para pares […]"
N0009582,2019-12-06 18:01:08,2019-12-06T21:01:08,2019-12-09,CAT3_Geopolitica,MoneyTimes,WP_MoneyTimes,"Dólar fecha a R$ 4,14 com ajuste doméstico e otimismo externo","O dólar fechou em queda de pouco mais de 1% nesta sexta-feira, na casa de 4,14 reais, na mais intensa desvalorização em seis semanas, numa sessão positiva para ativos brasileiros em geral e com pano de fundo benigno no exterior. “As tensões na América Latina arrefeceram, houve intervenções cambiais pelos bancos centrais chileno e brasileiro. […]",https://www.moneytimes.com.br/dolar-fecha-a-r-414-com-ajuste-domestico-e-otimismo-externo/,pt,"dólar fecha a r$ 4,14 com ajuste doméstico e otimismo externo || o dólar fechou em queda de pouco mais de 1% nesta sexta-feira, na casa de 4,14 reais, na mais intensa desvalorização em seis semanas, numa sessão positiva para ativos brasileiros em geral e com pano de fundo benigno no exterior. “as tensões na américa latina arrefeceram, houve intervenções cambiais pelos bancos centrais chileno e brasileiro. […]"
N0009622,2019-12-09 23:21:20,2019-12-10T02:21:20,2019-12-10,CAT1_Empresa,MoneyTimes,WP_MoneyTimes,Verde Asset projeta futuro melhor para CVC e mantém ações,"A Verde Asset Management, fundada por Luis Stuhlberger, um dos mais respeitados gestores do país, reiterou a sua aposta nas ações da CVC Brasil (CVCB3) em sua carta mensal ao cotistas divulgada nesta segunda-feira (9). O time de gestão pontuou que os papéis da empresa de turismo foi a principal contribuição negativa para o fundo CSHG Verde […]",https://www.moneytimes.com.br/verde-asset-projeta-futuro-melhor-para-cvc-e-mantem-acoes/,pt,"verde asset projeta futuro melhor para cvc e mantém ações || a verde asset management, fundada por luis stuhlberger, um dos mais respeitados gestores do país, reiterou a sua aposta nas ações da cvc brasil (cvcb3) em sua carta mensal ao cotistas divulgada nesta segunda-feira (9). o time de gestão pontuou que os papéis da empresa de turismo foi a principal contribuição negativa para o fundo cshg verde […]"
N0009626,2019-12-10 17:51:21,2019-12-10T20:51:21,2019-12-11,CAT7_Macro_Energia,MoneyTimes,WP_MoneyTimes,"Dólar avança e fecha a R$ 4,14 com expectativa nas decisões de política monetária","O dólar fechou em alta ante o real nesta terça-feira, num ajuste depois de seis pregões consecutivos de queda, em meio a um dia negativo para a maioria das moedas latino-americanas e com o mercado evitando risco um dia antes das decisões de juros no Brasil e nos Estados Unidos. O pregão foi de ajuste […]",https://www.moneytimes.com.br/dolar-avanca-e-fecha-a-r-414-com-expectativa-nas-decisoes-de-juros/,pt,"dólar avança e fecha a r$ 4,14 com expectativa nas decisões de política monetária || o dólar fechou em alta ante o real nesta terça-feira, num ajuste depois de seis pregões consecutivos de queda, em meio a um dia negativo para a maioria das moedas latino-americanas e com o mercado evitando risco um dia antes das decisões de juros no brasil e nos estados unidos. o pregão foi de ajuste […]"
N0009713,2019-12-13 20:22:47,2019-12-13T23:22:47,2019-12-16,CAT3_Geopolitica,MoneyTimes,WP_MoneyTimes,"Acordo EUA-China ajuda Brasil a atrair investimento, diz Troyjo","O alcance de um acordo comercial entre Estados Unidos e China é algo positivo para o Brasil independentemente da perspectiva de maiores compras pelo gigante asiático de produtos agrícolas norte-americanos, avaliou o secretário especial de Comércio Exterior e Assuntos Internacionais, Marcos Troyjo. “O Brasil está trocando as telhas da sua casa macroeconômica, então é muito […]",https://www.moneytimes.com.br/acordo-eua-china-ajuda-brasil-a-atrair-investimento-diz-troyjo/,pt,"acordo eua-china ajuda brasil a atrair investimento, diz troyjo || o alcance de um acordo comercial entre estados unidos e china é algo positivo para o brasil independentemente da perspectiva de maiores compras pelo gigante asiático de produtos agrícolas norte-americanos, avaliou o secretário especial de comércio exterior e assuntos internacionais, marcos troyjo. “o brasil está trocando as telhas da sua casa macroeconômica, então é muito […]"
N0009723,2019-12-15 23:58:05,2019-12-16T02:58:05,2019-12-16,CAT3_Geopolitica,Poder360,WP_Poder360,"‘Nada mais legítimo que 1 evangélico no Supremo’, diz André Mendonça","‘É bom para representatividade’
É contra impostos para Igrejas
Até 2021, robôs atuarão na AGU 
Defende critério em escolha de jornais
Também honorários pagos aos AGUs",https://www.poder360.com.br/governo/nada-mais-legitimo-que-1-evangelico-no-supremo-diz-andre-mendonca/,pt,"‘nada mais legítimo que 1 evangélico no supremo’, diz andré mendonça || ‘é bom para representatividade’
é contra impostos para igrejas
até 2021, robôs atuarão na agu 
defende critério em escolha de jornais
também honorários pagos aos agus"
N0009815,2019-12-19 18:50:18,2019-12-19T21:50:18,2019-12-20,CAT1_Empresa,MoneyTimes,WP_MoneyTimes,Ibovespa renova máximas com recordes em Wall Street e otimismo com economia nacional,"O Ibovespa fechou em alta nesta quinta-feira, renovando máxima histórica, favorecido por nova sessão de recordes em Wall Street e com dados de emprego e revisões de projeção do PIB endossando apostas mais positivas para a economia brasileira. Índice de referência da bolsa brasileira, o Ibovespa subiu 0,71%, a 115.131,25 pontos, praticamente na máxima da […]",https://www.moneytimes.com.br/ibovespa-renova-maximas-com-recordes-em-wall-street-e-otimismo-com-economia-nacional/,pt,"ibovespa renova máximas com recordes em wall street e otimismo com economia nacional || o ibovespa fechou em alta nesta quinta-feira, renovando máxima histórica, favorecido por nova sessão de recordes em wall street e com dados de emprego e revisões de projeção do pib endossando apostas mais positivas para a economia brasileira. índice de referência da bolsa brasileira, o ibovespa subiu 0,71%, a 115.131,25 pontos, praticamente na máxima da […]"
N0009894,2019-12-26 18:56:33,2019-12-26T21:56:33,2019-12-27,CAT1_Empresa,MoneyTimes,WP_MoneyTimes,Ibovespa fecha acima de 117 mil pontos pela 1ª vez,"Novas máximas marcaram a bolsa paulista nesta quinta-feira, na volta do Natal, com o Ibovespa superando os 117 mil pontos, em meio a perspectivas positivas para a economia brasileira em 2020 e expectativas de avanço nas relações comerciais China–EUA. Índice de referência do mercado acionário brasileiro, o Ibovespa subiu 1,16%, a 117.203,20 pontos – novo […]",https://www.moneytimes.com.br/ibovespa-fecha-acima-de-117-mil-pontos-pela-1a-vez/,pt,"ibovespa fecha acima de 117 mil pontos pela 1ª vez || novas máximas marcaram a bolsa paulista nesta quinta-feira, na volta do natal, com o ibovespa superando os 117 mil pontos, em meio a perspectivas positivas para a economia brasileira em 2020 e expectativas de avanço nas relações comerciais china–eua. índice de referência do mercado acionário brasileiro, o ibovespa subiu 1,16%, a 117.203,20 pontos – novo […]"
N0009935,2019-12-30 18:48:09,2019-12-30T21:48:09,2020-01-02,CAT2_Mercado_Petroleo,InfoMoney,WP_InfoMoney,Turn around e aquisições: as histórias das ações que mais subiram no Ibovespa em 2019 (e o que esperar para 2020),"Na esteira de mais um ano positivo para a bolsa brasileira, algumas ações se destacaram ainda mais no Ibovespa, com ganhos superiores a 100%",https://www.infomoney.com.br/mercados/turn-around-e-aquisicoes-as-historias-das-acoes-que-mais-subiram-no-ibovespa-em-2019-e-o-que-esperar-para-2020/,pt,"turn around e aquisições: as histórias das ações que mais subiram no ibovespa em 2019 (e o que esperar para 2020) || na esteira de mais um ano positivo para a bolsa brasileira, algumas ações se destacaram ainda mais no ibovespa, com ganhos superiores a 100%"
N0010008,2020-01-05 17:00:37,2020-01-05T20:00:37,2020-01-06,CAT7_Macro_Energia,MoneyTimes,WP_MoneyTimes,5 estratégias para gerenciar seus criptoativos em um mercado de baixa,"Mesmo em um “bear market” (mercado de baixa), há algumas estratégias que os investidores podem fazer para reduzir o impacto negativo em seu portfólio e, em alguns casos, até gerar um rendimento positivo. No mercado atual, é difícil os investidores se manterem otimistas ao olharem para seus portfólios. Essa é uma época difícil para os […]",https://www.moneytimes.com.br/5-estrategias-para-gerenciar-seus-criptoativos-em-um-mercado-de-baixa/,pt,"5 estratégias para gerenciar seus criptoativos em um mercado de baixa || mesmo em um “bear market” (mercado de baixa), há algumas estratégias que os investidores podem fazer para reduzir o impacto negativo em seu portfólio e, em alguns casos, até gerar um rendimento positivo. no mercado atual, é difícil os investidores se manterem otimistas ao olharem para seus portfólios. essa é uma época difícil para os […]"
N0010174,2020-01-12 23:58:52,2020-01-13T02:58:52,2020-01-13,CAT3_Geopolitica,Poder360,WP_Poder360,"Tirar Moro da Lava Jato foi bom para o Brasil, diz Gilmar Mendes","Tirou aspecto midiático da operação
É favorável à atuação da TV Justiça
Admitiu erros cometidos no Supremo
Falou em mudar o trânsito em julgado
Foi entrevistado no Poder em Foco",https://www.poder360.com.br/governo/tirar-moro-da-lava-jato-foi-bom-para-o-brasil-diz-gilmar-mendes/,pt,"tirar moro da lava jato foi bom para o brasil, diz gilmar mendes || tirou aspecto midiático da operação
é favorável à atuação da tv justiça
admitiu erros cometidos no supremo
falou em mudar o trânsito em julgado
foi entrevistado no poder em foco"
N0010219,2020-01-15 17:00:27,2020-01-15T20:00:27,2020-01-16,CAT2_Mercado_Petroleo,Petronoticias,WP_Petronoticias,WEG É APROVADA COMO FORNECEDORA DE EQUIPAMENTOS DA PETROLEIRA BP,O ano começou com notícias positivas para a WEG. A empresa anunciou nesta semana que foi adicionada à lista de fornecedores aprovados na petroleira britânica BP. A multinacional brasileira foi qualificada para fornecer motores de baixa tensão de última geração para a companhia europeia. A WEG afirmou ainda que fabrica motores elétricos avançados de baixa […],https://petronoticias.com.br/weg-e-aprovada-como-fornecedora-de-equipamentos-da-petroleira-bp/,pt,weg é aprovada como fornecedora de equipamentos da petroleira bp || o ano começou com notícias positivas para a weg. a empresa anunciou nesta semana que foi adicionada à lista de fornecedores aprovados na petroleira britânica bp. a multinacional brasileira foi qualificada para fornecer motores de baixa tensão de última geração para a companhia europeia. a weg afirmou ainda que fabrica motores elétricos avançados de baixa […]
N0010300,2020-01-17 19:41:26,2020-01-17T22:41:26,2020-01-20,CAT3_Geopolitica,MoneyTimes,WP_MoneyTimes,"Soja do Brasil pode competir por demanda da China apesar de acordo, diz associação","O acordo comercial de Fase 1 entre Estados Unidos e China assinado nesta semana pode não ser tão negativo para exportações de soja do Brasil, diante de afirmativa dos chineses de que um prometido aumento em compras de produtos norte-americanos seguirá “condições de mercado”, disse à Reuters o dirigente de uma associação de exportadores. Os […]",https://www.moneytimes.com.br/soja-do-brasil-pode-competir-por-demanda-da-china-apesar-de-acordo-diz-associacao/,pt,"soja do brasil pode competir por demanda da china apesar de acordo, diz associação || o acordo comercial de fase 1 entre estados unidos e china assinado nesta semana pode não ser tão negativo para exportações de soja do brasil, diante de afirmativa dos chineses de que um prometido aumento em compras de produtos norte-americanos seguirá “condições de mercado”, disse à reuters o dirigente de uma associação de exportadores. os […]"
N0010309,2020-01-18 21:04:08,2020-01-19T00:04:08,2020-01-20,CAT2_Mercado_Petroleo,MoneyTimes,WP_MoneyTimes,"Mais 11 lotes de cerveja Backer estão contaminados, informa Ministério da Agricultura","O Ministério da Agricultura, Pecuária e Abastecimento (Mapa) divulgou no início da noite deste sábado (18), os resultados de análises que detectaram a presença do contaminante dietilenoglicol em mais 11 lotes de cervejas Backer. Até o momento, dez produtos da Cervejaria Backer testaram positivo para as substâncias tóxicas: Belorizontina, Capixaba, Capitão Senra, Pele Vermelha, Fargo […]",https://www.moneytimes.com.br/mais-11-lotes-de-cerveja-backer-estao-contaminados-informa-ministerio-da-agricultura/,pt,"mais 11 lotes de cerveja backer estão contaminados, informa ministério da agricultura || o ministério da agricultura, pecuária e abastecimento (mapa) divulgou no início da noite deste sábado (18), os resultados de análises que detectaram a presença do contaminante dietilenoglicol em mais 11 lotes de cervejas backer. até o momento, dez produtos da cervejaria backer testaram positivo para as substâncias tóxicas: belorizontina, capixaba, capitão senra, pele vermelha, fargo […]"
N0010394,2020-01-23 18:09:46,2020-01-23T21:09:46,2020-01-24,CAT7_Macro_Energia,MoneyTimes,WP_MoneyTimes,"Dólar fecha em queda e volta à casa de R$ 4,16 em dia positivo para ativos brasileiros","O dólar fechou em queda nesta quinta-feira, com o real registrando o melhor desempenho global na sessão numa tarde de recuperação para ativos brasileiros em geral. As operações domésticas desafiaram o viés de alta do dólar no exterior, onde a moeda se fortalecia ainda por preocupações sobre o surto de um vírus na China. Operadores […]",https://www.moneytimes.com.br/dolar-fecha-em-queda-e-volta-a-casa-de-r-416-com-atencao-a-politica-monetaria/,pt,"dólar fecha em queda e volta à casa de r$ 4,16 em dia positivo para ativos brasileiros || o dólar fechou em queda nesta quinta-feira, com o real registrando o melhor desempenho global na sessão numa tarde de recuperação para ativos brasileiros em geral. as operações domésticas desafiaram o viés de alta do dólar no exterior, onde a moeda se fortalecia ainda por preocupações sobre o surto de um vírus na china. operadores […]"
N0010385,2020-01-23 17:29:49,2020-01-23T20:29:49,2020-01-24,CAT7_Macro_Energia,Exame,WP_Exame,"Dólar cai e volta à casa de R$ 4,16 em dia bom para ativos brasileiros","A moeda fechou o pregão desta quinta-feira (23) com uma queda de 0,22%",https://exame.com/invest/mercados/dolar-fecha-em-queda-com-exterior-favoravel-e-atencao-a-politica-monetaria/,pt,"dólar cai e volta à casa de r$ 4,16 em dia bom para ativos brasileiros || a moeda fechou o pregão desta quinta-feira (23) com uma queda de 0,22%"
N0010436,2020-01-27 17:20:54,2020-01-27T20:20:54,2020-01-28,CAT7_Macro_Energia,MoneyTimes,WP_MoneyTimes,"Dólar fecha a R$ 4,21 com temores sobre coronavírus","O dólar fechou no maior patamar em oito semanas contra o real nesta segunda-feira, chegando a superar 4,23 reais na máxima da sessão, impulsionado por demanda por segurança num dia bastante negativo para ativos de risco no mundo diante de temores relacionados ao surto de coronavírus. O dólar à vista encerrou em alta de 0,59%, […]",https://www.moneytimes.com.br/dolar-fecha-a-r-421-com-temores-sobre-coronavirus/,pt,"dólar fecha a r$ 4,21 com temores sobre coronavírus || o dólar fechou no maior patamar em oito semanas contra o real nesta segunda-feira, chegando a superar 4,23 reais na máxima da sessão, impulsionado por demanda por segurança num dia bastante negativo para ativos de risco no mundo diante de temores relacionados ao surto de coronavírus. o dólar à vista encerrou em alta de 0,59%, […]"
N0010449,2020-01-28 17:07:40,2020-01-28T20:07:40,2020-01-29,CAT7_Macro_Energia,MoneyTimes,WP_MoneyTimes,"Turbulência global tende a ser positiva para o ouro, mostra pesquisa","Os preços do ouro vão se manter acima da marca de 1.500 dólares por onça neste ano e registrar ganhos modestos em 2021, à medida que baixas taxas de juros e incertezas globais reforçam seu apelo, enquanto as cotações da prata começarão a se recuperar, mostrou pesquisa da Reuters nesta terça-feira. O ouro é visto […]",https://www.moneytimes.com.br/turbulencia-global-tende-a-ser-positiva-para-o-ouro-mostra-pesquisa/,pt,"turbulência global tende a ser positiva para o ouro, mostra pesquisa || os preços do ouro vão se manter acima da marca de 1.500 dólares por onça neste ano e registrar ganhos modestos em 2021, à medida que baixas taxas de juros e incertezas globais reforçam seu apelo, enquanto as cotações da prata começarão a se recuperar, mostrou pesquisa da reuters nesta terça-feira. o ouro é visto […]"
N0010543,2020-02-03 19:16:34,2020-02-03T22:16:34,2020-02-04,CAT2_Mercado_Petroleo,MoneyTimes,WP_MoneyTimes,Wall Street fecha em alta com apoio de dados fabris e ações de tecnologia,"Os mercados de ações dos Estados Unidos tiveram um rali nesta segunda-feira, puxados por empresas de tecnologia com relevante peso nos índices e pela surpresa positiva com a atividade manufatureira dos EUA. O desempenho desta sessão veio após forte liquidação na semana passada, devido a preocupações com o impacto econômico do coronavírus, que está em […]",https://www.moneytimes.com.br/wall-street-fecha-em-alta-com-apoio-de-dados-fabris-e-acoes-de-tecnologia/,pt,"wall street fecha em alta com apoio de dados fabris e ações de tecnologia || os mercados de ações dos estados unidos tiveram um rali nesta segunda-feira, puxados por empresas de tecnologia com relevante peso nos índices e pela surpresa positiva com a atividade manufatureira dos eua. o desempenho desta sessão veio após forte liquidação na semana passada, devido a preocupações com o impacto econômico do coronavírus, que está em […]"
N0010695,2020-02-12 20:31:58,2020-02-12T23:31:58,2020-02-13,CAT7_Macro_Energia,Exame,WP_Exame,"Guedes elogia dólar alto: ""empregada doméstica estava indo à Disney""","Após a moeda norte-americana bater o quarto recorde consecutivo em relação ao real, ministro disse que a valorização é algo “bom para todo mundo”",https://exame.com/economia/guedes-critica-dolar-baixo-empregada-domestica-estava-indo-a-disney/,pt,"guedes elogia dólar alto: ""empregada doméstica estava indo à disney"" || após a moeda norte-americana bater o quarto recorde consecutivo em relação ao real, ministro disse que a valorização é algo “bom para todo mundo”"
N0010794,2020-02-19 17:53:22,2020-02-19T20:53:22,2020-02-20,CAT1_Empresa,MoneyTimes,WP_MoneyTimes,"Ação da Petrobras está com um bom ponto de entrada, indica Banco Safra","As ações da Petrobras (PETR3;PETR4) estão com um bom ponto de entrada, avalia o Banco Safra em um relatório enviado a clientes. Os analistas Kaique Vasconcellos e Daniel Travitzky elevaram o preço-alvo para os papéis da estatal e reforçaram a recomendação de compra. A estimativa para os papéis ordinários PETR3 passou de R$ 36,30 para […]",https://www.moneytimes.com.br/acao-da-petrobras-esta-com-um-bom-ponto-de-entrada-indica-banco-safra/,pt,"ação da petrobras está com um bom ponto de entrada, indica banco safra || as ações da petrobras (petr3;petr4) estão com um bom ponto de entrada, avalia o banco safra em um relatório enviado a clientes. os analistas kaique vasconcellos e daniel travitzky elevaram o preço-alvo para os papéis da estatal e reforçaram a recomendação de compra. a estimativa para os papéis ordinários petr3 passou de r$ 36,30 para […]"
N0011288,2020-03-18 19:30:25,2020-03-18T22:30:25,2020-03-19,CAT6_Governanca,Petronoticias,WP_Petronoticias,PRESIDENTE DO SENADO TAMBÉM TESTA POSITIVO PARA O COVID-19,"Em uma quarta-feira daquelas, o dia vai chegando ao fim com a notícia de que o presidente do Senado, Davi Alcolumbre (foto), também testou positivo para o coronavírus. No primeiro exame, o resultado deu negativo, mas a contraprova constatou a infecção pela doença. Felizmente, o presidente da Casa está bem, sem sintomas severos. Contudo, ele […]",https://petronoticias.com.br/presidente-do-senado-tambem-testa-positivo-para-o-covid-19/,pt,"presidente do senado também testa positivo para o covid-19 || em uma quarta-feira daquelas, o dia vai chegando ao fim com a notícia de que o presidente do senado, davi alcolumbre (foto), também testou positivo para o coronavírus. no primeiro exame, o resultado deu negativo, mas a contraprova constatou a infecção pela doença. felizmente, o presidente da casa está bem, sem sintomas severos. contudo, ele […]"
N0011281,2020-03-18 18:30:07,2020-03-18T21:30:07,2020-03-19,CAT1_Empresa,MoneyTimes,WP_MoneyTimes,"Ação da Petrobras ainda está atraente, avalia Itaú BBA","As ações da Petrobras (PETR4) ainda estão atraentes, a despeito das projeções pessimistas para os preços do petróleo, avalia o Itaú BBA em um relatório enviado a clientes nesta quarta-feira (18). O analista André Hachem cortou o preço-alvo de R$ 40 para R$ 29, mas manteve a recomendação outperform (desempenho acima da média do mercado). […]",https://www.moneytimes.com.br/acao-da-petrobras-ainda-esta-atraente-avalia-itau-bba/,pt,"ação da petrobras ainda está atraente, avalia itaú bba || as ações da petrobras (petr4) ainda estão atraentes, a despeito das projeções pessimistas para os preços do petróleo, avalia o itaú bba em um relatório enviado a clientes nesta quarta-feira (18). o analista andré hachem cortou o preço-alvo de r$ 40 para r$ 29, mas manteve a recomendação outperform (desempenho acima da média do mercado). […]"
N0011539,2020-04-01 17:27:27,2020-04-01T20:27:27,2020-04-02,CAT7_Macro_Energia,MoneyTimes,WP_MoneyTimes,"Dólar fecha a R$ 5,26, começa abril em novo recorde e dispara 31% em 2020","O dólar começou o segundo trimestre da mesma forma que terminou o primeiro –em forte alta– e bateu novos recordes históricos nominais ante o real nesta quarta-feira, amparado pela busca por refúgio num 1º de abril bastante negativo para as praças financeiras globais ainda por incertezas sobre o coronavírus. O dólar à vista fechou com […]",https://www.moneytimes.com.br/dolar-fecha-a-r-526-comeca-abril-em-novo-recorde-e-dispara-31-em-2020/,pt,"dólar fecha a r$ 5,26, começa abril em novo recorde e dispara 31% em 2020 || o dólar começou o segundo trimestre da mesma forma que terminou o primeiro –em forte alta– e bateu novos recordes históricos nominais ante o real nesta quarta-feira, amparado pela busca por refúgio num 1º de abril bastante negativo para as praças financeiras globais ainda por incertezas sobre o coronavírus. o dólar à vista fechou com […]"
N0011602,2020-04-03 17:43:56,2020-04-03T20:43:56,2020-04-06,CAT1_Empresa,MoneyTimes,WP_MoneyTimes,Exclusivo: 28 analistas te dizem a melhor carteira para abril; veja agora,"Levantamento do Money Times com 28 carteiras fundamentalistas de ações recomendadas para abril mostra a disparada de quatro papéis. Embora a Petrobras (PETR4) siga como a mais indicada, com 16 menções, o destaque fica com a Vale (VALE3), que pulou de 9 para 16 menções; Banco do Brasil (BBAS3), de 8 para 13; Magazine Luiza […]",https://www.moneytimes.com.br/exclusivo-28-analistas-te-dizem-a-melhor-carteira-para-abril-veja-agora/,pt,"exclusivo: 28 analistas te dizem a melhor carteira para abril; veja agora || levantamento do money times com 28 carteiras fundamentalistas de ações recomendadas para abril mostra a disparada de quatro papéis. embora a petrobras (petr4) siga como a mais indicada, com 16 menções, o destaque fica com a vale (vale3), que pulou de 9 para 16 menções; banco do brasil (bbas3), de 8 para 13; magazine luiza […]"
N0011672,2020-04-07 18:04:41,2020-04-07T21:04:41,2020-04-08,CAT1_Empresa,MoneyTimes,WP_MoneyTimes,Petrobras: S&P rebaixa perspectiva de nota de crédito para estável diante de pandemia,"A Standard and Poor’s rebaixou a perspectiva de nota de crédito da Petrobras (PETR3; PETR4) de positiva para estável, informou a companhia por meio de comunicado enviado ao mercado nesta terça-feira (7). A agência classificadora de risco manteve o nível de risco (rating) da dívida corporativa da companhia em “BB-“. Na última segunda-feira (6), a agência […]",https://www.moneytimes.com.br/petrobras-sp-rebaixa-perspectiva-de-nota-de-credito-para-estavel-diante-de-pandemia/,pt,"petrobras: s&p rebaixa perspectiva de nota de crédito para estável diante de pandemia || a standard and poor’s rebaixou a perspectiva de nota de crédito da petrobras (petr3; petr4) de positiva para estável, informou a companhia por meio de comunicado enviado ao mercado nesta terça-feira (7). a agência classificadora de risco manteve o nível de risco (rating) da dívida corporativa da companhia em “bb-“. na última segunda-feira (6), a agência […]"
N0011691,2020-04-08 17:50:05,2020-04-08T20:50:05,2020-04-09,CAT7_Macro_Energia,MoneyTimes,WP_MoneyTimes,Cielo fecha em alta de 22% após UBS ver ação “protegida” do coronavírus,"Analistas do UBS reduziram estimativas para o setor e cortaram o preço-alvo das empresas para incorporar os impactos negativos da pandemia do coronavírus da Cielo (CIEL3), maior empresa de meios de pagamentos do Brasil. Com isso, nesta quinta-feira (8) as ações da companhia fecharam em alta de 22,14%, a R$ 5,02, na terceira sessão de […]",https://www.moneytimes.com.br/cielo-dispara-20-apos-ubs-ver-acao-protegida-do-coronavirus/,pt,"cielo fecha em alta de 22% após ubs ver ação “protegida” do coronavírus || analistas do ubs reduziram estimativas para o setor e cortaram o preço-alvo das empresas para incorporar os impactos negativos da pandemia do coronavírus da cielo (ciel3), maior empresa de meios de pagamentos do brasil. com isso, nesta quinta-feira (8) as ações da companhia fecharam em alta de 22,14%, a r$ 5,02, na terceira sessão de […]"
N0011711,2020-04-09 17:15:03,2020-04-09T20:15:03,2020-04-13,CAT1_Empresa,MoneyTimes,WP_MoneyTimes,Plataforma da SBM no Brasil tem número “significativo” de infectados por Covid-19,"Um “número significativo de tripulantes” a bordo de plataforma de petróleo e gás do tipo FPSO da gigante de afretamento SBM Offshore testou positivo para Covid-19, informou a companhia em um posicionamento nesta quinta-feira. A empresa afirmou que os trabalhadores estão recebendo atenção médica e sendo monitorados de perto e que “mantém contato próximo com […]",https://www.moneytimes.com.br/plataforma-da-sbm-no-brasil-tem-numero-significativo-de-infectados-por-covid-19/,pt,"plataforma da sbm no brasil tem número “significativo” de infectados por covid-19 || um “número significativo de tripulantes” a bordo de plataforma de petróleo e gás do tipo fpso da gigante de afretamento sbm offshore testou positivo para covid-19, informou a companhia em um posicionamento nesta quinta-feira. a empresa afirmou que os trabalhadores estão recebendo atenção médica e sendo monitorados de perto e que “mantém contato próximo com […]"
N0011801,2020-04-14 23:09:59,2020-04-15T02:09:59,2020-04-15,CAT6_Governanca,Exame,WP_Exame,"Boris, Witzel, Alcolumbre, Heleno: a lista de políticos com coronavírus","Até o herdeiro do trono britânico, o príncipe Charles, testou positivo para a doença",https://exame.com/mundo/boris-witzel-alcolumbre-heleno-a-lista-de-politicos-com-coronavirus/,pt,"boris, witzel, alcolumbre, heleno: a lista de políticos com coronavírus || até o herdeiro do trono britânico, o príncipe charles, testou positivo para a doença"
N0011906,2020-04-20 19:56:02,2020-04-20T22:56:02,2020-04-22,CAT2_Mercado_Petroleo,MoneyTimes,WP_MoneyTimes,Cteep: ajuste de taxa regulatória tem impacto positivo de R$ 80 mi em receita anual de 2018 e 2019,"A Cteep (TRPL4) obteve um impacto positivo de R$ 80 milhões na sua Receita Anual Permitida (RAP) de 2018 e 2019 após a Annel (Agência Nacional de Energia Elétrica) ajustar a Taxa Regulatória de Remuneração do Capital (WACC) para o setor de transmissão de energia para 7,71% em 2018, 7,40% em 2019 e 6,96% em 2020. Em […]",https://www.moneytimes.com.br/cteep-ajuste-de-taxa-regulatoria-tem-impacto-positivo-de-r-80-mi-em-receita-anual-de-2018-e-2019/,pt,"cteep: ajuste de taxa regulatória tem impacto positivo de r$ 80 mi em receita anual de 2018 e 2019 || a cteep (trpl4) obteve um impacto positivo de r$ 80 milhões na sua receita anual permitida (rap) de 2018 e 2019 após a annel (agência nacional de energia elétrica) ajustar a taxa regulatória de remuneração do capital (wacc) para o setor de transmissão de energia para 7,71% em 2018, 7,40% em 2019 e 6,96% em 2020. em […]"
N0011891,2020-04-20 17:23:41,2020-04-20T20:23:41,2020-04-22,CAT2_Mercado_Petroleo,Exame,WP_Exame,"Dólar sobe 1,4% e fecha a R$ 5,30, segunda maior cotação da história","Preço do petróleo, que atingiu mínimas históricas, teve impacto negativo no mercado financeiro e afetou desempenho da moeda",https://exame.com/invest/mercados/dolar-fecha-a-r-530-segunda-maior-cotacao-da-historia/,pt,"dólar sobe 1,4% e fecha a r$ 5,30, segunda maior cotação da história || preço do petróleo, que atingiu mínimas históricas, teve impacto negativo no mercado financeiro e afetou desempenho da moeda"
N0011938,2020-04-22 19:00:43,2020-04-22T22:00:43,2020-04-23,CAT1_Empresa,InfoMoney,WP_InfoMoney,"Crise no petróleo pressiona Petrobras, mas empresa está bem preparada para enfrentar queda do preço, dizem analistas","Bradesco BBI diz que estatal “tem um mercado interno mais forte para distribuir sua produção”, enquanto UBS manteve recomendação de compra",https://www.infomoney.com.br/mercados/crise-no-petroleo-pressiona-petrobras-mas-empresa-esta-bem-preparada-para-superar-queda-do-preco-dizem-analistas/,pt,"crise no petróleo pressiona petrobras, mas empresa está bem preparada para enfrentar queda do preço, dizem analistas || bradesco bbi diz que estatal “tem um mercado interno mais forte para distribuir sua produção”, enquanto ubs manteve recomendação de compra"
N0012036,2020-04-28 17:22:56,2020-04-28T20:22:56,2020-04-29,CAT7_Macro_Energia,MoneyTimes,WP_MoneyTimes,"Dólar fecha a R$ 5,51 e tem maior queda em quase 2 anos com realização de lucros","O dólar sofreu nesta terça-feira a mais forte queda em quase dois anos, com o real na dianteira dos ganhos nos mercados globais de câmbio, diante de um dia mais positivo para moedas de risco e com operadores realizando lucros após os recentes recordes do dólar. O dólar à vista fechou em queda de 2,59%, […]",https://www.moneytimes.com.br/dolar-fecha-a-r-551-e-tem-maior-queda-em-quase-2-anos-com-realizacao-de-lucros/,pt,"dólar fecha a r$ 5,51 e tem maior queda em quase 2 anos com realização de lucros || o dólar sofreu nesta terça-feira a mais forte queda em quase dois anos, com o real na dianteira dos ganhos nos mercados globais de câmbio, diante de um dia mais positivo para moedas de risco e com operadores realizando lucros após os recentes recordes do dólar. o dólar à vista fechou em queda de 2,59%, […]"
N0012164,2020-05-06 17:47:48,2020-05-06T20:47:48,2020-05-07,CAT6_Governanca,MoneyTimes,WP_MoneyTimes,Porta-voz da Presidência tem diagnóstico positivo para covid-19,"O porta-voz da Presidência da República, Otávio Rêgo Barros, teve diagnóstico positivo para covid-19, doença causada pelo novo coronavírus. A informação foi confirmada pela sua assessoria. O teste foi realizado na última segunda-feira (4) e o resultado saiu ontem (5). Barros está afastado de suas atividades no Palácio do Planalto e permanecerá isolado em casa […]",https://www.moneytimes.com.br/porta-voz-da-presidencia-tem-diagnostico-positivo-para-covid-19/,pt,"porta-voz da presidência tem diagnóstico positivo para covid-19 || o porta-voz da presidência da república, otávio rêgo barros, teve diagnóstico positivo para covid-19, doença causada pelo novo coronavírus. a informação foi confirmada pela sua assessoria. o teste foi realizado na última segunda-feira (4) e o resultado saiu ontem (5). barros está afastado de suas atividades no palácio do planalto e permanecerá isolado em casa […]"
N0012366,2020-05-18 17:18:01,2020-05-18T20:18:01,2020-05-19,CAT2_Mercado_Petroleo,MoneyTimes,WP_MoneyTimes,"Dólar cai 2% e fecha a R$ 5,72 com resultado positivo para vacina do coronavírus","O dólar caiu 2,00% ante o real nesta segunda-feira, maior queda desde o fim de abril, em dia de maior apetite por risco nos mercados globais por esperanças sobre uma vacina contra o Covid-19 e após notícias de maior consenso entre autoridades das duas maiores economias da União Europeia (UE) para combater a crise do […]",https://www.moneytimes.com.br/dolar-cai-2-e-fecha-a-r-572-com-exterior-positivo/,pt,"dólar cai 2% e fecha a r$ 5,72 com resultado positivo para vacina do coronavírus || o dólar caiu 2,00% ante o real nesta segunda-feira, maior queda desde o fim de abril, em dia de maior apetite por risco nos mercados globais por esperanças sobre uma vacina contra o covid-19 e após notícias de maior consenso entre autoridades das duas maiores economias da união europeia (ue) para combater a crise do […]"
N0012371,2020-05-18 17:41:17,2020-05-18T20:41:17,2020-05-19,CAT2_Mercado_Petroleo,MoneyTimes,WP_MoneyTimes,Preços do petróleo saltam com alívio de lockdown e resultado positivo para vacina,"Os preços do petróleo saltaram para o maior nível em dois meses nesta segunda-feira, diante de resultados positivos em testes iniciais para uma vacina contra o coronavírus, do otimismo quanto à retomada da atividade econômica e de sinais de que produtores estão cumprindo os cortes de produção prometidos. Os contratos futuros do petróleo Brent para […]",https://www.moneytimes.com.br/precos-do-petroleo-saltam-com-alivio-de-lockdown-e-resultado-positivo-para-vacina/,pt,"preços do petróleo saltam com alívio de lockdown e resultado positivo para vacina || os preços do petróleo saltaram para o maior nível em dois meses nesta segunda-feira, diante de resultados positivos em testes iniciais para uma vacina contra o coronavírus, do otimismo quanto à retomada da atividade econômica e de sinais de que produtores estão cumprindo os cortes de produção prometidos. os contratos futuros do petróleo brent para […]"
N0012596,2020-06-01 17:20:34,2020-06-01T20:20:34,2020-06-02,CAT1_Empresa,MoneyTimes,WP_MoneyTimes,Ibovespa flerta com 89 mil pontos com expectativas de retomada de economias,"O Ibovespa (IBOV) fechou em alta nesta segunda-feira, com papéis de bancos entre as maiores contribuições para a alta, diante de perspectivas positivas para a reabertura de economias, após as restrições adotadas em razão da pandemia de Covid-19. Índice de referência do mercado acionário brasileiro, o Ibovespa subiu 1,39%, a 88.620,10 pontos, tendo superado os […]",https://www.moneytimes.com.br/ibovespa-fecha-em-alta-com-expectativas-sobre-retomada-de-economias/,pt,"ibovespa flerta com 89 mil pontos com expectativas de retomada de economias || o ibovespa (ibov) fechou em alta nesta segunda-feira, com papéis de bancos entre as maiores contribuições para a alta, diante de perspectivas positivas para a reabertura de economias, após as restrições adotadas em razão da pandemia de covid-19. índice de referência do mercado acionário brasileiro, o ibovespa subiu 1,39%, a 88.620,10 pontos, tendo superado os […]"
N0012665,2020-06-04 19:56:43,2020-06-04T22:56:43,2020-06-05,CAT1_Empresa,MoneyTimes,WP_MoneyTimes,Guide: reajuste do preço do GLP é positivo para a Petrobras,"A Guide Investimentos avaliou, nesta quinta-feira (4), que o reajuste de 5% no preço médio do gás liquefeito de petróleo (GLP) é positivo para a Petrobras (PETR4). O reajuste, que teve início hoje, fará com que o valor seja equivalente a R$ 24,08 por botijão de 13 quilos (kg). No acumulado do ano, a redução […]",https://www.moneytimes.com.br/guide-reajuste-do-preco-do-glp-e-positivo-para-a-petrobras/,pt,"guide: reajuste do preço do glp é positivo para a petrobras || a guide investimentos avaliou, nesta quinta-feira (4), que o reajuste de 5% no preço médio do gás liquefeito de petróleo (glp) é positivo para a petrobras (petr4). o reajuste, que teve início hoje, fará com que o valor seja equivalente a r$ 24,08 por botijão de 13 quilos (kg). no acumulado do ano, a redução […]"
N0013016,2020-07-01 17:10:38,2020-07-01T20:10:38,2020-07-02,CAT3_Geopolitica,MoneyTimes,WP_MoneyTimes,"Dólar cai 2,2% e fecha a R$ 5,31 com esperanças sobre recuperação econômica","O dólar começou o segundo semestre em firme queda ante o real, de mais de 2%, num dia de fraqueza da moeda norte-americana no exterior em meio a uma sessão positiva para ativos de risco diante de sinais de retomada da atividade econômica e de esperanças sobre vacinas contra o coronavírus. O dólar interbancário caiu […]",https://www.moneytimes.com.br/dolar-cai-22-e-fecha-r-531-com-esperancas-sobre-recuperacao-economica/,pt,"dólar cai 2,2% e fecha a r$ 5,31 com esperanças sobre recuperação econômica || o dólar começou o segundo semestre em firme queda ante o real, de mais de 2%, num dia de fraqueza da moeda norte-americana no exterior em meio a uma sessão positiva para ativos de risco diante de sinais de retomada da atividade econômica e de esperanças sobre vacinas contra o coronavírus. o dólar interbancário caiu […]"
N0013109,2020-07-08 17:12:54,2020-07-08T20:12:54,2020-07-09,CAT7_Macro_Energia,MoneyTimes,WP_MoneyTimes,"Dólar cai e fecha a R$ 5,34 com exterior positivo e dados locais melhores","O dólar fechou em queda ante o real nesta quarta-feira, com a moeda estabilizando o movimento de baixa na parte da tarde em meio a um dia positivo para ativos de risco no exterior e a dados acima do esperado no Brasil, depois de uma manhã de intenso vaivém nos preços. O dólar à vista […]",https://www.moneytimes.com.br/dolar-cai-e-fecha-a-r-534-com-exterior-positivo-e-dados-locais-melhores/,pt,"dólar cai e fecha a r$ 5,34 com exterior positivo e dados locais melhores || o dólar fechou em queda ante o real nesta quarta-feira, com a moeda estabilizando o movimento de baixa na parte da tarde em meio a um dia positivo para ativos de risco no exterior e a dados acima do esperado no brasil, depois de uma manhã de intenso vaivém nos preços. o dólar à vista […]"
N0013132,2020-07-09 17:09:05,2020-07-09T20:09:05,2020-07-10,CAT1_Empresa,MoneyTimes,WP_MoneyTimes,"Ibovespa não segura 100 mil pontos e fecha em queda de 0,6%","O Ibovespa (IBOV) fechou em queda nesta quinta-feira, sem conseguir sustentar o patamar dos 100 mil pontos reconquistado momentaneamente no começo do pregão, dada a ausência de catalisadores e o viés externo negativo para ativos de risco. Índice de referência do mercado acionário brasileiro, o Ibovespa caiu 0,61%, a 99.160,33 pontos. Na máxima, chegou a […]",https://www.moneytimes.com.br/ibovespa-nao-segura-100-mil-pontos-e-fecha-em-queda-com-exterior-desfavoravel/,pt,"ibovespa não segura 100 mil pontos e fecha em queda de 0,6% || o ibovespa (ibov) fechou em queda nesta quinta-feira, sem conseguir sustentar o patamar dos 100 mil pontos reconquistado momentaneamente no começo do pregão, dada a ausência de catalisadores e o viés externo negativo para ativos de risco. índice de referência do mercado acionário brasileiro, o ibovespa caiu 0,61%, a 99.160,33 pontos. na máxima, chegou a […]"
N0013302,2020-07-20 17:41:38,2020-07-20T20:41:38,2020-07-21,CAT7_Macro_Energia,MoneyTimes,WP_MoneyTimes,"Via Varejo fecha em alta de 7,3% e renova máxima histórica com expectativa do 2º tri","As ações da Via Varejo (VVAR3) figuravam entre as maiores altas do Ibovespa (IBOV) nesta tarde, tendo renovado cotação máxima histórica no melhor momento, a 21,28 reais, em sessão bastante positiva para papéis ligados ao comércio eletrônico na B3 (B3SA3). As ações da Via Varejo fecharam em alta de 7,35%, a R$ 21,17, enquanto Magazine […]",https://www.moneytimes.com.br/via-varejo-renova-maxima-historica-com-expectativas-sobre-desempenho-no-2o-trimestre/,pt,"via varejo fecha em alta de 7,3% e renova máxima histórica com expectativa do 2º tri || as ações da via varejo (vvar3) figuravam entre as maiores altas do ibovespa (ibov) nesta tarde, tendo renovado cotação máxima histórica no melhor momento, a 21,28 reais, em sessão bastante positiva para papéis ligados ao comércio eletrônico na b3 (b3sa3). as ações da via varejo fecharam em alta de 7,35%, a r$ 21,17, enquanto magazine […]"
N0013561,2020-08-04 18:24:03,2020-08-04T21:24:03,2020-08-05,CAT6_Governanca,Exame,WP_Exame,Ministro da Secretaria-Geral é o oitavo a testar positivo para covid-19,"Jorge Oliveira disse que apresentou sintomas leves e que fará isolamento social. Na segunda-feira, o ministro Braga Netto também disse que está com a doença",https://exame.com/brasil/ministro-da-secretaria-geral-e-o-oitavo-a-testar-positivo-para-a-covid-19/,pt,"ministro da secretaria-geral é o oitavo a testar positivo para covid-19 || jorge oliveira disse que apresentou sintomas leves e que fará isolamento social. na segunda-feira, o ministro braga netto também disse que está com a doença"
N0013562,2020-08-04 18:28:18,2020-08-04T21:28:18,2020-08-05,CAT6_Governanca,MoneyTimes,WP_MoneyTimes,Presidência da República registra 178 casos de covid entre servidores,"A Secretaria-Geral da Presidência da República atualizou para 178 o número de servidores da Presidência que tiveram resultado positivo para a covid-19. Desse total, 31 estão em tratamento e 147 foram curados. Não houve registro de óbito até o momento.  O balanço foi divulgado nesta terça-feira (4) e se refere a dados atualizados até o […]",https://www.moneytimes.com.br/presidencia-da-republica-registra-178-casos-de-covid-entre-servidores/,pt,"presidência da república registra 178 casos de covid entre servidores || a secretaria-geral da presidência da república atualizou para 178 o número de servidores da presidência que tiveram resultado positivo para a covid-19. desse total, 31 estão em tratamento e 147 foram curados. não houve registro de óbito até o momento.  o balanço foi divulgado nesta terça-feira (4) e se refere a dados atualizados até o […]"
N0013602,2020-08-06 17:08:26,2020-08-06T20:08:26,2020-08-07,CAT3_Geopolitica,MoneyTimes,WP_MoneyTimes,"Dólar termina pregão em alta e fecha a R$ 5,34 com corte de juros e incerteza fiscal","O dólar fechou em firme alta nesta quinta-feira, com o real amargando o segundo pior desempenho entre as principais moedas um dia após o Banco Central não descartar espaço para novo corte de juros, mas alertar sobre riscos de ordem fiscal. O câmbio doméstico foi influenciado ainda por um dia negativo para moedas emergentes em […]",https://www.moneytimes.com.br/dolar-termina-pregao-em-alta-e-fecha-a-r-534-com-corte-de-juros-e-incerteza-fiscal/,pt,"dólar termina pregão em alta e fecha a r$ 5,34 com corte de juros e incerteza fiscal || o dólar fechou em firme alta nesta quinta-feira, com o real amargando o segundo pior desempenho entre as principais moedas um dia após o banco central não descartar espaço para novo corte de juros, mas alertar sobre riscos de ordem fiscal. o câmbio doméstico foi influenciado ainda por um dia negativo para moedas emergentes em […]"
N0013803,2020-08-18 18:58:20,2020-08-18T21:58:20,2020-08-19,CAT7_Macro_Energia,MoneyTimes,WP_MoneyTimes,Rali da Suzano ainda tem fôlego para mais 19% de alta para ação,"A Mirae vê os papéis da Suzano (SUZB3) com fôlego para crescer 19% até o final de 2020, mostra relatório enviado a clientes nesta terça-feira (18). A corretora manteve a recomendação de compra, com preço-alvo de R$ 60, após a empresa reportar um prejuízo de R$ 2 bilhões no segundo trimestre. “A Suzano divulgou sólido […]",https://www.moneytimes.com.br/rali-da-suzano-ainda-tem-folego-para-mais-19-de-alta-para-acao/,pt,"rali da suzano ainda tem fôlego para mais 19% de alta para ação || a mirae vê os papéis da suzano (suzb3) com fôlego para crescer 19% até o final de 2020, mostra relatório enviado a clientes nesta terça-feira (18). a corretora manteve a recomendação de compra, com preço-alvo de r$ 60, após a empresa reportar um prejuízo de r$ 2 bilhões no segundo trimestre. “a suzano divulgou sólido […]"
N0014022,2020-08-31 18:51:15,2020-08-31T21:51:15,2020-09-01,CAT2_Mercado_Petroleo,MoneyTimes,WP_MoneyTimes,"Ação da Energias do Brasil tem potencial para subir 19,8%, diz BTG Pactual","A Energias do Brasil (ENBR3), controlada pelo grupo português EDP, entregou um resultado em linha com o esperado pela equipe de análise do BTG Pactual, mostra relatório enviado a clientes nesta segunda-feira (31). O banco reafirmou a recomendação de compra, com preço-alvo de R$ 21 até o final do ano, elevação de 19,8% em relação […]",https://www.moneytimes.com.br/acao-da-energias-do-brasil-tem-potencial-para-subir-198-diz-btg-pactual/,pt,"ação da energias do brasil tem potencial para subir 19,8%, diz btg pactual || a energias do brasil (enbr3), controlada pelo grupo português edp, entregou um resultado em linha com o esperado pela equipe de análise do btg pactual, mostra relatório enviado a clientes nesta segunda-feira (31). o banco reafirmou a recomendação de compra, com preço-alvo de r$ 21 até o final do ano, elevação de 19,8% em relação […]"
N0014261,2020-09-16 17:19:10,2020-09-16T20:19:10,2020-09-17,CAT1_Empresa,InfoMoney,WP_InfoMoney,Ibovespa perde novamente os 100 mil pontos com Vale e após mais um dia negativo para “big techs”; dólar cai com Fed,Mercado termina sessão em baixa em meio a nova onda de vendas sobre empresas de alta tecnologia dos EUA,https://www.infomoney.com.br/mercados/ibovespa-perde-novamente-os-100-mil-pontos-com-vale-e-apos-mais-um-dia-negativo-para-big-techs-dolar-cai-com-fed/,pt,ibovespa perde novamente os 100 mil pontos com vale e após mais um dia negativo para “big techs”; dólar cai com fed || mercado termina sessão em baixa em meio a nova onda de vendas sobre empresas de alta tecnologia dos eua
N0014260,2020-09-16 17:11:14,2020-09-16T20:11:14,2020-09-17,CAT7_Macro_Energia,MoneyTimes,WP_MoneyTimes,Dólar fecha na mínima desde julho em dia de Fed e à espera de Copom,"O dólar fechou em queda ante o real nesta quarta-feira e renovou mínima desde o fim de julho, com as operações domésticas replicando dia positivo para moedas emergentes em geral, enquanto investidores analisaram decisão de política monetária nos Estados Unidos e ainda aguardam parecer sobre os juros no Brasil mais tarde. O dólar à vista […]",https://www.moneytimes.com.br/dolar-fecha-na-minima-desde-julho-em-dia-de-fed-e-a-espera-de-copom/,pt,"dólar fecha na mínima desde julho em dia de fed e à espera de copom || o dólar fechou em queda ante o real nesta quarta-feira e renovou mínima desde o fim de julho, com as operações domésticas replicando dia positivo para moedas emergentes em geral, enquanto investidores analisaram decisão de política monetária nos estados unidos e ainda aguardam parecer sobre os juros no brasil mais tarde. o dólar à vista […]"
N0014336,2020-09-21 18:24:13,2020-09-21T21:24:13,2020-09-22,CAT7_Macro_Energia,MoneyTimes,WP_MoneyTimes,"Siderurgia: expectativas dos resultados do 3º trimestre são muito positivas para CSN e Usiminas, diz Planner","A Planner está confiante com o setor de siderurgia, mostra relatório enviado a clientes. Para o analista Luiz Francisco Caetano, que assina o documento, os volumes vendidos de aço estão retornando aos níveis pré-pandemia, com os preços da commodity registrando altas desde junho. Dessa forma, a corretora elevou o preço-alvo da CSN (CSNA3) para R$ […]",https://www.moneytimes.com.br/siderurgia-expectativas-dos-resultados-do-3o-trimestre-sao-muito-positivas-para-csn-e-usiminas-diz-planner/,pt,"siderurgia: expectativas dos resultados do 3º trimestre são muito positivas para csn e usiminas, diz planner || a planner está confiante com o setor de siderurgia, mostra relatório enviado a clientes. para o analista luiz francisco caetano, que assina o documento, os volumes vendidos de aço estão retornando aos níveis pré-pandemia, com os preços da commodity registrando altas desde junho. dessa forma, a corretora elevou o preço-alvo da csn (csna3) para r$ […]"
N0014347,2020-09-22 17:08:19,2020-09-22T20:08:19,2020-09-23,CAT1_Empresa,MoneyTimes,WP_MoneyTimes,Ibovespa fecha em alta com exterior após sessão instável,"O Ibovespa subiu nesta terça-feira, encontrando respaldo em Wall Street, mas com volume abaixo da média diária no ano, em dia sem novidades relevantes positivas para fundamentar ganhos maiores. Índice de referência do mercado acionário brasileiro, o Ibovespa teve acréscimo de 0,31%, a 97.293,54 pontos, tendo alcançado 97.684,16 pontos na máxima da sessão e 96.390,28 […]",https://www.moneytimes.com.br/ibovespa-fecha-em-alta-com-exterior-apos-sessao-instavel/,pt,"ibovespa fecha em alta com exterior após sessão instável || o ibovespa subiu nesta terça-feira, encontrando respaldo em wall street, mas com volume abaixo da média diária no ano, em dia sem novidades relevantes positivas para fundamentar ganhos maiores. índice de referência do mercado acionário brasileiro, o ibovespa teve acréscimo de 0,31%, a 97.293,54 pontos, tendo alcançado 97.684,16 pontos na máxima da sessão e 96.390,28 […]"
N0014463,2020-09-29 19:20:27,2020-09-29T22:20:27,2020-09-30,CAT7_Macro_Energia,MoneyTimes,WP_MoneyTimes,"O melhor ainda está por vir para a Tupy, diz BTG","A Tupy (TUPY3) tem muito a se beneficiar da retomada da economia brasileira e do câmbio favorável, afirmou o BTG Pactual (BPAC11). Os analistas do banco reforçaram a recomendação de compra da ação, com preço-alvo para os próximos 12 meses de R$ 21, após conversarem com a administração da companhia na última sexta-feira (25). Na […]",https://www.moneytimes.com.br/o-melhor-ainda-esta-por-vir-para-a-tupy-diz-btg/,pt,"o melhor ainda está por vir para a tupy, diz btg || a tupy (tupy3) tem muito a se beneficiar da retomada da economia brasileira e do câmbio favorável, afirmou o btg pactual (bpac11). os analistas do banco reforçaram a recomendação de compra da ação, com preço-alvo para os próximos 12 meses de r$ 21, após conversarem com a administração da companhia na última sexta-feira (25). na […]"
N0014457,2020-09-29 17:57:05,2020-09-29T20:57:05,2020-09-30,CAT2_Mercado_Petroleo,MoneyTimes,WP_MoneyTimes,"Resultados da Randon podem melhorar mais, afirma Planner; ação ganha novo preço-alvo","A Planner manteve a recomendação de compra e elevou o preço-alvo da ação da Randon (RAPT4) de R$ 11,80 para R$ 15,20. Os analistas estão confiantes de que a companhia, que já deu mostras de recuperação da crise causada pela pandemia de covid-19, reportará resultados ainda melhores por conta da demanda (principalmente no segmento de […]",https://www.moneytimes.com.br/resultados-da-randon-podem-melhorar-mais-afirma-planner-acao-ganha-novo-preco-alvo/,pt,"resultados da randon podem melhorar mais, afirma planner; ação ganha novo preço-alvo || a planner manteve a recomendação de compra e elevou o preço-alvo da ação da randon (rapt4) de r$ 11,80 para r$ 15,20. os analistas estão confiantes de que a companhia, que já deu mostras de recuperação da crise causada pela pandemia de covid-19, reportará resultados ainda melhores por conta da demanda (principalmente no segmento de […]"
N0014544,2020-10-02 19:57:03,2020-10-02T22:57:03,2020-10-05,CAT2_Mercado_Petroleo,MoneyTimes,WP_MoneyTimes,Preços do petróleo caem 4% após Trump contrair Covid e economia dar sinais de oscilação,"Os preços do petróleo recuaram mais de 4% nesta sexta-feira e engataram a segunda semana consecutiva de perdas, depois de o presidente norte-americano Donald Trump testar positivo para Covid-19, pressionando os ativos de risco, em momento em que o aumento da produção global da commodity já ameaça sobrecarregar a lenta recuperação do mercado. Tanto o […]",https://www.moneytimes.com.br/precos-do-petroleo-caem-4-apos-trump-contrair-covid-e-economia-dar-sinais-de-oscilacao/,pt,"preços do petróleo caem 4% após trump contrair covid e economia dar sinais de oscilação || os preços do petróleo recuaram mais de 4% nesta sexta-feira e engataram a segunda semana consecutiva de perdas, depois de o presidente norte-americano donald trump testar positivo para covid-19, pressionando os ativos de risco, em momento em que o aumento da produção global da commodity já ameaça sobrecarregar a lenta recuperação do mercado. tanto o […]"
N0014549,2020-10-02 21:15:28,2020-10-03T00:15:28,2020-10-05,CAT2_Mercado_Petroleo,Exame,WP_Exame,Saída pelo esgoto!,Analista político destaca os ganhos com o novo marco do saneamento e outras mudanças regulatórias que podem desenvolver o país,https://exame.com/bussola/saida-pelo-esgoto/,pt,saída pelo esgoto! || analista político destaca os ganhos com o novo marco do saneamento e outras mudanças regulatórias que podem desenvolver o país
N0014559,2020-10-05 17:13:26,2020-10-05T20:13:26,2020-10-06,CAT3_Geopolitica,MoneyTimes,WP_MoneyTimes,"Real lidera alta global na sessão, mas cenário segue incerto","O dólar sofreu a maior queda diária em cinco semanas nesta segunda-feira, com o real liderando os ganhos entre as principais divisas globais, conforme operadores ajustaram posições no câmbio depois da pressão recente, num dia positivo para outros mercados brasileiros. O otimismo externo respaldou o alívio na cotação, com investidores repercutindo maior expectativa de acordo […]",https://www.moneytimes.com.br/dolar-tem-maior-queda-em-5-semanas-com-exterior-positivo/,pt,"real lidera alta global na sessão, mas cenário segue incerto || o dólar sofreu a maior queda diária em cinco semanas nesta segunda-feira, com o real liderando os ganhos entre as principais divisas globais, conforme operadores ajustaram posições no câmbio depois da pressão recente, num dia positivo para outros mercados brasileiros. o otimismo externo respaldou o alívio na cotação, com investidores repercutindo maior expectativa de acordo […]"
N0014634,2020-10-09 17:21:29,2020-10-09T20:21:29,2020-10-13,CAT7_Macro_Energia,MoneyTimes,WP_MoneyTimes,"Dólar fecha em queda de 1,12% e vai a R$ 5,52 com pacote de estímulos dos EUA","O dólar (USDBRL) caiu nesta sexta-feira e acumulou a primeira queda semanal depois de um mês, com as operações domésticas espelhando a fraqueza da moeda norte-americana no exterior, em dia positivo para ativos de risco no mundo por renovadas esperanças de estímulo fiscal nos Estados Unidos. O dólar à vista recuou 1,12%, a 5,5268 reais […]",https://www.moneytimes.com.br/dolar-fecha-em-queda-de-112-e-vai-a-r-552-com-pacote-de-estimulos-dos-eua/,pt,"dólar fecha em queda de 1,12% e vai a r$ 5,52 com pacote de estímulos dos eua || o dólar (usdbrl) caiu nesta sexta-feira e acumulou a primeira queda semanal depois de um mês, com as operações domésticas espelhando a fraqueza da moeda norte-americana no exterior, em dia positivo para ativos de risco no mundo por renovadas esperanças de estímulo fiscal nos estados unidos. o dólar à vista recuou 1,12%, a 5,5268 reais […]"
N0014682,2020-10-15 17:00:28,2020-10-15T20:00:28,2020-10-16,CAT4_Infraestrutura,Petronoticias,WP_Petronoticias,SHELL E BP RETIRAM FUNCIONÁRIOS COM SINTOMAS DE COVID DE DUAS PLATAFORMAS NO MAR DO NORTE,Lá como cá. Trabalhadores de duas plataformas de petróleo e gás do Mar do Norte foram removidos  depois que colegas testaram positivo para Covid-19. Quinze pessoas foram retiradas da plataforma Nelson da Shell após serem identificadas como contatos próximos de um caso positivo. A BP disse que uma pessoa em sua plataforma Andrew também teve […],https://petronoticias.com.br/shell-e-bp-retiram-funcionarios-com-sintomas-de-covid-de-duas-plataformas-no-mar-do-norte/,pt,shell e bp retiram funcionários com sintomas de covid de duas plataformas no mar do norte || lá como cá. trabalhadores de duas plataformas de petróleo e gás do mar do norte foram removidos  depois que colegas testaram positivo para covid-19. quinze pessoas foram retiradas da plataforma nelson da shell após serem identificadas como contatos próximos de um caso positivo. a bp disse que uma pessoa em sua plataforma andrew também teve […]
N0014723,2020-10-19 17:00:17,2020-10-19T20:00:17,2020-10-20,CAT2_Mercado_Petroleo,InfoMoney,WP_InfoMoney,"Com a privatização ainda incerta, o que os analistas do BofA e Credit esperam para as ações da Eletrobras?",Analistas dos dois bancos apontam visão positiva para a ação mesmo sem privatização como cenário-base e ressaltam preferência por ação PNA,https://www.infomoney.com.br/mercados/com-a-privatizacao-ainda-incerta-o-que-os-analistas-do-bofa-e-credit-esperam-para-as-acoes-da-eletrobras/,pt,"com a privatização ainda incerta, o que os analistas do bofa e credit esperam para as ações da eletrobras? || analistas dos dois bancos apontam visão positiva para a ação mesmo sem privatização como cenário-base e ressaltam preferência por ação pna"
N0014762,2020-10-21 17:17:12,2020-10-21T20:17:12,2020-10-22,CAT7_Macro_Energia,MoneyTimes,WP_MoneyTimes,"Dólar fica perto da estabilidade ao fim de sessão volátil e fecha R$ 5,61","O dólar (USDBRL) fechou perto da estabilidade ante o real nesta quarta-feira, ao fim de uma sessão de vaivém em que a moeda oscilou entre altas e baixas, com a divisa mais uma vez deixando de aproveitar o dia positivo para divisas de risco no exterior. O dólar à vista teve variação positiva de 0,09%, […]",https://www.moneytimes.com.br/dolar-fica-perto-da-estabilidade-ao-fim-de-sessao-volatil-e-fecha-r-561/,pt,"dólar fica perto da estabilidade ao fim de sessão volátil e fecha r$ 5,61 || o dólar (usdbrl) fechou perto da estabilidade ante o real nesta quarta-feira, ao fim de uma sessão de vaivém em que a moeda oscilou entre altas e baixas, com a divisa mais uma vez deixando de aproveitar o dia positivo para divisas de risco no exterior. o dólar à vista teve variação positiva de 0,09%, […]"
N0014883,2020-10-28 17:15:41,2020-10-28T20:15:41,2020-10-29,CAT1_Empresa,InfoMoney,WP_InfoMoney,Petrobras muda política para acionistas e abre caminho para se tornar boa pagadora de dividendos,"Analistas avaliam medida como positiva para a empresa que, contudo, segue repercutindo a aversão ao risco do mercado e viu suas ações caírem forte na sessão",https://www.infomoney.com.br/mercados/petrobras-muda-politica-para-acionistas-e-abre-caminho-para-se-tornar-boa-pagadora-de-dividendos/,pt,"petrobras muda política para acionistas e abre caminho para se tornar boa pagadora de dividendos || analistas avaliam medida como positiva para a empresa que, contudo, segue repercutindo a aversão ao risco do mercado e viu suas ações caírem forte na sessão"
N0015139,2020-11-12 20:45:51,2020-11-12T23:45:51,2020-11-13,CAT7_Macro_Energia,MoneyTimes,WP_MoneyTimes,"Terra Santa Agro tem prejuízo de R$ 15,1 mi no 3º tri; Ebitda avança","A Terra Santa Agro registrou prejuízo líquido de 15,1 milhões de reais no terceiro trimestre, ante resultado negativo de 53,34 milhões de reais no mesmo período do ano passado, informou a companhia nesta quinta-feira. Segundo a companhia, o resultado líquido foi influenciado negativamente pela provisão de contingências tributárias e trabalhistas, com impacto negativo de 16,8 […]",https://www.moneytimes.com.br/erra-santa-agro-tem-prejuizo-de-r-151-mi-no-3o-tri-ebitda-avanca/,pt,"terra santa agro tem prejuízo de r$ 15,1 mi no 3º tri; ebitda avança || a terra santa agro registrou prejuízo líquido de 15,1 milhões de reais no terceiro trimestre, ante resultado negativo de 53,34 milhões de reais no mesmo período do ano passado, informou a companhia nesta quinta-feira. segundo a companhia, o resultado líquido foi influenciado negativamente pela provisão de contingências tributárias e trabalhistas, com impacto negativo de 16,8 […]"
N0015189,2020-11-17 17:13:57,2020-11-17T20:13:57,2020-11-18,CAT7_Macro_Energia,MoneyTimes,WP_MoneyTimes,"Dólar cai 2% e fecha na mínima em 2 meses com BC, em dia positivo para Brasil","O dólar fechou na mínima em dois meses frente ao real nesta terça-feira, com a moeda brasileira exibindo o melhor desempenho global nesta sessão, amparada por expectativas de suporte do Banco Central, em meio a um dia amplamente positivo para ativos brasileiros. O dólar à vista caiu 1,96%, a 5,3335 reais na venda, menor patamar […]",https://www.moneytimes.com.br/dolar-cai-2-e-fecha-na-minima-em-2-meses-com-bc-em-dia-positivo-para-brasil/,pt,"dólar cai 2% e fecha na mínima em 2 meses com bc, em dia positivo para brasil || o dólar fechou na mínima em dois meses frente ao real nesta terça-feira, com a moeda brasileira exibindo o melhor desempenho global nesta sessão, amparada por expectativas de suporte do banco central, em meio a um dia amplamente positivo para ativos brasileiros. o dólar à vista caiu 1,96%, a 5,3335 reais na venda, menor patamar […]"
N0015245,2020-11-19 19:05:30,2020-11-19T22:05:30,2020-11-23,CAT2_Mercado_Petroleo,InfoMoney,WP_InfoMoney,"Governo Biden poderia impulsionar mineradora em Cuba, diz CEO","“Certamente, o resultado de Biden é mais positivo para nós ao longo dos próximos anos do que uma reeleição do governo Trump”, afirma executivo",https://www.infomoney.com.br/mercados/governo-biden-poderia-impulsionar-mineradora-em-cuba-diz-ceo/,pt,"governo biden poderia impulsionar mineradora em cuba, diz ceo || “certamente, o resultado de biden é mais positivo para nós ao longo dos próximos anos do que uma reeleição do governo trump”, afirma executivo"
N0015317,2020-11-24 18:47:51,2020-11-24T21:47:51,2020-11-25,CAT2_Mercado_Petroleo,MoneyTimes,WP_MoneyTimes,"Braskem: Planner projeta mais um balanço positivo para o 4º trimestre, mas corta preço-alvo da ação","A Planner reafirmou suas boas expectativas sobre os resultados do quarto trimestre de 2020 da Braskem (BRKM5) após a companhia ter reportado números consistentes na temporada de balanços mais recente. “Os resultados operacionais da Braskem no terceiro trimestre foram muito bons, com um forte crescimento do Ebitda, não só na comparação com o trimestre anterior, […]",https://www.moneytimes.com.br/braskem-planner-projeta-mais-um-balanco-positivo-para-o-4o-trimestre-mas-corta-preco-alvo-da-acao/,pt,"braskem: planner projeta mais um balanço positivo para o 4º trimestre, mas corta preço-alvo da ação || a planner reafirmou suas boas expectativas sobre os resultados do quarto trimestre de 2020 da braskem (brkm5) após a companhia ter reportado números consistentes na temporada de balanços mais recente. “os resultados operacionais da braskem no terceiro trimestre foram muito bons, com um forte crescimento do ebitda, não só na comparação com o trimestre anterior, […]"
N0015363,2020-11-26 19:03:00,2020-11-26T22:03:00,2020-11-27,CAT7_Macro_Energia,Exame,WP_Exame,"Entre frigoríficos, Marfrig é o principal cavalo, aponta Credit Suisse","Sem acompanhar rali do Ibovespa em novembro, analistas do banco apontam que rentabilidade inferior do papel foi “injustificada”",https://exame.com/invest/mercados/entre-frigorificos-marfrig-e-o-principal-cavalo-aponta-credit-suisse/,pt,"entre frigoríficos, marfrig é o principal cavalo, aponta credit suisse || sem acompanhar rali do ibovespa em novembro, analistas do banco apontam que rentabilidade inferior do papel foi “injustificada”"
N0015507,2020-12-07 18:14:40,2020-12-07T21:14:40,2020-12-08,CAT2_Mercado_Petroleo,MoneyTimes,WP_MoneyTimes,Preços do petróleo caem diante de aumento de casos de Covid-19 e tensão EUA-China,"Os preços do petróleo caíram cerca de 1% nesta segunda-feira, à medida que o aumento no número de casos de coronavírus e crescentes tensões entre Estados Unidos e China ofuscam o impacto positivo de um acordo de produção da Opep+. O petróleo Brent fechou em queda de 0,46 dólar, ou 0,9%, a 48,79 dólares por […]",https://www.moneytimes.com.br/precos-do-petroleo-caem-diante-de-aumento-de-casos-de-covid-19-e-tensao-eua-china/,pt,"preços do petróleo caem diante de aumento de casos de covid-19 e tensão eua-china || os preços do petróleo caíram cerca de 1% nesta segunda-feira, à medida que o aumento no número de casos de coronavírus e crescentes tensões entre estados unidos e china ofuscam o impacto positivo de um acordo de produção da opep+. o petróleo brent fechou em queda de 0,46 dólar, ou 0,9%, a 48,79 dólares por […]"
N0015609,2020-12-11 20:53:15,2020-12-11T23:53:15,2020-12-14,CAT1_Empresa,MoneyTimes,WP_MoneyTimes,IBP considera positivas novas diretrizes do governo brasileiro sobre biocombustíveis,"O Instituto Brasileiro de Petróleo e Gás (IBP) considera positivo que as regulamentações referentes ao “downstream” brasileiro estejam avançando, com resoluções sobre o novo modelo de comercialização de biodiesel e a avaliação da inserção de diesel verde na matriz energética, segundo nota divulgada nesta sexta-feira. “Destacando-se que ainda não tivemos acesso aos termos das decisões, […]",https://www.moneytimes.com.br/ibp-considera-positivas-novas-diretrizes-do-governo-brasileiro-sobre-biocombustiveis/,pt,"ibp considera positivas novas diretrizes do governo brasileiro sobre biocombustíveis || o instituto brasileiro de petróleo e gás (ibp) considera positivo que as regulamentações referentes ao “downstream” brasileiro estejam avançando, com resoluções sobre o novo modelo de comercialização de biodiesel e a avaliação da inserção de diesel verde na matriz energética, segundo nota divulgada nesta sexta-feira. “destacando-se que ainda não tivemos acesso aos termos das decisões, […]"
N0015642,2020-12-15 17:16:29,2020-12-15T20:16:29,2020-12-16,CAT7_Macro_Energia,MoneyTimes,WP_MoneyTimes,Dólar fecha em queda em dia positivo no exterior com esperanças sobre vacina e estímulos,"O dólar fechou em queda ante o real nesta terça-feira, com investidores espelhando o movimento da moeda norte-americana no exterior, num dia positivo para ativos de risco no mundo diante de expectativas de estímulos nos Estados Unidos e de progressos na vacinação contra a Covid-19. O dólar à vista fechou em baixa de 0,77%, a […]",https://www.moneytimes.com.br/dolar-fecha-em-queda-em-dia-positivo-no-exterior-com-esperancas-sobre-vacina-e-estimulos/,pt,"dólar fecha em queda em dia positivo no exterior com esperanças sobre vacina e estímulos || o dólar fechou em queda ante o real nesta terça-feira, com investidores espelhando o movimento da moeda norte-americana no exterior, num dia positivo para ativos de risco no mundo diante de expectativas de estímulos nos estados unidos e de progressos na vacinação contra a covid-19. o dólar à vista fechou em baixa de 0,77%, a […]"
N0015681,2020-12-17 17:09:33,2020-12-17T20:09:33,2020-12-18,CAT1_Empresa,MoneyTimes,WP_MoneyTimes,Otimismo sobre vacinas e estímulos nos EUA derruba dólar,"O dólar fechou em queda ante o real nesta quinta-feira, em mais um dia amplamente positivo para as mais variadas classes de ativos de risco, com investidores mirando aprovação de novos estímulos nos Estados Unidos e início de vacinação contra a Covid-19 em importantes economias. O dólar à vista caiu 0,59%, a 5,0782 reais na […]",https://www.moneytimes.com.br/dolar-cai-em-sintonia-com-apetite-por-risco-no-exterior/,pt,"otimismo sobre vacinas e estímulos nos eua derruba dólar || o dólar fechou em queda ante o real nesta quinta-feira, em mais um dia amplamente positivo para as mais variadas classes de ativos de risco, com investidores mirando aprovação de novos estímulos nos estados unidos e início de vacinação contra a covid-19 em importantes economias. o dólar à vista caiu 0,59%, a 5,0782 reais na […]"
N0015746,2020-12-22 17:17:02,2020-12-22T20:17:02,2020-12-23,CAT7_Macro_Energia,MoneyTimes,WP_MoneyTimes,"Dólar engata 3ª alta seguida, bate máxima em quase 2 semanas e fecha a R$ 5,16","O dólar (USDBRL) emendou a terceira alta consecutiva e fechou no maior patamar em quase duas semanas frente ao real nesta terça-feira, alavancado pelo rali da moeda norte-americana no exterior, num dia mais negativo para ativos de risco em geral diante de preocupações com a Covid-19. O dólar à vista subiu 0,79%, a 5,1639 reais […]",https://www.moneytimes.com.br/dolar-engata-3a-alta-seguida-bate-maxima-em-quase-2-semanas-e-fecha-a-r-516/,pt,"dólar engata 3ª alta seguida, bate máxima em quase 2 semanas e fecha a r$ 5,16 || o dólar (usdbrl) emendou a terceira alta consecutiva e fechou no maior patamar em quase duas semanas frente ao real nesta terça-feira, alavancado pelo rali da moeda norte-americana no exterior, num dia mais negativo para ativos de risco em geral diante de preocupações com a covid-19. o dólar à vista subiu 0,79%, a 5,1639 reais […]"
N0015789,2020-12-27 17:18:18,2020-12-27T20:18:18,2020-12-28,CAT2_Mercado_Petroleo,Exame,WP_Exame,"Aeris decola 76% em 45 dias e tem espaço para subir mais, avalia BTG",Líder na produção de pás de energia eólica tem uma das maiores altas entre os IPOs do ano e recebe recomendação de compra do banco,https://exame.com/invest/mercados/aeris-decola-76-em-45-dias-e-tem-espaco-para-subir-mais-avalia-btg/,pt,"aeris decola 76% em 45 dias e tem espaço para subir mais, avalia btg || líder na produção de pás de energia eólica tem uma das maiores altas entre os ipos do ano e recebe recomendação de compra do banco"
N0015813,2020-12-29 18:10:09,2020-12-29T21:10:09,2020-12-30,CAT1_Empresa,MoneyTimes,WP_MoneyTimes,Ibovespa fecha em alta com novo recorde intradia e deve encerrar 2020 em terreno positivo,"O Ibovespa (IBOV) fechou em alta nesta terça-feira, renovando marca histórica intradia perto de 120 mil pontos e pavimentando um encerramento positivo para um ano desafiador, com CSN (CSNA3) e Usiminas (USIM5) entre os maiores ganhos no penúltimo pregão de 2020. Índice de referência do mercado acionário brasileiro, o Ibovespa fechou com acréscimo 0,24%, a […]",https://www.moneytimes.com.br/ibovespa-fecha-em-alta-com-novo-recorde-intradia/,pt,"ibovespa fecha em alta com novo recorde intradia e deve encerrar 2020 em terreno positivo || o ibovespa (ibov) fechou em alta nesta terça-feira, renovando marca histórica intradia perto de 120 mil pontos e pavimentando um encerramento positivo para um ano desafiador, com csn (csna3) e usiminas (usim5) entre os maiores ganhos no penúltimo pregão de 2020. índice de referência do mercado acionário brasileiro, o ibovespa fechou com acréscimo 0,24%, a […]"
N0015890,2021-01-05 20:05:24,2021-01-05T23:05:24,2021-01-06,CAT1_Empresa,MoneyTimes,WP_MoneyTimes,XP eleva preço-alvo da Petrobras após acordo da Opep+,"A XP classificou como positivo o acordo fechado entre os membros da Opep+ para o corte da produção de petróleo. Os preços do Brent dispararam 4,99%, a US$ 53,64 o barril, após a notícia. Com o acordo, a Arábia Saudita carregará o maior fardo dos cortes na produção, enquanto outros países não farão mudanças ou […]",https://www.moneytimes.com.br/xp-eleva-preco-alvo-da-petrobras-apos-acordo-da-opep/,pt,"xp eleva preço-alvo da petrobras após acordo da opep+ || a xp classificou como positivo o acordo fechado entre os membros da opep+ para o corte da produção de petróleo. os preços do brent dispararam 4,99%, a us$ 53,64 o barril, após a notícia. com o acordo, a arábia saudita carregará o maior fardo dos cortes na produção, enquanto outros países não farão mudanças ou […]"
N0015897,2021-01-06 17:30:48,2021-01-06T20:30:48,2021-01-07,CAT1_Empresa,InfoMoney,WP_InfoMoney,Acordo da Opep+ surpreende e impulsiona preços do petróleo: qual o impacto para a Petrobras e para outras ações?,"Além da petroleira estatal, BBI destaca impacto para ações da São Martinho; visão dos analistas é positiva para o preço da commodity após 2020 difícil",https://www.infomoney.com.br/mercados/acordo-da-opep-surpreende-e-impulsiona-precos-do-petroleo-qual-o-impacto-para-a-petrobras-e-para-outras-acoes/,pt,"acordo da opep+ surpreende e impulsiona preços do petróleo: qual o impacto para a petrobras e para outras ações? || além da petroleira estatal, bbi destaca impacto para ações da são martinho; visão dos analistas é positiva para o preço da commodity após 2020 difícil"
N0016021,2021-01-13 22:00:33,2021-01-14T01:00:33,2021-01-14,CAT1_Empresa,MoneyTimes,WP_MoneyTimes,PetroRio: oportunidades de crescimento já estão precificadas e ações podem subir 10%,"A Ágora Investimentos iniciou a cobertura das ações da PetroRio (PRIO3), que figurou entre as mais altas da Bolsa em 2020, com recomendação neutra e preço-alvo de R$ 84, o que implica potencial de valorização de 10%. Segundo os analistas Vicente Falanga e Ricardo França, as oportunidades da empresa já estão precificadas. Eles lembram que […]",https://www.moneytimes.com.br/petrorio-oportunidades-de-crescimento-ja-estao-precificadas-e-acoes-podem-subir-10/,pt,"petrorio: oportunidades de crescimento já estão precificadas e ações podem subir 10% || a ágora investimentos iniciou a cobertura das ações da petrorio (prio3), que figurou entre as mais altas da bolsa em 2020, com recomendação neutra e preço-alvo de r$ 84, o que implica potencial de valorização de 10%. segundo os analistas vicente falanga e ricardo frança, as oportunidades da empresa já estão precificadas. eles lembram que […]"
N0016051,2021-01-15 18:11:10,2021-01-15T21:11:10,2021-01-18,CAT7_Macro_Energia,Exame,WP_Exame,"Dólar baterá R$ 6 por deterioração fiscal no Brasil, prevê Société Générale","Banco entrou com recomendação de compra de dólar ante o real em 2 de dezembro, com a moeda a 5,22 reais. A meta é de 6,0 reais, com ""stop"" em 4,90 reais",https://exame.com/invest/mercados/dolar-batera-r-6-por-deterioracao-fiscal-no-brasil-preve-societe-generale/,pt,"dólar baterá r$ 6 por deterioração fiscal no brasil, prevê société générale || banco entrou com recomendação de compra de dólar ante o real em 2 de dezembro, com a moeda a 5,22 reais. a meta é de 6,0 reais, com ""stop"" em 4,90 reais"
N0016189,2021-01-26 17:19:28,2021-01-26T20:19:28,2021-01-27,CAT1_Empresa,MoneyTimes,WP_MoneyTimes,"Compre agora as ações da Apple e do Magazine Luiza, apontam analistas","O time de análise da Guide Investimentos indicou, para esta semana, a compra das ações da Apple (AAPL34), negociadas na B3 (B3SA3), e do Magazine Luiza (MGLU3), mostra um relatório enviado a clientes nesta terça-feira (26). “Temos expectativa positiva para os resultados da companhia de tecnologia americana ao mesmo tempo em que achamos interessante dolarizar […]",https://www.moneytimes.com.br/compre-agora-as-acoes-da-apple-e-do-magazine-luiza-apontam-analistas/,pt,"compre agora as ações da apple e do magazine luiza, apontam analistas || o time de análise da guide investimentos indicou, para esta semana, a compra das ações da apple (aapl34), negociadas na b3 (b3sa3), e do magazine luiza (mglu3), mostra um relatório enviado a clientes nesta terça-feira (26). “temos expectativa positiva para os resultados da companhia de tecnologia americana ao mesmo tempo em que achamos interessante dolarizar […]"
N0016186,2021-01-26 17:11:25,2021-01-26T20:11:25,2021-01-27,CAT7_Macro_Energia,MoneyTimes,WP_MoneyTimes,"Real corrige atraso e dólar desaba 2,7% por Copom, exterior e fiscal","Uma forte descompressão de risco derrubou o dólar nesta terça-feira, com o real de longe liderando os ganhos nos mercados globais de câmbio, em dia positivo para ativos de risco no mundo, de defesa de regras fiscais no Brasil e de maior possibilidade de alta de juros quanto antes. A redução dos prêmios no câmbio […]",https://www.moneytimes.com.br/dolar-despenca-27-por-copom-exterior-e-sinal-sobre-politica-fiscal/,pt,"real corrige atraso e dólar desaba 2,7% por copom, exterior e fiscal || uma forte descompressão de risco derrubou o dólar nesta terça-feira, com o real de longe liderando os ganhos nos mercados globais de câmbio, em dia positivo para ativos de risco no mundo, de defesa de regras fiscais no brasil e de maior possibilidade de alta de juros quanto antes. a redução dos prêmios no câmbio […]"
N0016315,2021-02-02 17:13:00,2021-02-02T20:13:00,2021-02-03,CAT7_Macro_Energia,MoneyTimes,WP_MoneyTimes,Real tem melhor desempenho no mundo com foco em reformas; otimismo externo colabora,"O dólar fechou em expressiva queda nesta terça-feira, com o real liderando os ganhos entre as principais moedas, em dia positivo para ativos de risco no mundo e com expectativas de retomada da agenda local de reformas após vitória sólida de aliados do governo nas eleições para Câmara e Senado. O dólar à vista caiu […]",https://www.moneytimes.com.br/dolar-cai-17-com-mercado-a-espera-de-destravamento-de-reformas-exterior-ajuda/,pt,"real tem melhor desempenho no mundo com foco em reformas; otimismo externo colabora || o dólar fechou em expressiva queda nesta terça-feira, com o real liderando os ganhos entre as principais moedas, em dia positivo para ativos de risco no mundo e com expectativas de retomada da agenda local de reformas após vitória sólida de aliados do governo nas eleições para câmara e senado. o dólar à vista caiu […]"
N0016349,2021-02-03 17:01:31,2021-02-03T20:01:31,2021-02-04,CAT2_Mercado_Petroleo,MoneyTimes,WP_MoneyTimes,EDP Brasil é boa opção para compor carteira de dividendos; Inter Research indica compra,"O Inter Research iniciou a cobertura das ações da Energias do Brasil (EDP Brasil – ENBR3) com recomendação de compra e preço-alvo de R$ 22 ao fim de 2021. A tese de investimento tem como base a forte geração de caixa da companhia, o que a coloca na posição de boa pagadora de dividendos. “O […]",https://www.moneytimes.com.br/edp-brasil-e-boa-opcao-para-compor-carteira-de-dividendos-inter-research-indica-compra/,pt,"edp brasil é boa opção para compor carteira de dividendos; inter research indica compra || o inter research iniciou a cobertura das ações da energias do brasil (edp brasil – enbr3) com recomendação de compra e preço-alvo de r$ 22 ao fim de 2021. a tese de investimento tem como base a forte geração de caixa da companhia, o que a coloca na posição de boa pagadora de dividendos. “o […]"
N0016463,2021-02-09 20:04:30,2021-02-09T23:04:30,2021-02-10,CAT7_Macro_Energia,MoneyTimes,WP_MoneyTimes,Açúcar bruto fecha em alta na ICE; café arábica recua,"Os contratos futuros do açúcar bruto negociados na ICE avançaram nesta terça-feira, impulsionados por um cenário econômico mais favorável e por fundamentos positivos para o curto prazo. Açúcar O contrato março do açúcar bruto fechou em alta de 0,17 centavo de dólar, ou 1,4%, a 16,44 centavos de dólar por libra-peso. Operadores disseram que os […]",https://www.moneytimes.com.br/acucar-bruto-fecha-em-alta-na-ice-cafe-arabica-recua/,pt,"açúcar bruto fecha em alta na ice; café arábica recua || os contratos futuros do açúcar bruto negociados na ice avançaram nesta terça-feira, impulsionados por um cenário econômico mais favorável e por fundamentos positivos para o curto prazo. açúcar o contrato março do açúcar bruto fechou em alta de 0,17 centavo de dólar, ou 1,4%, a 16,44 centavos de dólar por libra-peso. operadores disseram que os […]"
N0016589,2021-02-18 17:08:10,2021-02-18T20:08:10,2021-02-19,CAT3_Geopolitica,MoneyTimes,WP_MoneyTimes,"Dólar sobe em dia negativo para ativos de risco, sem tirar fiscal do radar","O dólar fechou em alta contra o real nesta quinta-feira, dia negativo para ativos de risco no mundo em meio a incertezas sobre a recuperação econômica global, alta de rendimentos de títulos de dívida e receios em torno da agenda econômica no Brasil. O dólar à vista subiu 0,48%, a 5,4414 reais na venda. A […]",https://www.moneytimes.com.br/dolar-fecha-em-alta-com-exterior-arisco-e-atencao-a-agenda-local/,pt,"dólar sobe em dia negativo para ativos de risco, sem tirar fiscal do radar || o dólar fechou em alta contra o real nesta quinta-feira, dia negativo para ativos de risco no mundo em meio a incertezas sobre a recuperação econômica global, alta de rendimentos de títulos de dívida e receios em torno da agenda econômica no brasil. o dólar à vista subiu 0,48%, a 5,4414 reais na venda. a […]"
N0016681,2021-02-22 17:33:24,2021-02-22T20:33:24,2021-02-23,CAT1_Empresa,InfoMoney,WP_InfoMoney,Os bancos e casas de análise que cortaram a recomendação para a Petrobras (e os que seguem indicando compra),"XP Investimentos, Credit Suisse e Bradesco BB cortaram fortemente a recomendação e o preço-alvo, enquanto o Morgan suspendeu a recomendação",https://www.infomoney.com.br/mercados/petrobras-os-analistas-que-ja-reduziram-a-recomendacao-para-as-acoes-em-meio-a-intervencao/,pt,"os bancos e casas de análise que cortaram a recomendação para a petrobras (e os que seguem indicando compra) || xp investimentos, credit suisse e bradesco bb cortaram fortemente a recomendação e o preço-alvo, enquanto o morgan suspendeu a recomendação"
N0016784,2021-02-24 19:12:50,2021-02-24T22:12:50,2021-02-25,CAT1_Empresa,Exame,WP_Exame,Examinando a Bolsa: Braskem dispara 10% entre rumor e recomendação de compra,"Programa diário da EXAME Invest, com fechamento de mercado no IGTV, traz ainda entre os destaques relatório do Credit Suisse, que apontou as ações do Pão de Açúcar como uma das melhores assimetrias da Bolsa",https://exame.com/invest/mercados/examinando-a-bolsa-braskem-dispara-10-entre-rumor-e-recomendacao-de-compra/,pt,"examinando a bolsa: braskem dispara 10% entre rumor e recomendação de compra || programa diário da exame invest, com fechamento de mercado no igtv, traz ainda entre os destaques relatório do credit suisse, que apontou as ações do pão de açúcar como uma das melhores assimetrias da bolsa"
N0016845,2021-02-26 17:20:20,2021-02-26T20:20:20,2021-03-01,CAT1_Empresa,MoneyTimes,WP_MoneyTimes,"Dólar salta acima de R$ 5,60 mesmo com BC; cenário para real piora na margem","O dólar teve mais um salto nesta sexta-feira e fechou acima de 5,60 reais pela primeira vez desde novembro, em dia de forte pressão que levou o Banco Central, pelo segundo pregão seguido, a fazer intervenção dupla no mercado de câmbio, em meio a mais uma sessão negativa para moedas emergentes por receios sobre fuga […]",https://www.moneytimes.com.br/dolar-fecha-em-alta-de-167-a-r-56017-maxima-desde-novembro/,pt,"dólar salta acima de r$ 5,60 mesmo com bc; cenário para real piora na margem || o dólar teve mais um salto nesta sexta-feira e fechou acima de 5,60 reais pela primeira vez desde novembro, em dia de forte pressão que levou o banco central, pelo segundo pregão seguido, a fazer intervenção dupla no mercado de câmbio, em meio a mais uma sessão negativa para moedas emergentes por receios sobre fuga […]"
N0017003,2021-03-04 17:48:10,2021-03-04T20:48:10,2021-03-05,CAT1_Empresa,MoneyTimes,WP_MoneyTimes,Petrobras: Mais um time de analistas desiste das ações,"A equipe de analistas do Santander optou por alterar a recomendação para as ações da Petrobras (PETR3; PETR4) de “manutenção” para “abaixo do mercado”. O status é o mesmo do que indicar a venda dos papéis. O preço-alvo para os ativos analisados pelo, os ordinários (PETR3), foi cortado de R$ 26 para R$ 20. A […]",https://www.moneytimes.com.br/petrobras-mais-um-time-de-analistas-desiste-das-acoes/,pt,"petrobras: mais um time de analistas desiste das ações || a equipe de analistas do santander optou por alterar a recomendação para as ações da petrobras (petr3; petr4) de “manutenção” para “abaixo do mercado”. o status é o mesmo do que indicar a venda dos papéis. o preço-alvo para os ativos analisados pelo, os ordinários (petr3), foi cortado de r$ 26 para r$ 20. a […]"
N0017201,2021-03-15 19:00:33,2021-03-15T22:00:33,2021-03-16,CAT7_Macro_Energia,Petronoticias,WP_Petronoticias,PEMEX ANUNCIA DESCOBERTA GIGANTESCA DE ÓLEO EM TABASCO,"A petroleira mexicana Pemex declarou que fez uma nova descoberta gigantesca de petróleo, no estado de Tabasco, que pode conter mais de 1 bilhão de barris de óleo em seus reservatórios. A novidade foi anunciada pelo presidente da empresa estatal, Octavio Romero Oropeza (foto), no início desta semana. A notícia é positiva para a empresa […]",https://petronoticias.com.br/pemex-anuncia-descoberta-gigantesca-de-oleo-em-tabasco/,pt,"pemex anuncia descoberta gigantesca de óleo em tabasco || a petroleira mexicana pemex declarou que fez uma nova descoberta gigantesca de petróleo, no estado de tabasco, que pode conter mais de 1 bilhão de barris de óleo em seus reservatórios. a novidade foi anunciada pelo presidente da empresa estatal, octavio romero oropeza (foto), no início desta semana. a notícia é positiva para a empresa […]"
N0017233,2021-03-16 19:49:53,2021-03-16T22:49:53,2021-03-17,CAT2_Mercado_Petroleo,InfoMoney,WP_InfoMoney,"“Houve uma mudança estrutural no e-commerce e isso é bom para a Irani”, diz CEO","Sergio Ribas e o CFO da companhia, Odivan Cargnin, participaram de live do InfoMoney e falaram sobre o futuro do mercado de papel e embalagens no Brasil",https://www.infomoney.com.br/mercados/a-pandemia-causou-uma-mudanca-estrutural-no-e-commerce-e-isso-e-bom-para-a-irani-diz-ceo/,pt,"“houve uma mudança estrutural no e-commerce e isso é bom para a irani”, diz ceo || sergio ribas e o cfo da companhia, odivan cargnin, participaram de live do infomoney e falaram sobre o futuro do mercado de papel e embalagens no brasil"
N0017643,2021-04-07 21:40:36,2021-04-08T00:40:36,2021-04-08,CAT1_Empresa,Exame,WP_Exame,Petrobras assina acordo de R$ 436 mi com Eletrobras e Amazonas Energia,"Segundo a Petrobras, acerto terá impacto positivo de 328 milhões de reais em seu balanço do segundo trimestre",https://exame.com/negocios/petrobras-assina-acordo-de-r-436-mi-com-eletrobras-e-amazonas-energia/,pt,"petrobras assina acordo de r$ 436 mi com eletrobras e amazonas energia || segundo a petrobras, acerto terá impacto positivo de 328 milhões de reais em seu balanço do segundo trimestre"
N0017633,2021-04-07 19:37:04,2021-04-07T22:37:04,2021-04-08,CAT1_Empresa,MoneyTimes,WP_MoneyTimes,Petrobras lançará R$ 328 mi no balanço após acordo com Eletrobras e Amazonas Energia,"A Petrobras (PETR4) informou nesta quarta-feira que assinou acordo judicial com a Eletrobras (ELET3) e a Amazonas Energia para a recuperação de um crédito no valor aproximado de 436 milhões de reais, e disse ainda que o acerto terá impacto positivo de 328 milhões de reais em seu balanço do segundo trimestre. Segundo comunicado da […]",https://www.moneytimes.com.br/petrobras-lancara-r-328-mi-no-balanco-apos-acordo-com-eletrobras-e-amazonas-energia/,pt,"petrobras lançará r$ 328 mi no balanço após acordo com eletrobras e amazonas energia || a petrobras (petr4) informou nesta quarta-feira que assinou acordo judicial com a eletrobras (elet3) e a amazonas energia para a recuperação de um crédito no valor aproximado de 436 milhões de reais, e disse ainda que o acerto terá impacto positivo de 328 milhões de reais em seu balanço do segundo trimestre. segundo comunicado da […]"
N0017738,2021-04-12 22:26:59,2021-04-13T01:26:59,2021-04-13,CAT2_Mercado_Petroleo,MoneyTimes,WP_MoneyTimes,É um bom momento para investir em commodities?,"﻿ Agora é um bom momento para comprar commodities, pois estão muito descontadas, afirmou Matheus Spiess. O analista da Empiricus destacou que a razão S&P GSCI/S&P, usada para verificar descontos ou prêmio das commodities em relação a outras empresas, está na mínima desde os anos 70. Com a chegada da pandemia de Covid-19, o cenário […]",https://www.moneytimes.com.br/e-um-bom-momento-para-investir-em-commodities/,pt,"é um bom momento para investir em commodities? || ﻿ agora é um bom momento para comprar commodities, pois estão muito descontadas, afirmou matheus spiess. o analista da empiricus destacou que a razão s&p gsci/s&p, usada para verificar descontos ou prêmio das commodities em relação a outras empresas, está na mínima desde os anos 70. com a chegada da pandemia de covid-19, o cenário […]"
N0018408,2021-05-14 17:30:32,2021-05-14T20:30:32,2021-05-17,CAT1_Empresa,InfoMoney,WP_InfoMoney,"Sinais de dividendos e de políticas pró-mercado: os fatores que fizeram a Petrobras ganhar R$ 15,7 bi após o balanço","Contudo, BBI, Credit e Morgan seguem cautelosos com companhia, enquanto Itaú BBA elevou recomendação e se mostrou mais otimista",https://www.infomoney.com.br/mercados/petrobras-balanco-eleva-otimismo-e-coloca-estatal-na-trilha-de-boa-pagadora-de-dividendos-mas-cautela-com-gestao-persiste/,pt,"sinais de dividendos e de políticas pró-mercado: os fatores que fizeram a petrobras ganhar r$ 15,7 bi após o balanço || contudo, bbi, credit e morgan seguem cautelosos com companhia, enquanto itaú bba elevou recomendação e se mostrou mais otimista"
N0018489,2021-05-18 20:06:53,2021-05-18T23:06:53,2021-05-19,CAT1_Empresa,MoneyTimes,WP_MoneyTimes,"Pague Menos: compra da Extrafarma pode acrescentar até R$ 3,50 nas ações, apontam analistas","A compra da Extrafarma, rede de farmácias da Ultrapar (UGPA3), pela Pague Menos (PGMN3) mexeu com os ânimos dos mercados nesta terça-feira (18): as ações da rede dispararam 9,59%, a R$ 11,77, após a notícia. A expectativa é que o negócio seja bom para os dois lados, já que o desempenho da Extrafarma vem decepcionando, […]",https://www.moneytimes.com.br/pague-menos-compra-da-extrafarma-pode-acrescentar-ate-r-350-nas-acoes-apontam-analistas/,pt,"pague menos: compra da extrafarma pode acrescentar até r$ 3,50 nas ações, apontam analistas || a compra da extrafarma, rede de farmácias da ultrapar (ugpa3), pela pague menos (pgmn3) mexeu com os ânimos dos mercados nesta terça-feira (18): as ações da rede dispararam 9,59%, a r$ 11,77, após a notícia. a expectativa é que o negócio seja bom para os dois lados, já que o desempenho da extrafarma vem decepcionando, […]"
N0018639,2021-05-26 18:34:16,2021-05-26T21:34:16,2021-05-27,CAT2_Mercado_Petroleo,MoneyTimes,WP_MoneyTimes,Preços do petróleo sobem com perspectiva positiva para demanda nos EUA,"Os preços do petróleo avançaram nesta quarta-feira, à medida que uma redução nos estoques da commodity nos Estados Unidos reforçou expectativas de melhora na demanda em meio à temporada de viagens do verão local, ofuscando temores de que um possível retorno de suprimentos iranianos ao mercado causasse um excesso de oferta. O petróleo Brent fechou […]",https://www.moneytimes.com.br/precos-do-petroleo-sobem-com-perspectiva-positiva-para-demanda-nos-eua/,pt,"preços do petróleo sobem com perspectiva positiva para demanda nos eua || os preços do petróleo avançaram nesta quarta-feira, à medida que uma redução nos estoques da commodity nos estados unidos reforçou expectativas de melhora na demanda em meio à temporada de viagens do verão local, ofuscando temores de que um possível retorno de suprimentos iranianos ao mercado causasse um excesso de oferta. o petróleo brent fechou […]"
N0018679,2021-05-27 21:09:18,2021-05-28T00:09:18,2021-05-28,CAT2_Mercado_Petroleo,MoneyTimes,WP_MoneyTimes,Ação da Cosan está mais doce do que açúcar; Itaú BBA projeta alta de 38%,"A Cosan (CSAN3) deverá surfar na alta das commodities, principalmente do açúcar e do etanol, aponta o Itaú BBA em relatório obtido pelo Money Times. A corretora aproveitou o momento para revisar o preço-alvo da companhia para R$ 30, o que implica potencial de alta de 38% em relação ao último fechamento. A recomendação é […]",https://www.moneytimes.com.br/acao-da-cosan-esta-mais-doce-do-que-acucar-itau-bba-projeta-alta-de-38/,pt,"ação da cosan está mais doce do que açúcar; itaú bba projeta alta de 38% || a cosan (csan3) deverá surfar na alta das commodities, principalmente do açúcar e do etanol, aponta o itaú bba em relatório obtido pelo money times. a corretora aproveitou o momento para revisar o preço-alvo da companhia para r$ 30, o que implica potencial de alta de 38% em relação ao último fechamento. a recomendação é […]"
N0018752,2021-06-01 17:36:30,2021-06-01T20:36:30,2021-06-02,CAT2_Mercado_Petroleo,MoneyTimes,WP_MoneyTimes,Bancos passam a ver crescimento do PIB acima de 5% neste ano,"A surpresa positiva com os números do Produto Interno Bruto (PIB) brasileiro do primeiro trimestre abriu a porta para uma série de revisões para cima nas projeções de bancos para o desempenho da economia neste ano, com alguns vendo crescimento do PIB superior a 5%. O Produto Interno Bruto (PIB) do Brasil cresceu 1,2% entre […]",https://www.moneytimes.com.br/bancos-passam-a-ver-crescimento-do-pib-acima-de-5-neste-ano/,pt,"bancos passam a ver crescimento do pib acima de 5% neste ano || a surpresa positiva com os números do produto interno bruto (pib) brasileiro do primeiro trimestre abriu a porta para uma série de revisões para cima nas projeções de bancos para o desempenho da economia neste ano, com alguns vendo crescimento do pib superior a 5%. o produto interno bruto (pib) do brasil cresceu 1,2% entre […]"
N0019016,2021-06-15 20:18:25,2021-06-15T23:18:25,2021-06-16,CAT1_Empresa,MoneyTimes,WP_MoneyTimes,"Além da Petrobras: PetroRio, 3R e PetroRecôncavo disparam após recomendação do Morgan Stanley","As ações da Petrorio (PRIO3) avançaram 3,61% nesta terça-feira (15). O Morgan Stanley publicou relatório de início de cobertura para o setor, com recomendação “equalweight” e preço-alvo de 22,5 reais. O documento citou o foco da companhia em ativos offshore maduros, mas avaliou que os eventos positivos já estão no preço. Os ativos da 3R (RRRP3) e Petrorecôncavo […]",https://www.moneytimes.com.br/alem-da-petrobras-petrorio-3r-e-petroreconcavo-disparam-apos-recomendacao-do-morgan-stanley/,pt,"além da petrobras: petrorio, 3r e petrorecôncavo disparam após recomendação do morgan stanley || as ações da petrorio (prio3) avançaram 3,61% nesta terça-feira (15). o morgan stanley publicou relatório de início de cobertura para o setor, com recomendação “equalweight” e preço-alvo de 22,5 reais. o documento citou o foco da companhia em ativos offshore maduros, mas avaliou que os eventos positivos já estão no preço. os ativos da 3r (rrrp3) e petrorecôncavo […]"
N0019031,2021-06-16 18:41:44,2021-06-16T21:41:44,2021-06-17,CAT2_Mercado_Petroleo,InfoMoney,WP_InfoMoney,"Banco Central eleva Selic em 0,75 p.p., para 4,25% ao ano","Esta foi a terceira alta seguida de juros, com analistas agora projetando que a Selic supere os 6% no fim do ano",https://www.infomoney.com.br/mercados/banco-central-eleva-selic-em-075-p-p-para-425-ao-ano/,pt,"banco central eleva selic em 0,75 p.p., para 4,25% ao ano || esta foi a terceira alta seguida de juros, com analistas agora projetando que a selic supere os 6% no fim do ano"
N0019116,2021-06-21 18:21:14,2021-06-21T21:21:14,2021-06-22,CAT1_Empresa,Exame,WP_Exame,BofA recomenda compra de Petrobras em meio a otimismo com petróleo,"O banco também elevou o preço-alvo das ações da estatal para R$ 37,50, vendo potencial de valorização de quase 30%",https://exame.com/invest/mercados/bofa-recomenda-compra-de-petrobras-em-meio-a-otimismo-com-petroleo/,pt,"bofa recomenda compra de petrobras em meio a otimismo com petróleo || o banco também elevou o preço-alvo das ações da estatal para r$ 37,50, vendo potencial de valorização de quase 30%"
N0019114,2021-06-21 18:11:09,2021-06-21T21:11:09,2021-06-22,CAT1_Empresa,MoneyTimes,WP_MoneyTimes,Petrobras: Bank of America indica a compra das ações e vê dividendo “muito maior”,"O Bank of America voltou a indicar a compra das ações da Petrobras (PETR3) após o banco avaliar que os preços do petróleo ficaram mais fortes durante o período entre 2021 e 2023, mostra um relatório enviado a clientes nesta segunda-feira (21) e obtido pelo Money Times. O preço-alvo para os papéis foi elevado de […]",https://www.moneytimes.com.br/petrobras-bank-of-america-indica-a-compra-das-acoes-e-dividendo-muito-maior/,pt,"petrobras: bank of america indica a compra das ações e vê dividendo “muito maior” || o bank of america voltou a indicar a compra das ações da petrobras (petr3) após o banco avaliar que os preços do petróleo ficaram mais fortes durante o período entre 2021 e 2023, mostra um relatório enviado a clientes nesta segunda-feira (21) e obtido pelo money times. o preço-alvo para os papéis foi elevado de […]"
N0019436,2021-07-07 17:28:53,2021-07-07T20:28:53,2021-07-08,CAT7_Macro_Energia,MoneyTimes,WP_MoneyTimes,"Mesmo com clima bom, fundos voltam com soja barata e perda de só 1% da qualidade foi a desculpa","Depois da tempestade sobre a soja na véspera, a quarta (7) foi dia de realocar posições. Os futuros ficaram baratos demais em Chicago e os fundos vendedores de ontem voltaram, em parte, hoje. O tempo bom para as lavouras nos próximos 10 a 15 dias nos Estados Unidos, que ocasionou as perdas de perto de […]",https://www.moneytimes.com.br/mesmo-com-clima-bom-fundos-voltam-com-soja-barata-e-perda-de-1-da-qualidade-foi-a-desculpa/,pt,"mesmo com clima bom, fundos voltam com soja barata e perda de só 1% da qualidade foi a desculpa || depois da tempestade sobre a soja na véspera, a quarta (7) foi dia de realocar posições. os futuros ficaram baratos demais em chicago e os fundos vendedores de ontem voltaram, em parte, hoje. o tempo bom para as lavouras nos próximos 10 a 15 dias nos estados unidos, que ocasionou as perdas de perto de […]"
N0019486,2021-07-08 21:44:07,2021-07-09T00:44:07,2021-07-12,CAT2_Mercado_Petroleo,MoneyTimes,WP_MoneyTimes,Fitch rebaixa rating da AES Tietê devido à crise hídrica,"A Fitch rebaixou o rating de longo prazo da AES Tietê de AA+(bra) para AA(bra)’, informa comunicado enviado ao mercado nesta quinta-feira (08). A companhia é subsidiária da AES Brasil (AESB3). Segundo a agência, o rebaixamento reflete a deterioração da estrutura de capital da AES Tietê, decorrente do impacto negativo do cenário hidrológico mais desafiador sobre […]",https://www.moneytimes.com.br/fitch-rebaixa-rating-da-aes-tiete-devido-a-crise-hidrica/,pt,"fitch rebaixa rating da aes tietê devido à crise hídrica || a fitch rebaixou o rating de longo prazo da aes tietê de aa+(bra) para aa(bra)’, informa comunicado enviado ao mercado nesta quinta-feira (08). a companhia é subsidiária da aes brasil (aesb3). segundo a agência, o rebaixamento reflete a deterioração da estrutura de capital da aes tietê, decorrente do impacto negativo do cenário hidrológico mais desafiador sobre […]"
N0019724,2021-07-21 19:00:39,2021-07-21T22:00:39,2021-07-22,CAT3_Geopolitica,Poder360,WP_Poder360,"Rejeição a Bolsonaro e ao governo ainda é recorde, mas taxas param de aumentar",Trabalho pessoal do presidente é ruim ou péssimo para 56%; desaprovação ao governo é de 62%,https://www.poder360.com.br/governo/rejeicao-a-bolsonaro-e-ao-governo-ainda-e-recorde-mas-taxas-param-de-aumentar/,pt,"rejeição a bolsonaro e ao governo ainda é recorde, mas taxas param de aumentar || trabalho pessoal do presidente é ruim ou péssimo para 56%; desaprovação ao governo é de 62%"
N0019880,2021-07-30 18:06:18,2021-07-30T21:06:18,2021-08-02,CAT1_Empresa,MoneyTimes,WP_MoneyTimes,Atualização de carteira: ações de Lojas Renner e BTG Pactual viram apostas da Ágora para agosto,"A Ágora Investimentos fez duas alterações táticas na carteira recomendada de ações para agosto. Buscando empresas com direcionadores mais positivos para o curto prazo, a corretora retirou C&A (CEAB3) e Suzano (SUZB3) do portfólio para incluir Lojas Renner (LREN3) e BTG Pactual (BPAC11). Empresa Setor Ticker Peso Cesp Energia elétrica CESP6 10% Lojas Renner Consumo […]",https://www.moneytimes.com.br/atualizacao-de-carteira-acoes-de-lojas-renner-e-btg-pactual-viram-apostas-da-agora-para-agosto/,pt,"atualização de carteira: ações de lojas renner e btg pactual viram apostas da ágora para agosto || a ágora investimentos fez duas alterações táticas na carteira recomendada de ações para agosto. buscando empresas com direcionadores mais positivos para o curto prazo, a corretora retirou c&a (ceab3) e suzano (suzb3) do portfólio para incluir lojas renner (lren3) e btg pactual (bpac11). empresa setor ticker peso cesp energia elétrica cesp6 10% lojas renner consumo […]"
N0019998,2021-08-05 17:38:12,2021-08-05T20:38:12,2021-08-06,CAT1_Empresa,InfoMoney,WP_InfoMoney,"Petrobras ganha R$ 30,7 bi de valor com altos dividendos “emocionando” investidores; analistas destacam que mais está por vir","Após balanço e dividendos, Credit elevou recomendação e BBI subiu preço-alvo; riscos políticos seguem, mas valuation e visão de bons proventos se destacam",https://www.infomoney.com.br/mercados/petrobras-faz-as-pazes-com-acionistas-com-altos-dividendos-acoes-saltam-bancos-sobem-projecoes-e-apontam-mais-esta-por-vir/,pt,"petrobras ganha r$ 30,7 bi de valor com altos dividendos “emocionando” investidores; analistas destacam que mais está por vir || após balanço e dividendos, credit elevou recomendação e bbi subiu preço-alvo; riscos políticos seguem, mas valuation e visão de bons proventos se destacam"
N0020027,2021-08-06 17:14:02,2021-08-06T20:14:02,2021-08-09,CAT1_Empresa,MoneyTimes,WP_MoneyTimes,Balanços asseguram semana positiva para Ibovespa apesar de ataques de Bolsonaro e deterioração fiscal,"O Ibovespa (IBOV) fechou em alta nesta sexta-feira, assegurando uma performance positiva no acumulado da primeira semana de agosto, que foi marcada por resultado da Petrobras (PETR4), mas também por aumento da tensão no ambiente político e do risco fiscal no Brasil. Petrobras foi essencial para a performance da bolsa paulistas nesta semana, com resultado […]",https://www.moneytimes.com.br/ibovespa-assegura-ganho-em-semana-cheia-de-balancos-e-maior-receio-fiscal/,pt,"balanços asseguram semana positiva para ibovespa apesar de ataques de bolsonaro e deterioração fiscal || o ibovespa (ibov) fechou em alta nesta sexta-feira, assegurando uma performance positiva no acumulado da primeira semana de agosto, que foi marcada por resultado da petrobras (petr4), mas também por aumento da tensão no ambiente político e do risco fiscal no brasil. petrobras foi essencial para a performance da bolsa paulistas nesta semana, com resultado […]"
N0020153,2021-08-12 17:35:37,2021-08-12T20:35:37,2021-08-13,CAT1_Empresa,InfoMoney,WP_InfoMoney,"Ipiranga pesa e resultado da Ultrapar desaponta os analistas, que revisam projeções; ações caem 12%","Bradesco BBI já cortou sua recomendação e preço-alvo, enquanto o Itaú BBA informou que irá revisar as projeções nos próximos dias",https://www.infomoney.com.br/mercados/ipiranga-pesa-e-resultado-da-ultrapar-desaponta-os-analistas-que-revisam-projecoes-acoes-caem-11/,pt,"ipiranga pesa e resultado da ultrapar desaponta os analistas, que revisam projeções; ações caem 12% || bradesco bbi já cortou sua recomendação e preço-alvo, enquanto o itaú bba informou que irá revisar as projeções nos próximos dias"
N0020321,2021-08-20 18:00:56,2021-08-20T21:00:56,2021-08-23,CAT1_Empresa,Petronoticias,WP_Petronoticias,OTC HOUSTON DEIXA UM SALDO POSITIVO PARA AS EMPRESAS BRASILEIRAS QUE PARTICIPARAM DO EVENTO,"O saldo da OTC Houston 2021 foi positivo. Tanto para a organização do evento, pelas dificuldades óbvias provocadas pela pandemia, como para os participantes brasileiros presentes na maior feira do mundo do setor de petróleo e gás. Entre as empresas no Pavilhão Brasil, estava a The Insight Artificial Intelligence, especializada em inteligência artificial (IA) para […]",https://petronoticias.com.br/otc-deixa-um-saldo-positivo-para-as-empresas-brasileiras-que-participaram-do-evento/,pt,"otc houston deixa um saldo positivo para as empresas brasileiras que participaram do evento || o saldo da otc houston 2021 foi positivo. tanto para a organização do evento, pelas dificuldades óbvias provocadas pela pandemia, como para os participantes brasileiros presentes na maior feira do mundo do setor de petróleo e gás. entre as empresas no pavilhão brasil, estava a the insight artificial intelligence, especializada em inteligência artificial (ia) para […]"
N0020809,2021-09-16 19:00:39,2021-09-16T22:00:39,2021-09-17,CAT7_Macro_Energia,Petronoticias,WP_Petronoticias,ABDAN E SBMN ALERTAM QUE 10 MIL PACIENTES DEIXARÃO DE SER ATENDIDOS POR DIA COM A SUSPENSÃO DA PRODUÇÃO DE RADIOISÓTOPOS,"A interrupção na produção de radioisótopos e radiofármacos, pela falta de recursos no Instituto de Pesquisas Energética e Nucleares (IPEN), trará consequências muito negativas para brasileiros que estão lutando contra o câncer e problemas de coração. A Associação Brasileira para Desenvolvimento das Atividades Nucleares (ABDAN) e a Sociedade Brasileira de Medina Nuclear (SBMN) calculam que […]",https://petronoticias.com.br/abdan-e-sbmn-alertam-que-10-mil-pacientes-por-dia-deixarao-de-ser-atendidos-com-a-suspensao-da-producao-de-radioisotopos/,pt,"abdan e sbmn alertam que 10 mil pacientes deixarão de ser atendidos por dia com a suspensão da produção de radioisótopos || a interrupção na produção de radioisótopos e radiofármacos, pela falta de recursos no instituto de pesquisas energética e nucleares (ipen), trará consequências muito negativas para brasileiros que estão lutando contra o câncer e problemas de coração. a associação brasileira para desenvolvimento das atividades nucleares (abdan) e a sociedade brasileira de medina nuclear (sbmn) calculam que […]"
N0021603,2021-10-26 18:01:03,2021-10-26T21:01:03,2021-10-27,CAT2_Mercado_Petroleo,MoneyTimes,WP_MoneyTimes,"Em dia negativo para a bolsa, EDP Energias Brasil lidera altas do Ibovespa após balanço","As ações da EDP Energias Brasil (ENBR3) foram a maior alta do Ibovespa desta terça-feira (26), dia em que o principal índice da bolsa derreteu 2%. Os papéis da holding do setor elétrico subiram 2,23%, a R$ 19,67. O mercado reage ao balanço do terceiro trimestre divulgado pela empresa e ao anúncio do programa de recompra […]",https://www.moneytimes.com.br/em-dia-negativo-para-a-bolsa-edp-energias-brasil-lidera-altas-do-ibovespa-apos-balanco/,pt,"em dia negativo para a bolsa, edp energias brasil lidera altas do ibovespa após balanço || as ações da edp energias brasil (enbr3) foram a maior alta do ibovespa desta terça-feira (26), dia em que o principal índice da bolsa derreteu 2%. os papéis da holding do setor elétrico subiram 2,23%, a r$ 19,67. o mercado reage ao balanço do terceiro trimestre divulgado pela empresa e ao anúncio do programa de recompra […]"
N0021793,2021-11-04 17:11:47,2021-11-04T20:11:47,2021-11-05,CAT2_Mercado_Petroleo,InfoMoney,WP_InfoMoney,"Siderurgia é destaque positivo para CSN (CSNA3) no 3º tri, mas minério afeta números da companhia e da CSN Mineração (CMIN3)","Números das empresas, notoriamente de CMIN3, decepcionaram as estimativas por conta dos preços realizados de minério de ferro",https://www.infomoney.com.br/mercados/siderurgia-e-destaque-positivo-para-csn-csna3-no-3o-tri-mas-minerio-afeta-numeros-da-companhia-e-da-csn-mineracao-cmin3/,pt,"siderurgia é destaque positivo para csn (csna3) no 3º tri, mas minério afeta números da companhia e da csn mineração (cmin3) || números das empresas, notoriamente de cmin3, decepcionaram as estimativas por conta dos preços realizados de minério de ferro"
N0021820,2021-11-05 17:26:53,2021-11-05T20:26:53,2021-11-08,CAT2_Mercado_Petroleo,MoneyTimes,WP_MoneyTimes,Wall Street bate recorde com forte relatório de empregos e novo medicamento para Covid,O índice acionário S&P 500 marcou outro recorde nesta sexta-feira e registrou uma semana de ganhos sólidos após um forte relatório de empregos nos Estados Unidos e a divulgação de dados positivos para a pílula experimental da Pfizer contra Covid-19. O S&P 500 e o Nasdaq registraram o sétimo fechamento recorde consecutivo. Os dois índices […],https://www.moneytimes.com.br/sp-renova-recorde-com-forte-relatorio-de-empregos-e-novo-medicamento-anti-covid-da-pfizer/,pt,wall street bate recorde com forte relatório de empregos e novo medicamento para covid || o índice acionário s&p 500 marcou outro recorde nesta sexta-feira e registrou uma semana de ganhos sólidos após um forte relatório de empregos nos estados unidos e a divulgação de dados positivos para a pílula experimental da pfizer contra covid-19. o s&p 500 e o nasdaq registraram o sétimo fechamento recorde consecutivo. os dois índices […]
N0021817,2021-11-05 17:18:21,2021-11-05T20:18:21,2021-11-08,CAT1_Empresa,InfoMoney,WP_InfoMoney,"PetroRio (PRIO3) salta 17,9% com consórcios escolhidos para negociar Albacora: por que operação é tão positiva para ação?","Com campos Albacora e Albacora Leste, petroleira pode mais do que dobrar sua produção",https://www.infomoney.com.br/mercados/petrorio-prio3-salta-20-com-consorcios-escolhidos-para-negociar-albacora-por-que-operacao-e-tao-positiva-para-acao/,pt,"petrorio (prio3) salta 17,9% com consórcios escolhidos para negociar albacora: por que operação é tão positiva para ação? || com campos albacora e albacora leste, petroleira pode mais do que dobrar sua produção"
N0021869,2021-11-08 21:31:46,2021-11-09T00:31:46,2021-11-09,CAT2_Mercado_Petroleo,MoneyTimes,WP_MoneyTimes,Preços do petróleo avançam com gastos dos EUA e preocupações de oferta,"Os preços do petróleo subiram nesta segunda-feira, uma vez que os sinais positivos para o crescimento econômico global apoiaram as perspectivas para a demanda de energia e os Estados Unidos disseram que estão pesando opções para lidar com os preços elevados. O petróleo Brent fechou com alta de 0,83% a 83,43 dólares o barril. O […]",https://www.moneytimes.com.br/precos-do-petroleo-avancam-com-gastos-dos-eua-e-preocupacoes-de-oferta/,pt,"preços do petróleo avançam com gastos dos eua e preocupações de oferta || os preços do petróleo subiram nesta segunda-feira, uma vez que os sinais positivos para o crescimento econômico global apoiaram as perspectivas para a demanda de energia e os estados unidos disseram que estão pesando opções para lidar com os preços elevados. o petróleo brent fechou com alta de 0,83% a 83,43 dólares o barril. o […]"
N0021880,2021-11-09 18:09:34,2021-11-09T21:09:34,2021-11-10,CAT2_Mercado_Petroleo,InfoMoney,WP_InfoMoney,"Gol (GOLL4): analistas apontam recuperação pela frente, mas seguem cautelosos com alertas de concorrência; ação cai 3,4%","Bradesco BBI reduziu o preço-alvo de R$ 27 para R$ 20 por ação, de forma a incorporar os resultados e também a revisão das projeções",https://www.infomoney.com.br/mercados/gol-goll4-analistas-apontam-recuperacao-pela-frente-mas-seguem-cautelosos-com-alertas-de-maior-concorrencia/,pt,"gol (goll4): analistas apontam recuperação pela frente, mas seguem cautelosos com alertas de concorrência; ação cai 3,4% || bradesco bbi reduziu o preço-alvo de r$ 27 para r$ 20 por ação, de forma a incorporar os resultados e também a revisão das projeções"
N0021899,2021-11-10 18:11:13,2021-11-10T21:11:13,2021-11-11,CAT1_Empresa,MoneyTimes,WP_MoneyTimes,"Ibovespa avança após PEC passar na Câmara, mas NY reduz fôlego","O Ibovespa (IBOV) fechou em alta pelo segundo pregão seguido nesta quarta-feira, refletindo alívio com a aprovação da PEC dos Precatórios na Câmara dos Deputados, enquanto Bradesco (BBDC4) disparou após executivos do banco adotarem um tom mais positivo para 2022. A queda em Wall Street, em meio a preocupações com a inflação, e o declínio […]",https://www.moneytimes.com.br/ibovespa-fecha-em-alta-apos-pec-passar-na-camara-mas-ny-e-petroleo-reduzem-folego/,pt,"ibovespa avança após pec passar na câmara, mas ny reduz fôlego || o ibovespa (ibov) fechou em alta pelo segundo pregão seguido nesta quarta-feira, refletindo alívio com a aprovação da pec dos precatórios na câmara dos deputados, enquanto bradesco (bbdc4) disparou após executivos do banco adotarem um tom mais positivo para 2022. a queda em wall street, em meio a preocupações com a inflação, e o declínio […]"
N0021970,2021-11-13 19:35:29,2021-11-13T22:35:29,2021-11-16,CAT2_Mercado_Petroleo,MoneyTimes,WP_MoneyTimes,Por que o Bank of America acredita que a Raízen pode disparar 84%?,"Desde o IPO da Raízen (RAIZ4) em agosto deste ano, que os investidores aguardam as ações deslancharem. Para o Bank of America, a alta do papel pode chegar a 84% nos próximos 12 meses, com preço-alvo de R$ 12, levando em conta o valor de fechamento a R$ 6,52 no dia 12 de novembro. O […]",https://www.moneytimes.com.br/por-que-o-bank-of-america-acredita-que-a-raizen-pode-disparar-84/,pt,"por que o bank of america acredita que a raízen pode disparar 84%? || desde o ipo da raízen (raiz4) em agosto deste ano, que os investidores aguardam as ações deslancharem. para o bank of america, a alta do papel pode chegar a 84% nos próximos 12 meses, com preço-alvo de r$ 12, levando em conta o valor de fechamento a r$ 6,52 no dia 12 de novembro. o […]"
N0022037,2021-11-18 17:15:00,2021-11-18T20:15:00,2021-11-19,CAT7_Macro_Energia,MoneyTimes,WP_MoneyTimes,Dólar emenda 4ª alta e bate máxima em duas semanas em dia arisco no exterior e fiscal doméstico preocupa,"O dólar (USDBLR) registrou a quarta alta consecutiva nesta quinta-feira e fechou em uma máxima em duas semanas, ficando mais perto de 5,60 reais, com investidores demandando a moeda norte-americana num dia negativo para ativos de mercados emergentes e em meio ao contínuo imbróglio fiscal no Brasil. “No Brasil, na ausência de novidades e com […]",https://www.moneytimes.com.br/dolar-a-vista-fecha-em-alta-de-078-a-r-556/,pt,"dólar emenda 4ª alta e bate máxima em duas semanas em dia arisco no exterior e fiscal doméstico preocupa || o dólar (usdblr) registrou a quarta alta consecutiva nesta quinta-feira e fechou em uma máxima em duas semanas, ficando mais perto de 5,60 reais, com investidores demandando a moeda norte-americana num dia negativo para ativos de mercados emergentes e em meio ao contínuo imbróglio fiscal no brasil. “no brasil, na ausência de novidades e com […]"
N0022082,2021-11-20 17:09:21,2021-11-20T20:09:21,2021-11-22,CAT1_Empresa,MoneyTimes,WP_MoneyTimes,O novo problema que a Vale terá que enfrentar,"A Ativa cortou o preço-alvo da Vale (VALE3) em 30%, de R$ 120 para R$ 84,50, em meio à deterioração dos preços do minério de ferro. A recomendação neutra foi mantida.  Para o analista Ilan Arbetman, a demanda na China, grande consumidora global da commodity, continuará pressionada. Restrições ambientais e a desaceleração do crescimento chinês […]",https://www.moneytimes.com.br/o-novo-problema-que-a-vale-tera-que-enfrentar/,pt,"o novo problema que a vale terá que enfrentar || a ativa cortou o preço-alvo da vale (vale3) em 30%, de r$ 120 para r$ 84,50, em meio à deterioração dos preços do minério de ferro. a recomendação neutra foi mantida.  para o analista ilan arbetman, a demanda na china, grande consumidora global da commodity, continuará pressionada. restrições ambientais e a desaceleração do crescimento chinês […]"
N0022164,2021-11-25 17:22:55,2021-11-25T20:22:55,2021-11-26,CAT1_Empresa,MoneyTimes,WP_MoneyTimes,"Vale: Aposte nas vantagens competitivas da mineradora, diz Genial em início de cobertura","A Genial Investimentos iniciou a cobertura das ações da Vale (VALE3) com recomendação de compra e preço-alvo de R$ 91, implicando em potencial de ganhos de 28,2% em relação ao fechamento desta quarta-feira (24), de R$ 70,98. O modelo de investimento considera o minério de ferro a US$ 90 por tonelada em 2022, sob expectativa […]",https://www.moneytimes.com.br/vale-aposte-nas-vantagens-competitivas-da-mineradora-diz-genial-em-inicio-de-cobertura/,pt,"vale: aposte nas vantagens competitivas da mineradora, diz genial em início de cobertura || a genial investimentos iniciou a cobertura das ações da vale (vale3) com recomendação de compra e preço-alvo de r$ 91, implicando em potencial de ganhos de 28,2% em relação ao fechamento desta quarta-feira (24), de r$ 70,98. o modelo de investimento considera o minério de ferro a us$ 90 por tonelada em 2022, sob expectativa […]"
N0022210,2021-11-28 17:17:15,2021-11-28T20:17:15,2021-11-29,CAT2_Mercado_Petroleo,MoneyTimes,WP_MoneyTimes,2 ações podem ganhar muito no Brasil com a energia do hidrogênio verde,"O BTG Pactual (BPAC11) está de olho nas oportunidades dentro do mercado de hidrogênio verde no Brasil, e lista duas ações com potencial de ganharem bastante dinheiro: Aeris (AERI3) e WEG (WEGE3). A primeira companhia tem recomendação de compra e preço-alvo de R$ 11, enquanto que a segunda tem indicação neutra do banco e preço-alvo […]",https://www.moneytimes.com.br/2-acoes-podem-ganhar-muito-no-brasil-com-a-energia-do-hidrogenio-verde/,pt,"2 ações podem ganhar muito no brasil com a energia do hidrogênio verde || o btg pactual (bpac11) está de olho nas oportunidades dentro do mercado de hidrogênio verde no brasil, e lista duas ações com potencial de ganharem bastante dinheiro: aeris (aeri3) e weg (wege3). a primeira companhia tem recomendação de compra e preço-alvo de r$ 11, enquanto que a segunda tem indicação neutra do banco e preço-alvo […]"
N0022291,2021-12-02 18:17:51,2021-12-02T21:17:51,2021-12-03,CAT1_Empresa,MoneyTimes,WP_MoneyTimes,Ibovespa tem maior alta desde maio de 2020 com avanço da PEC e exterior,"O Ibovespa (IBOV) teve a maior alta desde o segundo trimestre de 2020 nesta quinta-feira, após a aprovação da PEC dos Precatórios no Senado e diante de sessão positiva para as bolsas nos Estados Unidos. O índice vinha de duas quedas consecutivas, tendo renovado o menor patamar de fechamento do ano na véspera, o que […]",https://www.moneytimes.com.br/ibovespa-tem-maior-alta-desde-maio-de-2020-com-avanco-da-pec-e-exterior/,pt,"ibovespa tem maior alta desde maio de 2020 com avanço da pec e exterior || o ibovespa (ibov) teve a maior alta desde o segundo trimestre de 2020 nesta quinta-feira, após a aprovação da pec dos precatórios no senado e diante de sessão positiva para as bolsas nos estados unidos. o índice vinha de duas quedas consecutivas, tendo renovado o menor patamar de fechamento do ano na véspera, o que […]"
N0022338,2021-12-06 18:11:16,2021-12-06T21:11:16,2021-12-07,CAT1_Empresa,MoneyTimes,WP_MoneyTimes,Ibovespa sobe pela 3ª sessão seguida diante de menor receio com Ômicron,"O Ibovespa (IBOV) garantiu a terceira alta seguida nesta segunda-feira, para o maior nível de fechamento desde meados de novembro, com diminuição dos receios em relação à Ômicron e o andamento da PEC dos Precatórios sustentando o clima positivo na bolsa brasileira. Vale foi a maior contribuição positiva para o índice, enquanto Rumo ocupou a […]",https://www.moneytimes.com.br/ibovespa-sobe-pela-3a-sessao-seguida-diante-de-menor-receio-com-omicron/,pt,"ibovespa sobe pela 3ª sessão seguida diante de menor receio com ômicron || o ibovespa (ibov) garantiu a terceira alta seguida nesta segunda-feira, para o maior nível de fechamento desde meados de novembro, com diminuição dos receios em relação à ômicron e o andamento da pec dos precatórios sustentando o clima positivo na bolsa brasileira. vale foi a maior contribuição positiva para o índice, enquanto rumo ocupou a […]"
N0022416,2021-12-09 17:15:59,2021-12-09T20:15:59,2021-12-10,CAT7_Macro_Energia,MoneyTimes,WP_MoneyTimes,"Ação da CSN Mineração sofreu mais do que deveria com correção, avalia XP","A ação da CSN Mineração (CMIN3) sofreu mais do que a correção nos preços do minério de ferro deveria resultar, disse a XP Investimentos. Apesar de estar restrita quanto ao nome, a corretora manteve a recomendação de compra para a mineradora, com preço-alvo de R$ 7,80, implicando um potencial de valorização de 20% sobre a […]",https://www.moneytimes.com.br/acao-da-csn-mineracao-sofreu-mais-do-que-deveria-com-correcao-avalia-xp/,pt,"ação da csn mineração sofreu mais do que deveria com correção, avalia xp || a ação da csn mineração (cmin3) sofreu mais do que a correção nos preços do minério de ferro deveria resultar, disse a xp investimentos. apesar de estar restrita quanto ao nome, a corretora manteve a recomendação de compra para a mineradora, com preço-alvo de r$ 7,80, implicando um potencial de valorização de 20% sobre a […]"
N0022558,2021-12-16 18:15:29,2021-12-16T21:15:29,2021-12-17,CAT1_Empresa,MoneyTimes,WP_MoneyTimes,Ibovespa sobe com commodities e resiste à queda em NY após decisões de BCs,"O principal índice brasileiro de ações subiu nesta sexta-feira, na contramão dos principais índices em Wall Street, com suporte de papéis ligados a commodities e noticiário corporativo intenso. A sessão foi marcada pela reação a decisões de política monetárias de alguns dos principais bancos centrais do mundo. Vale (VALE3) foi a principal contribuição positiva para […]",https://www.moneytimes.com.br/ibovespa-sobe-com-suporte-de-commodities-apesar-de-sessao-negativa-em-wall-street/,pt,"ibovespa sobe com commodities e resiste à queda em ny após decisões de bcs || o principal índice brasileiro de ações subiu nesta sexta-feira, na contramão dos principais índices em wall street, com suporte de papéis ligados a commodities e noticiário corporativo intenso. a sessão foi marcada pela reação a decisões de política monetárias de alguns dos principais bancos centrais do mundo. vale (vale3) foi a principal contribuição positiva para […]"
N0022881,2022-01-10 18:13:27,2022-01-10T21:13:27,2022-01-11,CAT1_Empresa,MoneyTimes,WP_MoneyTimes,Ibovespa cai com exterior em dia de disparada dos Treasuries,"O principal índice da bolsa brasileira cedeu nesta segunda-feira, em sessão negativa para as bolsas em Wall Street, dada o avanço dos rendimentos dos títulos do governo dos Estados Unidos com cenário de alta de juros nos próximos meses. Papéis de da Vale (VALE3) foi a principal pressão no índice local. Ações dos setores de […]",https://www.moneytimes.com.br/ibovespa-acompanha-queda-no-exterior-com-disparada-dos-treasuries/,pt,"ibovespa cai com exterior em dia de disparada dos treasuries || o principal índice da bolsa brasileira cedeu nesta segunda-feira, em sessão negativa para as bolsas em wall street, dada o avanço dos rendimentos dos títulos do governo dos estados unidos com cenário de alta de juros nos próximos meses. papéis de da vale (vale3) foi a principal pressão no índice local. ações dos setores de […]"
N0022946,2022-01-13 19:35:48,2022-01-13T22:35:48,2022-01-14,CAT1_Empresa,MoneyTimes,WP_MoneyTimes,"Em dia bom para frigoríficos, Marfrig (MRFG3), JBS (JBSS3) e Minerva (BEEF3) sobem nesta quinta","Em um dia bom para os frigoríficos (algo raro em 2022), empresas como Marfrig (MRFG3), Minerva (BEEF3) e JBS (JBSS3) tiveram destaque no pregão desta quinta-feira (13). Destaques no Ibovespa, a Marfrig subiu 5,2%, a Minerva ganhou 3,06% e a JBS avançou 1,73%. O motivo para isso, segundo os analistas ouvidos pelo Money Times, foi a divulgação sobre o […]",https://www.moneytimes.com.br/em-dia-bom-para-frigorificos-marfrig-mrfg3-jbs-jbss3-e-minerva-beef3-sobem-nesta-quinta/,pt,"em dia bom para frigoríficos, marfrig (mrfg3), jbs (jbss3) e minerva (beef3) sobem nesta quinta || em um dia bom para os frigoríficos (algo raro em 2022), empresas como marfrig (mrfg3), minerva (beef3) e jbs (jbss3) tiveram destaque no pregão desta quinta-feira (13). destaques no ibovespa, a marfrig subiu 5,2%, a minerva ganhou 3,06% e a jbs avançou 1,73%. o motivo para isso, segundo os analistas ouvidos pelo money times, foi a divulgação sobre o […]"
N0022950,2022-01-13 21:33:20,2022-01-14T00:33:20,2022-01-14,CAT2_Mercado_Petroleo,InfoMoney,WP_InfoMoney,"Com recomendação de compra à Magazine Luiza (MGLU3) e venda à Via (VIIA3), Goldman Sachs revisa varejistas e reduz preço-alvo","Mesmo com a diminuição das projeções dos preços das ações, banco destacou preferências por Mercado Livre, Assai, RD, Lojas Renner, Arezzo e Magazine Luiza",https://www.infomoney.com.br/mercados/com-recomendacao-de-compra-a-magazine-luiza-mglu3-e-venda-a-via-viia3-goldman-sachs-revisa-varejistas-e-reduz-preco-alvo/,pt,"com recomendação de compra à magazine luiza (mglu3) e venda à via (viia3), goldman sachs revisa varejistas e reduz preço-alvo || mesmo com a diminuição das projeções dos preços das ações, banco destacou preferências por mercado livre, assai, rd, lojas renner, arezzo e magazine luiza"
N0022956,2022-01-14 17:43:19,2022-01-14T20:43:19,2022-01-17,CAT1_Empresa,InfoMoney,WP_InfoMoney,Ultrapar (UGPA3) tem recomendação cortada pelo BofA; banco mantém compra para Petrobras (PETR4) e Braskem (BRKM5),"Contudo, preço-alvo tanto dos ativos PETR4 quanto dos BRKM5 foram cortados pelo banco americano",https://www.infomoney.com.br/mercados/ultrapar-ugpa3-tem-recomendacao-cortada-pelo-bofa-que-mantem-compra-para-petrobras-petr4-e-braskem-brkm5/,pt,"ultrapar (ugpa3) tem recomendação cortada pelo bofa; banco mantém compra para petrobras (petr4) e braskem (brkm5) || contudo, preço-alvo tanto dos ativos petr4 quanto dos brkm5 foram cortados pelo banco americano"
N0022991,2022-01-17 18:11:47,2022-01-17T21:11:47,2022-01-18,CAT1_Empresa,MoneyTimes,WP_MoneyTimes,Ibovespa cai em dia de baixa liquidez por feriado nos EUA e Braskem cai mais de 6%,"O principal índice brasileiro de ações recuou nesta segunda-feira, depois de registrar sua melhor semana desde março de 2021, em sessão de liquidez baixa por conta de feriado nos EUA. Papéis de empresas ligadas a commodities metálicas e ao consumo estiveram entre as principais contribuições negativas para o índice, assim como as ações de Braskem […]",https://www.moneytimes.com.br/ibovespa-cai-em-sessao-de-baixa-liquidez-por-feriado-nos-eua/,pt,"ibovespa cai em dia de baixa liquidez por feriado nos eua e braskem cai mais de 6% || o principal índice brasileiro de ações recuou nesta segunda-feira, depois de registrar sua melhor semana desde março de 2021, em sessão de liquidez baixa por conta de feriado nos eua. papéis de empresas ligadas a commodities metálicas e ao consumo estiveram entre as principais contribuições negativas para o índice, assim como as ações de braskem […]"
N0023045,2022-01-19 17:40:05,2022-01-19T20:40:05,2022-01-20,CAT7_Macro_Energia,Exame,WP_Exame,"Dólar cai abaixo de R$ 5,50 e fecha no menor patamar em dois meses",Real ganhou força com dia positivo para commodities e alívio nas bolsas globais,https://exame.com/invest/mercados/dolar-cai-abaixo-de-r-550-menor-patamar-em-dois-meses/,pt,"dólar cai abaixo de r$ 5,50 e fecha no menor patamar em dois meses || real ganhou força com dia positivo para commodities e alívio nas bolsas globais"
N0023165,2022-01-25 19:09:06,2022-01-25T22:09:06,2022-01-26,CAT1_Empresa,MoneyTimes,WP_MoneyTimes,Confira as maiores altas e baixas do Ibovespa (IBOV) em dia positivo para o índice,"O Ibovespa (IBOV) fechou em alta de 2,1% nesta terça-feira (25), a 110 mil pontos. O volume financeiro negociado na sessão foi de R$ 31,5 bilhões. Para Alexsandro Nishimura, economista, head de conteúdo e sócio da BRA, o mercado interno foi puxado pelo avanço de empresas como Petrobras (PETR4), que saltou 3,26%. Segundo Pedro Galdi, […]",https://www.moneytimes.com.br/confira-as-maiores-altas-e-baixas-do-ibovespa-ibov-em-dia-positivo-para-o-indice/,pt,"confira as maiores altas e baixas do ibovespa (ibov) em dia positivo para o índice || o ibovespa (ibov) fechou em alta de 2,1% nesta terça-feira (25), a 110 mil pontos. o volume financeiro negociado na sessão foi de r$ 31,5 bilhões. para alexsandro nishimura, economista, head de conteúdo e sócio da bra, o mercado interno foi puxado pelo avanço de empresas como petrobras (petr4), que saltou 3,26%. segundo pedro galdi, […]"
N0023312,2022-02-01 18:54:49,2022-02-01T21:54:49,2022-02-02,CAT1_Empresa,MoneyTimes,WP_MoneyTimes,"Inter (BIDI11) salta 8,1% e tem melhor desempenho do Ibovespa nesta terça, após JPMorgan elevar preço-alvo","O Ibovespa (IBOV) fechou em alta de 0,97%, a 113.228,31 pontos nesta terça-feira (1º), amparado pela entrada de fluxo estrangeiro. Investidores também aguardam a decisão do Comitê de Política Monetária (Copom) do Banco Central. O Banco Central começou hoje sua reunião de política monetária. A decisão das autoridades sairá amanhã, e a expectativa do mercado é […]",https://www.moneytimes.com.br/inter-bidi11-salta-81-e-tem-melhor-desempenho-do-ibovespa-nesta-terca-apos-jpmorgan-elevar-preco-alvo/,pt,"inter (bidi11) salta 8,1% e tem melhor desempenho do ibovespa nesta terça, após jpmorgan elevar preço-alvo || o ibovespa (ibov) fechou em alta de 0,97%, a 113.228,31 pontos nesta terça-feira (1º), amparado pela entrada de fluxo estrangeiro. investidores também aguardam a decisão do comitê de política monetária (copom) do banco central. o banco central começou hoje sua reunião de política monetária. a decisão das autoridades sairá amanhã, e a expectativa do mercado é […]"
N0023454,2022-02-08 18:04:53,2022-02-08T21:04:53,2022-02-09,CAT1_Empresa,MoneyTimes,WP_MoneyTimes,Ibovespa futuro tem leve alta em dia negativo para Petrobras e com ata do Copom,"O Ibovespa futuro encerrou em leve alta nesta terça-feira (8), mesmo após a divulgação de uma ata mais dura por parte do Comitê de Política Monetária (Copom) do Banco Central. O índice registrou ganhos de 0,18%, a 112.418 pontos, segundo dados preliminares. O mercado viveu boa parte do dia sob pressão com o tom mais […]",https://www.moneytimes.com.br/ibovespa-futuro-tem-leve-alta-em-dia-negativo-para-petrobras-e-com-ata-do-copom/,pt,"ibovespa futuro tem leve alta em dia negativo para petrobras e com ata do copom || o ibovespa futuro encerrou em leve alta nesta terça-feira (8), mesmo após a divulgação de uma ata mais dura por parte do comitê de política monetária (copom) do banco central. o índice registrou ganhos de 0,18%, a 112.418 pontos, segundo dados preliminares. o mercado viveu boa parte do dia sob pressão com o tom mais […]"
N0023622,2022-02-15 18:04:18,2022-02-15T21:04:18,2022-02-16,CAT1_Empresa,MoneyTimes,WP_MoneyTimes,Ibovespa futuro segue otimismo no exterior e fecha em alta nesta terça,"O Ibovespa futuro fechou em alta nesta terça-feira (15) de tom positivo para boa parte dos mercados globais. O índice registrou ganhos de 0,88%, a 114.816 pontos, de acordo com dados preliminares. Investidores mostraram um pouco do otimismo na sessão de hoje, refletindo o alívio das tensões no Leste Europeu. O governo russo, que chegou a […]",https://www.moneytimes.com.br/ibovespa-futuro-segue-otimismo-no-exterior-e-fecha-em-alta-nesta-terca/,pt,"ibovespa futuro segue otimismo no exterior e fecha em alta nesta terça || o ibovespa futuro fechou em alta nesta terça-feira (15) de tom positivo para boa parte dos mercados globais. o índice registrou ganhos de 0,88%, a 114.816 pontos, de acordo com dados preliminares. investidores mostraram um pouco do otimismo na sessão de hoje, refletindo o alívio das tensões no leste europeu. o governo russo, que chegou a […]"
N0023710,2022-02-17 19:22:45,2022-02-17T22:22:45,2022-02-18,CAT1_Empresa,MoneyTimes,WP_MoneyTimes,"Totvs sobe 5,8% em dia negativo para o Ibovespa; descubra o motivo","As ações da Totvs (TOTS3) fecharam em alta de 5,81%, cotadas a R$ 32,22, nesta quinta-feira (17). O ativo teve a maior alta da sessão. De acordo com o analista Pedro Galdi, da Mirae Asset, a alta veio após a companhia divulgar o balanço na véspera. A empresa reportou lucro líquido de R$ 374 milhões […]",https://www.moneytimes.com.br/totvs-sobe-58-em-dia-negativo-para-o-ibovespa-descubra-o-motivo/,pt,"totvs sobe 5,8% em dia negativo para o ibovespa; descubra o motivo || as ações da totvs (tots3) fecharam em alta de 5,81%, cotadas a r$ 32,22, nesta quinta-feira (17). o ativo teve a maior alta da sessão. de acordo com o analista pedro galdi, da mirae asset, a alta veio após a companhia divulgar o balanço na véspera. a empresa reportou lucro líquido de r$ 374 milhões […]"
N0024035,2022-02-25 18:45:09,2022-02-25T21:45:09,2022-03-02,CAT3_Geopolitica,MoneyTimes,WP_MoneyTimes,"Eternit (ETER3) está perto de sair da recuperação judicial e pode disparar 90%, dizem analistas","Os analistas da Planner estão bastante otimistas com o papel da Eternit (ETER3), empresa que está em recuperação judicial desde 2019. Em início de cobertura, a corretora estabeleceu em R$ 26,60 o preço-alvo, potencial de alta de 90%. Segundo Mario R. Mariante, que assina o relatório, a companhia já cumpriu as principais etapas do plano […]",https://www.moneytimes.com.br/eternit-eter3-esta-perto-de-sair-da-recuperacao-judicial-e-pode-disparar-90-dizem-analistas/,pt,"eternit (eter3) está perto de sair da recuperação judicial e pode disparar 90%, dizem analistas || os analistas da planner estão bastante otimistas com o papel da eternit (eter3), empresa que está em recuperação judicial desde 2019. em início de cobertura, a corretora estabeleceu em r$ 26,60 o preço-alvo, potencial de alta de 90%. segundo mario r. mariante, que assina o relatório, a companhia já cumpriu as principais etapas do plano […]"
N0024027,2022-02-25 18:21:51,2022-02-25T21:21:51,2022-03-02,CAT7_Macro_Energia,InfoMoney,WP_InfoMoney,"Hypera (HYPE3) tem bom resultado e aponta para 2022 promissor, dizem analistas; companhia vê alta na demanda","Mesmo com a preocupação sobre as margens, recentes aquisições e a capacidade em repassar preço são pontos positivos para companhia",https://www.infomoney.com.br/mercados/hypera-hype3-tem-bom-resultado-e-aponta-para-2022-promissor-dizem-analistas-companhia-ve-alta-na-demanda/,pt,"hypera (hype3) tem bom resultado e aponta para 2022 promissor, dizem analistas; companhia vê alta na demanda || mesmo com a preocupação sobre as margens, recentes aquisições e a capacidade em repassar preço são pontos positivos para companhia"
N0024024,2022-02-25 18:18:00,2022-02-25T21:18:00,2022-03-02,CAT1_Empresa,InfoMoney,WP_InfoMoney,"Vale (VALE3): resultado foi abaixo, mas analistas seguem otimistas; ação sai de queda de quase 3% para alta de mais de 5%","Bradesco BBI, XP e Itaú BBA seguem com recomendação de compra para ação; BBI vê que lucros provavelmente aumentarão nos próximos trimestres",https://www.infomoney.com.br/mercados/vale-vale3-ebitda-e-dividendo-nao-agradam-apesar-de-lucro-recorde-em-2021-mas-analistas-seguem-otimistas-com-acao/,pt,"vale (vale3): resultado foi abaixo, mas analistas seguem otimistas; ação sai de queda de quase 3% para alta de mais de 5% || bradesco bbi, xp e itaú bba seguem com recomendação de compra para ação; bbi vê que lucros provavelmente aumentarão nos próximos trimestres"
N0024383,2022-03-04 19:23:15,2022-03-04T22:23:15,2022-03-07,CAT1_Empresa,MoneyTimes,WP_MoneyTimes,"Ibovespa cai com exterior negativo por crise na Ucrânia, apesar de dados macro positivos","O principal índice da bolsa brasileira caiu nesta sexta-feira, mas fechou longe das mínimas, em sessão de aversão ao risco após ofensiva da Rússia contra a maior usina nuclear da Europa, na Ucrânia, elevar temores sobre a guerra e ofuscar dados macroeconômicos positivos. O setor financeiro foi a principal influência negativa para o índice, enquanto […]",https://www.moneytimes.com.br/ibovespa-cai-com-exterior-negativo-por-crise-na-ucrania-apesar-de-dados-macro-positivos/,pt,"ibovespa cai com exterior negativo por crise na ucrânia, apesar de dados macro positivos || o principal índice da bolsa brasileira caiu nesta sexta-feira, mas fechou longe das mínimas, em sessão de aversão ao risco após ofensiva da rússia contra a maior usina nuclear da europa, na ucrânia, elevar temores sobre a guerra e ofuscar dados macroeconômicos positivos. o setor financeiro foi a principal influência negativa para o índice, enquanto […]"
N0024454,2022-03-07 17:18:38,2022-03-07T20:18:38,2022-03-08,CAT2_Mercado_Petroleo,MoneyTimes,WP_MoneyTimes,"Petróleo a US$ 200? Para BofA, valor pode ser alcançado se EUA banir exportação da Rússia","Se o petróleo a mais de US$ 130 já assusta os mercados mundiais, a situação ainda pode ficar mais grave, segundo o Bank of America (BOAC34). Os analistas do banco afirmaram, em relatório, que o petróleo pode chegar a US$ 200 caso os Estados Unidos ampliem suas sanções ao combustível da Rússia — o que […]",https://www.moneytimes.com.br/petroleo-a-us-200-para-bofa-valor-pode-ser-alcancado-se-eua-banir-exportacao-da-russia/,pt,"petróleo a us$ 200? para bofa, valor pode ser alcançado se eua banir exportação da rússia || se o petróleo a mais de us$ 130 já assusta os mercados mundiais, a situação ainda pode ficar mais grave, segundo o bank of america (boac34). os analistas do banco afirmaram, em relatório, que o petróleo pode chegar a us$ 200 caso os estados unidos ampliem suas sanções ao combustível da rússia — o que […]"
N0024592,2022-03-09 18:06:32,2022-03-09T21:06:32,2022-03-10,CAT3_Geopolitica,MoneyTimes,WP_MoneyTimes,Americanas (AMER3): BB Investimentos corta em 52% o preço-alvo por pressão da inflação,"O BB Investimentos cortou o preço-alvo da Americanas (AMER3) em 52%, de R$ 75,60 para R$ 35,60, após incorporar os resultados do segundo semestre de 2021 e os desafios macroeconômicos. Além disso, a corretora rebaixou a recomendação de compra para neutra. Segundo a analista Georgia Jorge, que assina o relatório, as perspectivas de curto prazo […]",https://www.moneytimes.com.br/americanas-amer3-bb-investimentos-corta-em-52-o-preco-alvo-por-pressao-da-inflacao/,pt,"americanas (amer3): bb investimentos corta em 52% o preço-alvo por pressão da inflação || o bb investimentos cortou o preço-alvo da americanas (amer3) em 52%, de r$ 75,60 para r$ 35,60, após incorporar os resultados do segundo semestre de 2021 e os desafios macroeconômicos. além disso, a corretora rebaixou a recomendação de compra para neutra. segundo a analista georgia jorge, que assina o relatório, as perspectivas de curto prazo […]"
N0024729,2022-03-11 18:14:34,2022-03-11T21:14:34,2022-03-14,CAT3_Geopolitica,InfoMoney,WP_InfoMoney,"Ação da Santos Brasil (STBP3) fecha em queda de 3,65% após resultado, mas analistas mostram otimismo e reiteram recomendação de compra","Em teleconferência, executivos da companhia apontaram ainda que os volumes movimentados nos terminais portuários da empresa estão em linha com o projetado",https://www.infomoney.com.br/mercados/acao-da-santos-brasil-stbp3-cai-forte-apos-resultado-mas-analistas-mostram-otimismo-com-numeros-da-companhia-e-reiteram-compra/,pt,"ação da santos brasil (stbp3) fecha em queda de 3,65% após resultado, mas analistas mostram otimismo e reiteram recomendação de compra || em teleconferência, executivos da companhia apontaram ainda que os volumes movimentados nos terminais portuários da empresa estão em linha com o projetado"
N0024807,2022-03-14 18:00:55,2022-03-14T21:00:55,2022-03-15,CAT2_Mercado_Petroleo,Poder360,WP_Poder360,"Guerra deve aumentar preços e impactar indústria, diz CNI","Inflação poderá acarretar altas nas taxas de juros globais e no País, com efeitos negativos para a economia brasileira",https://www.poder360.com.br/europa-em-guerra/guerra-deve-aumentar-precos-e-impactar-industria-diz-cni/,pt,"guerra deve aumentar preços e impactar indústria, diz cni || inflação poderá acarretar altas nas taxas de juros globais e no país, com efeitos negativos para a economia brasileira"
N0024811,2022-03-14 18:09:22,2022-03-14T21:09:22,2022-03-15,CAT1_Empresa,MoneyTimes,WP_MoneyTimes,"JHSF (JHSF3) dispara 6,2% e tem maior alta do Ibovespa (IBOV) nesta segunda","As ações JHSF (JHSF3) dispararam 6,24%, a R$ 5,11, nesta segunda-feira (14) e terminaram o pregão com a maior alta do Ibovespa (IBOV). Para o analista Filipe Fradinho, da Vitreo, a alta aconteceu após o Bradesco BBI iniciar a cobertura da empresa com recomendação de compra e preço-alvo de R$ 10. “O preço-alvo estipulado pela […]",https://www.moneytimes.com.br/maiores-baixas-e-altas-ibovespa-jhsf-jhsf3-dispara-62-14-03-2022/,pt,"jhsf (jhsf3) dispara 6,2% e tem maior alta do ibovespa (ibov) nesta segunda || as ações jhsf (jhsf3) dispararam 6,24%, a r$ 5,11, nesta segunda-feira (14) e terminaram o pregão com a maior alta do ibovespa (ibov). para o analista filipe fradinho, da vitreo, a alta aconteceu após o bradesco bbi iniciar a cobertura da empresa com recomendação de compra e preço-alvo de r$ 10. “o preço-alvo estipulado pela […]"
N0025187,2022-03-24 17:54:36,2022-03-24T20:54:36,2022-03-25,CAT1_Empresa,MoneyTimes,WP_MoneyTimes,Magazine Luiza (MGLU3): Por que a ação disparou 10% nesta quinta-feira?,"As ações do Magazine Luiza (MGLU3) tiveram uma das maiores altas do Ibovespa desta quinta-feira (24). Os papéis saltaram 10%, a R$ 6,60. Para Felipe Fradinho, da Vitreo, a alta veio após o Goldman Sachs divulgar um relatório na véspera. O banco manteve a recomendação de compra para a companhia com preço-alvo de R$ 8,60. […]",https://www.moneytimes.com.br/magazine-luiza-mglu3-por-que-a-acao-disparou-10-nesta-quinta-feira/,pt,"magazine luiza (mglu3): por que a ação disparou 10% nesta quinta-feira? || as ações do magazine luiza (mglu3) tiveram uma das maiores altas do ibovespa desta quinta-feira (24). os papéis saltaram 10%, a r$ 6,60. para felipe fradinho, da vitreo, a alta veio após o goldman sachs divulgar um relatório na véspera. o banco manteve a recomendação de compra para a companhia com preço-alvo de r$ 8,60. […]"
N0025423,2022-03-31 19:32:53,2022-03-31T22:32:53,2022-04-01,CAT2_Mercado_Petroleo,InfoMoney,WP_InfoMoney,"Ações da Orizon (ORVR3) fecham com alta de 0,81% após balanço; XP eleva preço-alvo","Resultados superaram as expectativas, principalmente na venda de créditos de carbono gerados em 2021, volumes de aterros e maiores volumes de energia",https://www.infomoney.com.br/mercados/acoes-orizon-orvr3-balanco-xp-eleva-preco-alvo/,pt,"ações da orizon (orvr3) fecham com alta de 0,81% após balanço; xp eleva preço-alvo || resultados superaram as expectativas, principalmente na venda de créditos de carbono gerados em 2021, volumes de aterros e maiores volumes de energia"
N0025410,2022-03-31 17:58:25,2022-03-31T20:58:25,2022-04-01,CAT1_Empresa,InfoMoney,WP_InfoMoney,As 5 maiores altas e as 5 maiores baixas do Ibovespa no 1º trimestre de 2022,"Em um primeiro trimestre bastante positivo para o índice em geral, Carrefour se destacou entre as maiores altas, enquanto Embraer teve forte queda",https://www.infomoney.com.br/mercados/crfb3-embr3-as-5-maiores-altas-e-as-5-maiores-baixas-do-ibovespa-no-1o-trimestre-de-2022/,pt,"as 5 maiores altas e as 5 maiores baixas do ibovespa no 1º trimestre de 2022 || em um primeiro trimestre bastante positivo para o índice em geral, carrefour se destacou entre as maiores altas, enquanto embraer teve forte queda"
N0025439,2022-04-01 17:27:52,2022-04-01T20:27:52,2022-04-04,CAT1_Empresa,InfoMoney,WP_InfoMoney,"Ibovespa fecha na maior pontuação em 8 meses e acumula alta semanal de 2,11%; dólar tem menor valor em 2 anos",Foi a terceira semana de saldo positivo para a Bolsa brasileira; índices em Nova York fecharam com ganhos moderados,https://www.infomoney.com.br/mercados/ibovespa-fecha-na-maior-pontuacao-em-8-meses-e-acumula-alta-semanal-de-211-dolar-tem-menor-valor-em-2-anos/,pt,"ibovespa fecha na maior pontuação em 8 meses e acumula alta semanal de 2,11%; dólar tem menor valor em 2 anos || foi a terceira semana de saldo positivo para a bolsa brasileira; índices em nova york fecharam com ganhos moderados"
N0025632,2022-04-07 19:39:47,2022-04-07T22:39:47,2022-04-08,CAT1_Empresa,MoneyTimes,WP_MoneyTimes,"Otimista com bancos e commodities, BofA agora vê Ibovespa (IBOV) a 135 mil pontos neste ano","O Bank of America (BofA) elevou nesta quinta-feira a projeção para o Ibovespa (IBOV) no fim de 2022, de 125 mil para 135 mil pontos, prevendo impacto positivo de preços de commodities mais altos e estimando melhor performance dos grandes bancos do país. O atual recorde do principal índice da bolsa brasileira, de 130.776,27 pontos, […]",https://www.moneytimes.com.br/otimista-com-bancos-e-commodities-bofa-agora-ve-ibovespa-ibov-a-135-mil-pontos-neste-ano/,pt,"otimista com bancos e commodities, bofa agora vê ibovespa (ibov) a 135 mil pontos neste ano || o bank of america (bofa) elevou nesta quinta-feira a projeção para o ibovespa (ibov) no fim de 2022, de 125 mil para 135 mil pontos, prevendo impacto positivo de preços de commodities mais altos e estimando melhor performance dos grandes bancos do país. o atual recorde do principal índice da bolsa brasileira, de 130.776,27 pontos, […]"
N0025700,2022-04-11 17:17:41,2022-04-11T20:17:41,2022-04-12,CAT7_Macro_Energia,InfoMoney,WP_InfoMoney,"Ações da BRF (BRFS3) fecham em queda de 7,11% após Goldman cortar recomendação de neutra para venda","Inflação de custos, demanda “suave” e competição intensa foram fatores apontados para a redução nas projeções; preço-alvo também foi cortado",https://www.infomoney.com.br/mercados/acoes-da-brf-brfs3-fecham-em-queda-de-711-apos-goldman-cortar-recomendacao-de-neutra-para-venda/,pt,"ações da brf (brfs3) fecham em queda de 7,11% após goldman cortar recomendação de neutra para venda || inflação de custos, demanda “suave” e competição intensa foram fatores apontados para a redução nas projeções; preço-alvo também foi cortado"
N0025769,2022-04-13 18:30:37,2022-04-13T21:30:37,2022-04-14,CAT2_Mercado_Petroleo,Exame,WP_Exame,Confira as 15 empresas americanas que pagam os maiores dividendos,"As empresas dos Estados Unidos estão cheias de caixa e a temporada de dividendos que está se abrindo promete ser muito positiva para os investidores em ações. Não por acaso, o mercado já está se posicionando.",https://exame.com/invest/30-empresas-americanas-maiores-dividendos/,pt,"confira as 15 empresas americanas que pagam os maiores dividendos || as empresas dos estados unidos estão cheias de caixa e a temporada de dividendos que está se abrindo promete ser muito positiva para os investidores em ações. não por acaso, o mercado já está se posicionando."
N0026159,2022-04-29 17:53:18,2022-04-29T20:53:18,2022-05-02,CAT1_Empresa,MoneyTimes,WP_MoneyTimes,Petrobras (PETR4): Por que a ação pode render dividendos de mais de 10%,"A guerra entre a Rússia e a Ucrânia tende a manter o preço do barril de petróleo em patamar mais elevado. Entretanto, analistas da Empiricus avaliam que a Petrobras (PETR4) pode manter pagamentos robustos de dividendos no futuro. Mesmo com as cotações do petróleo tipo Brent em patamares conservadores, é possível um dividend yield de […]",https://www.moneytimes.com.br/petrobras-petr4-por-que-a-acao-pode-render-dividendos-de-mais-de-10/,pt,"petrobras (petr4): por que a ação pode render dividendos de mais de 10% || a guerra entre a rússia e a ucrânia tende a manter o preço do barril de petróleo em patamar mais elevado. entretanto, analistas da empiricus avaliam que a petrobras (petr4) pode manter pagamentos robustos de dividendos no futuro. mesmo com as cotações do petróleo tipo brent em patamares conservadores, é possível um dividend yield de […]"
N0026348,2022-05-05 19:00:15,2022-05-05T22:00:15,2022-05-06,CAT1_Empresa,Petronoticias,WP_Petronoticias,OTC 2022 TERMINOU HOJE COM UM SALDO POSITIVO PARA O BRASIL E INDICANDO UMA RETOMADA PARA OS NEGÓCIOS DE ÓLEO E GÁS,"Terminou hoje (5) a edição 2022 da maior feira de petróleo do mundo, a OTC Houston, que começou oficialmente no domingo (1º). O encerramento da feira não significa fim dos negócios. Muitos contatos entre empresas brasileiras e internacionais foram estabelecidos, deixando um saldo positivo e um rastro de grandes negócios para se concretizarem. Além dessas […]",https://petronoticias.com.br/otc-2022-terminou-hoje-com-um-saldo-positivo-para-o-brasil-e-indicando-uma-retomada-para-os-negocios-de-oleo-e-gas/,pt,"otc 2022 terminou hoje com um saldo positivo para o brasil e indicando uma retomada para os negócios de óleo e gás || terminou hoje (5) a edição 2022 da maior feira de petróleo do mundo, a otc houston, que começou oficialmente no domingo (1º). o encerramento da feira não significa fim dos negócios. muitos contatos entre empresas brasileiras e internacionais foram estabelecidos, deixando um saldo positivo e um rastro de grandes negócios para se concretizarem. além dessas […]"
N0026448,2022-05-09 18:23:27,2022-05-09T21:23:27,2022-05-10,CAT3_Geopolitica,MoneyTimes,WP_MoneyTimes,"Tempo seco deve reduzir produção de grãos da França, diz ministério","O clima seco na França terá um impacto negativo na produção de cereais de inverno deste ano, reduzindo o potencial de rendimento de algumas culturas, disse o Ministério da Agricultura francês nesta segunda-feira. As poucas chuvas na França, maior produtor de grãos da União Europeia, aumentaram as preocupações do mercado com a oferta global devido […]",https://www.moneytimes.com.br/tempo-seco-deve-reduzir-producao-de-graos-da-franca-diz-ministerio/,pt,"tempo seco deve reduzir produção de grãos da frança, diz ministério || o clima seco na frança terá um impacto negativo na produção de cereais de inverno deste ano, reduzindo o potencial de rendimento de algumas culturas, disse o ministério da agricultura francês nesta segunda-feira. as poucas chuvas na frança, maior produtor de grãos da união europeia, aumentaram as preocupações do mercado com a oferta global devido […]"
N0026476,2022-05-10 17:17:20,2022-05-10T20:17:20,2022-05-11,CAT3_Geopolitica,InfoMoney,WP_InfoMoney,"Usiminas (USIM5), CSN (CSNA3) e Gerdau (GGBR4) fecham em queda de até 6,8% com possível queda de tarifa para importar aço: veja impacto no setor","Analistas traçam cenários e veem impacto negativo para o Ebitda das companhias, com impacto maior para aço plano e, consequentemente, para Usiminas",https://www.infomoney.com.br/mercados/usiminas-usim5-csn-csna3-gerdau-ggbr4-desabam-possivel-tarifa-zerada-aco-confira-impacto-setor/,pt,"usiminas (usim5), csn (csna3) e gerdau (ggbr4) fecham em queda de até 6,8% com possível queda de tarifa para importar aço: veja impacto no setor || analistas traçam cenários e veem impacto negativo para o ebitda das companhias, com impacto maior para aço plano e, consequentemente, para usiminas"
N0026601,2022-05-13 17:17:32,2022-05-13T20:17:32,2022-05-16,CAT1_Empresa,Exame,WP_Exame,"No mesmo dia em que Terra (LUNA) despenca, opções da Petrobras sobem 117%","[Conteúdo Vitreo] Em um dia péssimo para Terra (LUNA), um pequeno grupo de investidores conseguiu colocar 117% de lucro no bolso com opções da Petrobras; entenda",https://exame.com/invest/mercados/no-mesmo-dia-em-que-terra-luna-despenca-opcoes-da-petrobras-sobem-117_red-02/,pt,"no mesmo dia em que terra (luna) despenca, opções da petrobras sobem 117% || [conteúdo vitreo] em um dia péssimo para terra (luna), um pequeno grupo de investidores conseguiu colocar 117% de lucro no bolso com opções da petrobras; entenda"
N0026797,2022-05-20 17:37:00,2022-05-20T20:37:00,2022-05-23,CAT2_Mercado_Petroleo,MoneyTimes,WP_MoneyTimes,CNA diz que decreto sobre mercado de carbono é positivo para o setor agropecuário,"A Confederação da Agricultura e Pecuária do Brasil (CNA) avaliou que o Decreto 11.075/22, que cria os mecanismos para a criação do mercado de carbono brasileiro, é “passo importante para a efetivação desse segmento”. O texto com as diretrizes para a regulação deste mercado foi publicado nesta sexta-feira no Diário Oficial da União (DOU). Em […]",https://www.moneytimes.com.br/cna-diz-que-decreto-sobre-mercado-de-carbono-e-positivo-para-o-setor-agropecuario/,pt,"cna diz que decreto sobre mercado de carbono é positivo para o setor agropecuário || a confederação da agricultura e pecuária do brasil (cna) avaliou que o decreto 11.075/22, que cria os mecanismos para a criação do mercado de carbono brasileiro, é “passo importante para a efetivação desse segmento”. o texto com as diretrizes para a regulação deste mercado foi publicado nesta sexta-feira no diário oficial da união (dou). em […]"
N0026901,2022-05-24 18:48:02,2022-05-24T21:48:02,2022-05-25,CAT2_Mercado_Petroleo,MoneyTimes,WP_MoneyTimes,"AES Brasil (AESB3): Dividendos podem encolher com cronograma de investimentos, segundo BBI","O Bradesco BBI revisou as estimativas para AES Brasil (AESB3) e reiterou a recomendação neutra das ações, com um preço-alvo de R$ 11 para o fim de 2022. Segundo a instituição a ação da companhia é negociada a uma taxa interna de retorno (TIR) real implícita de aproximadamente 6,6% para seus ativos existentes, em linha […]",https://www.moneytimes.com.br/aes-brasil-aesb3-dividendos-podem-encolher-com-cronograma-de-investimentos-segundo-bbi/,pt,"aes brasil (aesb3): dividendos podem encolher com cronograma de investimentos, segundo bbi || o bradesco bbi revisou as estimativas para aes brasil (aesb3) e reiterou a recomendação neutra das ações, com um preço-alvo de r$ 11 para o fim de 2022. segundo a instituição a ação da companhia é negociada a uma taxa interna de retorno (tir) real implícita de aproximadamente 6,6% para seus ativos existentes, em linha […]"
N0026883,2022-05-24 17:14:14,2022-05-24T20:14:14,2022-05-25,CAT1_Empresa,InfoMoney,WP_InfoMoney,Nova troca de CEO da Petrobras (PETR3;PETR4) eleva percepção de risco de interferência; ações fecham em queda,"Analistas não veem grandes mudanças no curto prazo para companhia, mas apontam que a nova troca de CEO traz sinais negativos para o mercado",https://www.infomoney.com.br/mercados/nova-troca-de-ceo-petrobras-petr3petr4-aumenta-percepcao-de-risco-interferencia-acoes-desabam/,pt,"nova troca de ceo da petrobras (petr3;petr4) eleva percepção de risco de interferência; ações fecham em queda || analistas não veem grandes mudanças no curto prazo para companhia, mas apontam que a nova troca de ceo traz sinais negativos para o mercado"
N0026986,2022-05-26 19:20:50,2022-05-26T22:20:50,2022-05-27,CAT1_Empresa,MoneyTimes,WP_MoneyTimes,"Azul (AZUL4) vai lucrar mais e ação pode dobrar de preço até o final do ano, calcula BBI","O Bradesco BBI elevou o preço-alvo da Azul (AZUL4) até o final de 2022 para R$ 40, potencial de elevação de 100% ante o fechamento desta quinta-feira (26). A corretora revisou as expectativas da empresa aérea, com múltiplo EV/Ebitda (valor da empresa sobre resultado operacional) de 7,0 vezes. O BBI também aumentou as estimativas do […]",https://www.moneytimes.com.br/azul-azul4-vai-lucrar-mais-e-acao-pode-dobrar-de-preco-ate-o-final-do-ano-calcula-bbi/,pt,"azul (azul4) vai lucrar mais e ação pode dobrar de preço até o final do ano, calcula bbi || o bradesco bbi elevou o preço-alvo da azul (azul4) até o final de 2022 para r$ 40, potencial de elevação de 100% ante o fechamento desta quinta-feira (26). a corretora revisou as expectativas da empresa aérea, com múltiplo ev/ebitda (valor da empresa sobre resultado operacional) de 7,0 vezes. o bbi também aumentou as estimativas do […]"
N0027074,2022-05-30 19:59:15,2022-05-30T22:59:15,2022-05-31,CAT4_Infraestrutura,MoneyTimes,WP_MoneyTimes,"Itaúsa (ITSA4) ainda é a forma mais barata de comprar Itaú (ITUB4), coloca Safra","A Itaúsa (ITSA4), holding que controla o Itaú Unibanco (ITUB4) e com participação em empresas como Dexco (DXCO3), Aegea, XP (XP), NTS, Copagaz e Alpargatas (ALPA4), ainda oferece acesso barato ao maior banco da América Latina, coloca o Safra em relatório enviado a clientes. Mesmo assim, os analistas do banco reduziram o preço-alvo da holdnig de R$ 15 […]",https://www.moneytimes.com.br/itausa-itsa4-ainda-e-a-forma-mais-barata-de-comprar-itau-itub4-coloca-safra/,pt,"itaúsa (itsa4) ainda é a forma mais barata de comprar itaú (itub4), coloca safra || a itaúsa (itsa4), holding que controla o itaú unibanco (itub4) e com participação em empresas como dexco (dxco3), aegea, xp (xp), nts, copagaz e alpargatas (alpa4), ainda oferece acesso barato ao maior banco da américa latina, coloca o safra em relatório enviado a clientes. mesmo assim, os analistas do banco reduziram o preço-alvo da holdnig de r$ 15 […]"
N0027154,2022-06-01 18:24:41,2022-06-01T21:24:41,2022-06-02,CAT3_Geopolitica,MoneyTimes,WP_MoneyTimes,Ibovespa vai subir ou cair até o final de 2022? Veja o que dizem XP e Inter,"O Ibovespa ainda tem espaço para subir em 2022, saindo dos atuais 111,3 mil pontos para ao menos 120 mil pontos, segundo a XP Investimentos e o Inter Research. Ambas as instituições divulgaram nesta quarta-feira (1) uma atualização do preço-alvo para o principal índice da Bolsa brasileira, sendo que a corretora fundada por Guilherme Benchimol […]",https://www.moneytimes.com.br/ibovespa-vai-subir-ou-cair-ate-o-final-de-2022-veja-o-que-dizem-xp-e-inter/,pt,"ibovespa vai subir ou cair até o final de 2022? veja o que dizem xp e inter || o ibovespa ainda tem espaço para subir em 2022, saindo dos atuais 111,3 mil pontos para ao menos 120 mil pontos, segundo a xp investimentos e o inter research. ambas as instituições divulgaram nesta quarta-feira (1) uma atualização do preço-alvo para o principal índice da bolsa brasileira, sendo que a corretora fundada por guilherme benchimol […]"
N0027233,2022-06-03 20:05:00,2022-06-03T23:05:00,2022-06-06,CAT2_Mercado_Petroleo,MoneyTimes,WP_MoneyTimes,"ANP: etanol é mais competitivo do que gasolina em GO, MT, MG e SP","Em uma semana, o número de Estados em que o etanol é mais competitivo do que a gasolina aumentou de dois para quatro. Agora, além de Goiás e Mato Grosso – já favoráveis ao biocombustível na semana passada -, a paridade é positiva para o etanol também em Minas Gerais e São Paulo. É o […]",https://www.moneytimes.com.br/etanol-biocombustivel-gasolina-milho-sao-paulo/,pt,"anp: etanol é mais competitivo do que gasolina em go, mt, mg e sp || em uma semana, o número de estados em que o etanol é mais competitivo do que a gasolina aumentou de dois para quatro. agora, além de goiás e mato grosso – já favoráveis ao biocombustível na semana passada -, a paridade é positiva para o etanol também em minas gerais e são paulo. é o […]"
N0027230,2022-06-03 18:55:43,2022-06-03T21:55:43,2022-06-06,CAT1_Empresa,MoneyTimes,WP_MoneyTimes,"Ibovespa: Por que Méliuz (CASH3) despencou 6,74% e Petrobras (PETR3) subiu 2,5% nesta sexta?","Em dia negativo para a Bolsa brasileira, as ações da Méliuz (CASH3) apresentaram um declínio de 6,74% nesta sexta-feira (3), encerrando o pregão a R$ 1,80. Os papéis da empresa tiveram a maior queda do Ibovespa (IBOV), que fechou registrando perdas de 1,15% no dia. Já as ações da Natura (NTCO3) tiveram a maior alta […]",https://www.moneytimes.com.br/ibovespa-por-que-meliuz-cash3-despencou-674-e-petrobras-petr3-subiu-25-nesta-sexta/,pt,"ibovespa: por que méliuz (cash3) despencou 6,74% e petrobras (petr3) subiu 2,5% nesta sexta? || em dia negativo para a bolsa brasileira, as ações da méliuz (cash3) apresentaram um declínio de 6,74% nesta sexta-feira (3), encerrando o pregão a r$ 1,80. os papéis da empresa tiveram a maior queda do ibovespa (ibov), que fechou registrando perdas de 1,15% no dia. já as ações da natura (ntco3) tiveram a maior alta […]"
N0027277,2022-06-06 19:23:15,2022-06-06T22:23:15,2022-06-07,CAT2_Mercado_Petroleo,MoneyTimes,WP_MoneyTimes,Small caps: Santander escala ação do varejo para carteira de junho; confira indicações,"Em atualização de portfólio para o mês de junho, o Santander realizou uma inclusão e uma troca na carteira recomendada de small caps. Agora, saem os papéis da Auren Energia (AURE3), que dão lugar aos da Alupar (ALUP11). Também começam a fazer parte das recomendações da carteira as ações do Grupo SBF (SBFG3), com preço-alvo de […]",https://www.moneytimes.com.br/small-caps-santander-escala-acao-do-varejo-para-carteira-de-junho-confira-indicacoes/,pt,"small caps: santander escala ação do varejo para carteira de junho; confira indicações || em atualização de portfólio para o mês de junho, o santander realizou uma inclusão e uma troca na carteira recomendada de small caps. agora, saem os papéis da auren energia (aure3), que dão lugar aos da alupar (alup11). também começam a fazer parte das recomendações da carteira as ações do grupo sbf (sbfg3), com preço-alvo de […]"
N0027673,2022-06-20 18:56:04,2022-06-20T21:56:04,2022-06-21,CAT2_Mercado_Petroleo,MoneyTimes,WP_MoneyTimes,"Após anos vista como cara, WEG (WEGE3) vira indicação de compra do BTG; ações disparam","As ações da WEG (WEGE3) encerraram em forte alta nesta segunda-feira (20), após o BTG Pactual elevar a recomendação para compra. Destaque de alta hoje, o papel da companhia subiu 5,56%, cotado a R$ 24,10. Além da mudança de recomendação, o BTG apresentou um novo preço-alvo estimado de R$ 40 para 2023, o que implica […]",https://www.moneytimes.com.br/apos-anos-vista-como-cara-weg-wege3-vira-indicacao-de-compra-do-btg-acoes-disparam/,pt,"após anos vista como cara, weg (wege3) vira indicação de compra do btg; ações disparam || as ações da weg (wege3) encerraram em forte alta nesta segunda-feira (20), após o btg pactual elevar a recomendação para compra. destaque de alta hoje, o papel da companhia subiu 5,56%, cotado a r$ 24,10. além da mudança de recomendação, o btg apresentou um novo preço-alvo estimado de r$ 40 para 2023, o que implica […]"
N0027813,2022-06-23 20:17:01,2022-06-23T23:17:01,2022-06-24,CAT2_Mercado_Petroleo,Exame,WP_Exame,Raízen: geração de energia limpa é a chave do negócio,"“Estamos comprometidos com a agenda de combustíveis renováveis para viabilizar nossa descarbonização e a de nossos clientes. O que é bom para o meio ambiente e para a sociedade está no centro dos negócios”, diz a vice-presidente Paula Kovarsky",https://exame.com/esg/raizen-geracao-de-energia-limpa-e-a-chave-do-negocio/,pt,"raízen: geração de energia limpa é a chave do negócio || “estamos comprometidos com a agenda de combustíveis renováveis para viabilizar nossa descarbonização e a de nossos clientes. o que é bom para o meio ambiente e para a sociedade está no centro dos negócios”, diz a vice-presidente paula kovarsky"
N0027955,2022-06-28 19:54:29,2022-06-28T22:54:29,2022-06-29,CAT2_Mercado_Petroleo,MoneyTimes,WP_MoneyTimes,"Ação da Taesa (TAEE11) está cara e pode cair 6%, diz Credit; prefira Alupar (ALUP11)","Apesar de estar otimista com o segmento de transmissão elétrica, o Credit Suisse tem preferência pelas ações da Alupar (ALUP11) em detrimento da Taesa (TAEE11), mostra relatório enviado a clientes nesta terça-feira (28). O banco suíço possui recomendação outperform, ou acima da média do mercado, para a Alupar, com preço-alvo de R$ 29,4, potencial de elevação […]",https://www.moneytimes.com.br/acao-da-taesa-taee11-esta-cara-e-pode-cair-6-diz-credit-prefira-alupar-alup11/,pt,"ação da taesa (taee11) está cara e pode cair 6%, diz credit; prefira alupar (alup11) || apesar de estar otimista com o segmento de transmissão elétrica, o credit suisse tem preferência pelas ações da alupar (alup11) em detrimento da taesa (taee11), mostra relatório enviado a clientes nesta terça-feira (28). o banco suíço possui recomendação outperform, ou acima da média do mercado, para a alupar, com preço-alvo de r$ 29,4, potencial de elevação […]"
N0027985,2022-06-29 19:24:24,2022-06-29T22:24:24,2022-06-30,CAT2_Mercado_Petroleo,MoneyTimes,WP_MoneyTimes,WEG (WEGE3) perde 14% do preço-alvo do UBS por economia fraca,"O UBS cortou o preço-alvo da WEG (WEGE3) de R$ 35 para R$ 30, potencial de elevação de 15% em relação ao último fechamento. Além disso, reafirmou a recomendação neutra. Segundo o banco suíço, a ação da companhia está barata, “mas nem tanto”. Os analistas Alberto Valério, Andressa Varotto e Isabella Lamas dizem que incorporaram […]",https://www.moneytimes.com.br/weg-perde-14-do-preco-alvo-do-ubs-por-economia-fraca/,pt,"weg (wege3) perde 14% do preço-alvo do ubs por economia fraca || o ubs cortou o preço-alvo da weg (wege3) de r$ 35 para r$ 30, potencial de elevação de 15% em relação ao último fechamento. além disso, reafirmou a recomendação neutra. segundo o banco suíço, a ação da companhia está barata, “mas nem tanto”. os analistas alberto valério, andressa varotto e isabella lamas dizem que incorporaram […]"
N0028024,2022-06-30 19:25:30,2022-06-30T22:25:30,2022-07-01,CAT1_Empresa,MoneyTimes,WP_MoneyTimes,BB entra no 2º semestre com carteira de ações 60% exposta a bancos e commodities,"O BB Investimentos atualizou sua carteira fundamentalista de ações para julho, mês que promete trazer mais pressões negativas do que positivas para o Ibovespa devido a preocupações de que a maior economia do mundo pode entrar em recessão em 2023. A instituição destaca que o enxugamento de liquidez nos Estados Unidos e na Europa traz […]",https://www.moneytimes.com.br/bb-entra-no-2o-semestre-com-carteira-de-acoes-60-exposta-a-bancos-e-commodities/,pt,"bb entra no 2º semestre com carteira de ações 60% exposta a bancos e commodities || o bb investimentos atualizou sua carteira fundamentalista de ações para julho, mês que promete trazer mais pressões negativas do que positivas para o ibovespa devido a preocupações de que a maior economia do mundo pode entrar em recessão em 2023. a instituição destaca que o enxugamento de liquidez nos estados unidos e na europa traz […]"
N0028217,2022-07-07 20:47:04,2022-07-07T23:47:04,2022-07-08,CAT1_Empresa,MoneyTimes,WP_MoneyTimes,Ibovespa: Ativa corta projeção e passa a ver índice a 127 mil pontos no fim do ano,"A Ativa Investimentos cortou o preço-alvo do Ibovespa, de 135 mil pontos a 127 mil pontos, para o fim de 2022. O movimento se soma às últimas revisões feitas pelo mercado, com o Itaú BBA reduzindo o alvo do índice para 110 mil pontos e a XP Investimentos apostando no patamar dos 120 mil pontos. […]",https://www.moneytimes.com.br/ibovespa-ativa-corta-projecao-e-passa-a-ver-indice-a-127-mil-pontos-no-fim-do-ano/,pt,"ibovespa: ativa corta projeção e passa a ver índice a 127 mil pontos no fim do ano || a ativa investimentos cortou o preço-alvo do ibovespa, de 135 mil pontos a 127 mil pontos, para o fim de 2022. o movimento se soma às últimas revisões feitas pelo mercado, com o itaú bba reduzindo o alvo do índice para 110 mil pontos e a xp investimentos apostando no patamar dos 120 mil pontos. […]"
N0028205,2022-07-07 18:30:52,2022-07-07T21:30:52,2022-07-08,CAT1_Empresa,MoneyTimes,WP_MoneyTimes,Ibovespa volta a 120 mil pontos em 2022? Mercado está dividido sobre nível de recuperação,"A alta volatilidade dos mercados e o nível elevado de incertezas quanto a uma possível recessão global têm levado instituições financeiras a revisar o preço-alvo para o Ibovespa (IBOV) ao final do ano. Desde projeções otimistas até as consideradas mais pessimistas, como o novo alvo de 110 mil pontos do Itaú BBA, especialistas ainda apostam […]",https://www.moneytimes.com.br/ibovespa-volta-a-120-mil-pontos-em-2022-mercado-esta-dividido-sobre-nivel-de-recuperacao/,pt,"ibovespa volta a 120 mil pontos em 2022? mercado está dividido sobre nível de recuperação || a alta volatilidade dos mercados e o nível elevado de incertezas quanto a uma possível recessão global têm levado instituições financeiras a revisar o preço-alvo para o ibovespa (ibov) ao final do ano. desde projeções otimistas até as consideradas mais pessimistas, como o novo alvo de 110 mil pontos do itaú bba, especialistas ainda apostam […]"
N0028189,2022-07-07 17:06:03,2022-07-07T20:06:03,2022-07-08,CAT1_Empresa,MoneyTimes,WP_MoneyTimes,Ibovespa (IBOV) fecha em alta de 2% e recupera os 100 mil pontos; Yduqs (YDUQ3) e CVC (CVCB3) disparam,"Em dia positivo para os mercados globais, o Ibovespa (IBOV) saltou 2% nesta quinta-feira (7), retomando o patamar dos 100 mil pontos. O principais índice da Bolsa brasileira teve uma valorização de 2,04%, a 100.729,72 pontos. O volume financeiro somou R$ 23,6 bilhões. Os mercados ainda repercutem a ata da última reunião do Federal Reserve […]",https://www.moneytimes.com.br/ibovespa-hoje-fecha-alta-217-recupera-100-mil-pontos-cvc-cvcb3-sobe-10-07-07-2022/,pt,"ibovespa (ibov) fecha em alta de 2% e recupera os 100 mil pontos; yduqs (yduq3) e cvc (cvcb3) disparam || em dia positivo para os mercados globais, o ibovespa (ibov) saltou 2% nesta quinta-feira (7), retomando o patamar dos 100 mil pontos. o principais índice da bolsa brasileira teve uma valorização de 2,04%, a 100.729,72 pontos. o volume financeiro somou r$ 23,6 bilhões. os mercados ainda repercutem a ata da última reunião do federal reserve […]"
N0028238,2022-07-08 18:09:51,2022-07-08T21:09:51,2022-07-11,CAT2_Mercado_Petroleo,Exame,WP_Exame,Eneva (ENEV3): BofA vê potencial de crescimento e recomenda compra,Analistas do BofA aumentam o preço-alvo das ações da Eneva (ENEV3) de R$ 16 para R$ 18 e reiteram a compra,https://exame.com/invest/mercados/eneva-enev3-bofa-potencial-crescimento-recomenda-compra/,pt,eneva (enev3): bofa vê potencial de crescimento e recomenda compra || analistas do bofa aumentam o preço-alvo das ações da eneva (enev3) de r$ 16 para r$ 18 e reiteram a compra
N0028311,2022-07-12 18:05:38,2022-07-12T21:05:38,2022-07-13,CAT1_Empresa,InfoMoney,WP_InfoMoney,PEC dos Auxílios: quais empresas devem ganhar na Bolsa com a aprovação das medidas?,"Ao menos no curto prazo, PEC dos Auxílios pode ser positiva para varejistas e empresas de combustíveis, mas há riscos num prazo mais longo",https://www.infomoney.com.br/mercados/pec-dos-auxilios-quais-empresas-devem-ganhar-na-bolsa-com-a-aprovacao-das-medidas/,pt,"pec dos auxílios: quais empresas devem ganhar na bolsa com a aprovação das medidas? || ao menos no curto prazo, pec dos auxílios pode ser positiva para varejistas e empresas de combustíveis, mas há riscos num prazo mais longo"
N0028340,2022-07-13 17:22:18,2022-07-13T20:22:18,2022-07-14,CAT2_Mercado_Petroleo,Exame,WP_Exame,Ibovespa cai para mínima do ano com surpresa negativa da inflação nos EUA,"Índice de Preço ao Consumidor salta para 9,1% no acumulado de 12 meses e alimenta expectativa de alta de juros mais agressiva",https://exame.com/invest/mercados/ibovespa-cai-para-minima-do-ano-com-surpresa-negativa-da-inflacao-nos-eua/,pt,"ibovespa cai para mínima do ano com surpresa negativa da inflação nos eua || índice de preço ao consumidor salta para 9,1% no acumulado de 12 meses e alimenta expectativa de alta de juros mais agressiva"
N0028532,2022-07-20 17:49:43,2022-07-20T20:49:43,2022-07-21,CAT2_Mercado_Petroleo,MoneyTimes,WP_MoneyTimes,"WEG (WEGE3) cai 3,6% após balanço; veja o que dizem analistas","As ações da WEG (WEGE3) operaram em queda nesta quarta-feira (20) após a companhia apresentar um lucro líquido de R$ 912,9 milhões, abaixo do esperado pelo mercado. Os papéis da companhia recuaram 3,6%, a R$ 25,99. Analistas do mercado apontam que a empresa registrou uma pressão sobre as margens operacionais (-1,6 p.p. a/a excluindo efeitos […]",https://www.moneytimes.com.br/weg-wege3-cai-apos-balanco-veja-o-que-dizem-analistas/,pt,"weg (wege3) cai 3,6% após balanço; veja o que dizem analistas || as ações da weg (wege3) operaram em queda nesta quarta-feira (20) após a companhia apresentar um lucro líquido de r$ 912,9 milhões, abaixo do esperado pelo mercado. os papéis da companhia recuaram 3,6%, a r$ 25,99. analistas do mercado apontam que a empresa registrou uma pressão sobre as margens operacionais (-1,6 p.p. a/a excluindo efeitos […]"
N0028570,2022-07-21 17:51:34,2022-07-21T20:51:34,2022-07-22,CAT1_Empresa,MoneyTimes,WP_MoneyTimes,"Ibovespa: PRIO3 vira para alta, apesar de dia ruim para petróleo; PETR4 fecha em queda","As ações das empresas do setor de óleo e gás abriram em queda nesta quinta-feira (21), refletindo o recuo do preço do barril do petróleo nos mercados internacionais. Apesar da desvalorização do petróleo, a PetroRio (PRIO3) conseguiu virar para uma alta de 2,61%, com a ação negociada a R$ 22,84. Petrobras (PETR3;PETR4), por outro lado, […]",https://www.moneytimes.com.br/ibovespa-petr4-prio3-e-rrrp3-recuam-com-queda-nos-precos-do-petroleo/,pt,"ibovespa: prio3 vira para alta, apesar de dia ruim para petróleo; petr4 fecha em queda || as ações das empresas do setor de óleo e gás abriram em queda nesta quinta-feira (21), refletindo o recuo do preço do barril do petróleo nos mercados internacionais. apesar da desvalorização do petróleo, a petrorio (prio3) conseguiu virar para uma alta de 2,61%, com a ação negociada a r$ 22,84. petrobras (petr3;petr4), por outro lado, […]"
N0028733,2022-07-28 17:30:05,2022-07-28T20:30:05,2022-07-29,CAT1_Empresa,InfoMoney,WP_InfoMoney,Gol (GOLL4) cai mais de 4% após balanço e revisões; CEO diz que custos e tarifas vão seguir elevados,Bradesco BBI cortou preço-alvo da ação após prejuízo maior que o esperado e revisão do “guidance”,https://www.infomoney.com.br/mercados/gol-goll4-cai-mais-de-4-apos-balanco-e-revisoes-ceo-diz-que-custos-e-tarifas-vao-seguir-elevados/,pt,gol (goll4) cai mais de 4% após balanço e revisões; ceo diz que custos e tarifas vão seguir elevados || bradesco bbi cortou preço-alvo da ação após prejuízo maior que o esperado e revisão do “guidance”
N0028933,2022-08-04 17:38:02,2022-08-04T20:38:02,2022-08-05,CAT1_Empresa,MoneyTimes,WP_MoneyTimes,Ibovespa: Magazine Luiza (MGLU3) dispara 14% e aéreas decolam; veja mais destaques desta quinta,"Em dia positivo para as ações locais, o Ibovespa (IBOV) fechou em alta de 2,04%, a 105.892,22 pontos. No melhor momento da sessão, o principal índice da Bolsa brasileira chegou a tocar 106.161,56 pontos. O mercado avaliou a possibilidade do fim do ciclo de elevação de juros no Brasil após a divulgação da decisão do […]",https://www.moneytimes.com.br/ibovespa-magazine-luiza-mglu3-dispara-14-e-aereas-decolam-veja-mais-destaques-desta-quinta/,pt,"ibovespa: magazine luiza (mglu3) dispara 14% e aéreas decolam; veja mais destaques desta quinta || em dia positivo para as ações locais, o ibovespa (ibov) fechou em alta de 2,04%, a 105.892,22 pontos. no melhor momento da sessão, o principal índice da bolsa brasileira chegou a tocar 106.161,56 pontos. o mercado avaliou a possibilidade do fim do ciclo de elevação de juros no brasil após a divulgação da decisão do […]"
N0028936,2022-08-04 17:47:52,2022-08-04T20:47:52,2022-08-05,CAT2_Mercado_Petroleo,MoneyTimes,WP_MoneyTimes,"PetroRio (PRIO3): 4 motivos para esperar um salto de 50% da ação, segundo o BofA","A disparada de 122% do lucro líquido da PetroRio (PRIO3), no segundo trimestre, reforçou a confiança do Bank of America (BofA) nas ações da petroleira. O banco reafirmou sua recomendação de compra para os papéis, com preço-alvo de R$ 35,50. A cifra representa uma alta potencial de 52,3% sobre os R$ 23,31 com que a […]",https://www.moneytimes.com.br/petrorio-prio3-4-motivos-para-esperar-um-salto-de-50-da-acao-segundo-o-bofa/,pt,"petrorio (prio3): 4 motivos para esperar um salto de 50% da ação, segundo o bofa || a disparada de 122% do lucro líquido da petrorio (prio3), no segundo trimestre, reforçou a confiança do bank of america (bofa) nas ações da petroleira. o banco reafirmou sua recomendação de compra para os papéis, com preço-alvo de r$ 35,50. a cifra representa uma alta potencial de 52,3% sobre os r$ 23,31 com que a […]"
N0029085,2022-08-10 18:36:05,2022-08-10T21:36:05,2022-08-11,CAT7_Macro_Energia,MoneyTimes,WP_MoneyTimes,Dólar fecha no menor valor desde junho e busca R$ 5. Entenda!,"O dólar à vista fechou em queda de 0,8%, negociado a R$ 5,08 para venda – menor valor desde junho -, em dia positivo para os ativos de risco após os dados de inflação dos Estados Unidos (CPI, na sigla em inglês) ficarem abaixo do esperado pelo mercado. Com isso, a leitura é de que […]",https://www.moneytimes.com.br/dolar-fecha-no-menor-valor-desde-junho-e-busca-r-5-entenda/,pt,"dólar fecha no menor valor desde junho e busca r$ 5. entenda! || o dólar à vista fechou em queda de 0,8%, negociado a r$ 5,08 para venda – menor valor desde junho -, em dia positivo para os ativos de risco após os dados de inflação dos estados unidos (cpi, na sigla em inglês) ficarem abaixo do esperado pelo mercado. com isso, a leitura é de que […]"
N0029145,2022-08-12 17:46:55,2022-08-12T20:46:55,2022-08-15,CAT2_Mercado_Petroleo,InfoMoney,WP_InfoMoney,"Ibovespa fecha em alta de 2,78%, aos 112.754 pontos, e acumula ganhos de quase 6% na semana; dólar cai 1,63%","Semana agitada de indicadores econômicos e balanços foi positiva para ativos de risco, com Ibovespa tendo melhor semana desde novembro de 2020",https://www.infomoney.com.br/mercados/ibovespa-fecha-em-alta-de-278-aos-112-754-pontos-e-acumula-ganhos-de-quase-6-na-semana-dolar-cai-163/,pt,"ibovespa fecha em alta de 2,78%, aos 112.754 pontos, e acumula ganhos de quase 6% na semana; dólar cai 1,63% || semana agitada de indicadores econômicos e balanços foi positiva para ativos de risco, com ibovespa tendo melhor semana desde novembro de 2020"
N0029348,2022-08-23 17:38:45,2022-08-23T20:38:45,2022-08-24,CAT1_Empresa,MoneyTimes,WP_MoneyTimes,"Ibovespa: AMER3 tem mais um pregão de forte alta, fechando em disparada de quase 16%; MGLU3 sobe 8%","O Ibovespa (IBOV) voltou aos 112,8 mil pontos após fechar em alta de 2,13% nesta terça-feira (23). O dia foi positivo para as commodities, embora os papéis de varejo e tecnologia também tenham se destacado no pregão. A Vale (VALE3) fechou em alta de 6,41%, a R$ 70,21, revertendo a sequência de quedas dos últimos […]",https://www.moneytimes.com.br/ibovespa-amer3-tem-mais-um-pregao-de-forte-alta-fechando-em-disparada-de-quase-16-mglu3-sobe-8/,pt,"ibovespa: amer3 tem mais um pregão de forte alta, fechando em disparada de quase 16%; mglu3 sobe 8% || o ibovespa (ibov) voltou aos 112,8 mil pontos após fechar em alta de 2,13% nesta terça-feira (23). o dia foi positivo para as commodities, embora os papéis de varejo e tecnologia também tenham se destacado no pregão. a vale (vale3) fechou em alta de 6,41%, a r$ 70,21, revertendo a sequência de quedas dos últimos […]"
N0029479,2022-08-29 18:15:14,2022-08-29T21:15:14,2022-08-30,CAT3_Geopolitica,MoneyTimes,WP_MoneyTimes,"Barata, mas dá para ignorar: BTG rebaixa Usiminas (USIM5) para ‘neutra’ por falta de visibilidade","O BTG Pactual rebaixou a recomendação da Usiminas (USIM5) para “neutra”, com preço-alvo de R$ 10, mesmo vendo a ação negociada a 2,9 vezes seu Ebitda (lucro antes de juros, impostos, depreciação e amortização) para 2023. O corte se deve a três principais fatores: riscos operacionais e baixa visibilidade; alocação de capital (menores yields de […]",https://www.moneytimes.com.br/barata-mas-da-para-ignorar-btg-rebaixa-usiminas-usim5-para-neutra-por-falta-de-visibilidade/,pt,"barata, mas dá para ignorar: btg rebaixa usiminas (usim5) para ‘neutra’ por falta de visibilidade || o btg pactual rebaixou a recomendação da usiminas (usim5) para “neutra”, com preço-alvo de r$ 10, mesmo vendo a ação negociada a 2,9 vezes seu ebitda (lucro antes de juros, impostos, depreciação e amortização) para 2023. o corte se deve a três principais fatores: riscos operacionais e baixa visibilidade; alocação de capital (menores yields de […]"
N0029583,2022-09-02 17:25:51,2022-09-02T20:25:51,2022-09-05,CAT1_Empresa,MoneyTimes,WP_MoneyTimes,"Petróleo fecha sexta-feira em alta, mas a semana é negativa para a commodity","O petróleo encaminha ganhos modestos nesta sexta-feira (2), com investidores em clima de ansiedade pela reunião da Opep+ da próxima segunda-feira (5). Interrupção no suprimento de gás via Nord Stream 1 e sobretaxas aprovadas pelo G7 sobre o petróleo russo. Por volta das 16h50,  as referências de petróleo WTI (americana) e Brent (internacional) subiam, respectivamente, […]",https://www.moneytimes.com.br/petroleo-fecha-sexta-feira-em-alta-mas-a-semana-e-negativa-para-a-commodity/,pt,"petróleo fecha sexta-feira em alta, mas a semana é negativa para a commodity || o petróleo encaminha ganhos modestos nesta sexta-feira (2), com investidores em clima de ansiedade pela reunião da opep+ da próxima segunda-feira (5). interrupção no suprimento de gás via nord stream 1 e sobretaxas aprovadas pelo g7 sobre o petróleo russo. por volta das 16h50,  as referências de petróleo wti (americana) e brent (internacional) subiam, respectivamente, […]"
N0029878,2022-09-20 17:59:08,2022-09-20T20:59:08,2022-09-21,CAT1_Empresa,MoneyTimes,WP_MoneyTimes,Elétrica ganha espaço na carteira de ações favoritas do Santander; confira os 16 papéis,"O Santander fez algumas alterações em sua carteira recomendada de ações top picks, em linha com a atualização do preço-alvo do Ibovespa a 140 mil pontos para o fim de 2023. De olho na retomada das ações cíclicas domésticas, o banco reduziu a exposição aos fatores “Valor” e “Baixa Volatilidade” e aumentou o peso de […]",https://www.moneytimes.com.br/eletrica-ganha-espaco-na-carteira-de-acoes-favoritas-do-santander-confira-os-16-papeis/,pt,"elétrica ganha espaço na carteira de ações favoritas do santander; confira os 16 papéis || o santander fez algumas alterações em sua carteira recomendada de ações top picks, em linha com a atualização do preço-alvo do ibovespa a 140 mil pontos para o fim de 2023. de olho na retomada das ações cíclicas domésticas, o banco reduziu a exposição aos fatores “valor” e “baixa volatilidade” e aumentou o peso de […]"
N0030193,2022-10-03 18:00:57,2022-10-03T21:00:57,2022-10-04,CAT1_Empresa,InfoMoney,WP_InfoMoney,"Dólar, Ibovespa e ações: o que esperar para os ativos após a euforia inicial do mercado com o 1º turno das eleições?","Gestores e analistas destacam primeiro turno positivo para ativos de risco, mas também alertam para volatilidade e atenção com mercado internacional",https://www.infomoney.com.br/mercados/dolar-ibovespa-acoes-o-que-esperar-apos-euforia-inicial-primeiro-turno-eleicoes/,pt,"dólar, ibovespa e ações: o que esperar para os ativos após a euforia inicial do mercado com o 1º turno das eleições? || gestores e analistas destacam primeiro turno positivo para ativos de risco, mas também alertam para volatilidade e atenção com mercado internacional"
N0030210,2022-10-04 17:11:58,2022-10-04T20:11:58,2022-10-05,CAT1_Empresa,InfoMoney,WP_InfoMoney,"Ação da 3R Petroleum (RRRP3) fecha em alta de 9,33% com avanço do petróleo e BofA vendo potencial de alta acima de 100% para ativos",Analistas do banco americano iniciaram cobertura para papel com recomendação de compra e vendo valuation muito atrativo,https://www.infomoney.com.br/mercados/acao-da-3r-petroleum-rrrp3-salta-10-com-avanco-petroleo-e-bofa-vendo-potencial-de-alta-acima-de-100-para-ativos/,pt,"ação da 3r petroleum (rrrp3) fecha em alta de 9,33% com avanço do petróleo e bofa vendo potencial de alta acima de 100% para ativos || analistas do banco americano iniciaram cobertura para papel com recomendação de compra e vendo valuation muito atrativo"
N0030213,2022-10-04 17:32:36,2022-10-04T20:32:36,2022-10-05,CAT2_Mercado_Petroleo,MoneyTimes,WP_MoneyTimes,3R Petroleum (RRRP3) salta com petróleo e BofA recomendando compra; quanto ação pode subir?,"O Bank of America (BofA) iniciou a cobertura da ação da 3R Petroleum (RRRP3) com recomendação de compra e preço-alvo de R$ 90, o que implica um potencial de valorização de 136,5% em relação à cotação do último fechamento. De acordo com o banco, em relatório publicado nesta segunda-feira (3), existem quatro motivos para a […]",https://www.moneytimes.com.br/3r-petroleum-rrrp3-salta-com-petroleo-e-bofa-recomendando-compra-quanto-acao-pode-subir/,pt,"3r petroleum (rrrp3) salta com petróleo e bofa recomendando compra; quanto ação pode subir? || o bank of america (bofa) iniciou a cobertura da ação da 3r petroleum (rrrp3) com recomendação de compra e preço-alvo de r$ 90, o que implica um potencial de valorização de 136,5% em relação à cotação do último fechamento. de acordo com o banco, em relatório publicado nesta segunda-feira (3), existem quatro motivos para a […]"
N0030371,2022-10-11 17:44:34,2022-10-11T20:44:34,2022-10-13,CAT1_Empresa,InfoMoney,WP_InfoMoney,"Vale (VALE3), Petrobras (PETR4), Itaú (ITUB4) e Magazine Luiza (MGLU3) puxam queda em sessão negativa para bolsa","Investidores evitam se posicionar na B3, antes do feriado de quarta (12), com ata do Fomc e inflação do consumidor (CPI) dos EUA, na quinta",https://www.infomoney.com.br/mercados/ibovespa-hoje-bolsa-de-valores-ao-vivo-11102022/,pt,"vale (vale3), petrobras (petr4), itaú (itub4) e magazine luiza (mglu3) puxam queda em sessão negativa para bolsa || investidores evitam se posicionar na b3, antes do feriado de quarta (12), com ata do fomc e inflação do consumidor (cpi) dos eua, na quinta"
N0030479,2022-10-17 17:25:43,2022-10-17T20:25:43,2022-10-18,CAT1_Empresa,MoneyTimes,WP_MoneyTimes,"Ação de petroleira tem potencial de saltar 80% e deixar seus concorrentes no chinelo, prevê Inter","O Inter Research iniciou a cobertura das chamadas petroleiras juniores (PRIO3, 3R Petroleum e PetroRecôncavo), ou seja, empresas com produção menor que a Petrobras (PETR3;PETR4), mas que não necessariamente são companhias pequenas. Mesmo recomendando compra nas três empresas, a corretora enxerga potencial de alta muito maior para a 3RPetroleum, com preço-alvo de R$ 74 (disparada […]",https://www.moneytimes.com.br/acao-de-petroleira-tem-potencial-de-saltar-80-e-deixar-seus-concorrentes-no-chinelo-preve-inter/,pt,"ação de petroleira tem potencial de saltar 80% e deixar seus concorrentes no chinelo, prevê inter || o inter research iniciou a cobertura das chamadas petroleiras juniores (prio3, 3r petroleum e petrorecôncavo), ou seja, empresas com produção menor que a petrobras (petr3;petr4), mas que não necessariamente são companhias pequenas. mesmo recomendando compra nas três empresas, a corretora enxerga potencial de alta muito maior para a 3rpetroleum, com preço-alvo de r$ 74 (disparada […]"
N0030508,2022-10-18 19:00:09,2022-10-18T22:00:09,2022-10-19,CAT1_Empresa,MoneyTimes,WP_MoneyTimes,Por que a PetroRecôncavo (REVC3) é a petroleira mais segura da bolsa?,"O Inter Research iniciou a cobertura das chamadas petroleiras juniores (PRIO, 3R Petroleum e PetroRecôncavo), ou seja, empresas com produção menor que a Petrobras (PETR3;PETR4), mas que não necessariamente são companhias pequenas. Apesar de recomendar compra nas três empresas, a corretora enxerga potencial de alta muito maior para a 3RPetroleum, com preço-alvo de R$ 74 (disparada de 82% ante o fechamento […]",https://www.moneytimes.com.br/por-que-a-petroreconcavo-revc3-e-a-petroleira-mais-segura-da-bolsa/,pt,"por que a petrorecôncavo (revc3) é a petroleira mais segura da bolsa? || o inter research iniciou a cobertura das chamadas petroleiras juniores (prio, 3r petroleum e petrorecôncavo), ou seja, empresas com produção menor que a petrobras (petr3;petr4), mas que não necessariamente são companhias pequenas. apesar de recomendar compra nas três empresas, a corretora enxerga potencial de alta muito maior para a 3rpetroleum, com preço-alvo de r$ 74 (disparada de 82% ante o fechamento […]"
N0030609,2022-10-24 17:23:49,2022-10-24T20:23:49,2022-10-25,CAT1_Empresa,InfoMoney,WP_InfoMoney,"Petrobras (PETR4) e BB (BBAS3) desabam 10% e perdem juntas R$ 62,8 bi de valor, com turbulência pré-eleições","Além de realização de lucros prevendo campanha acirrada, últimos desdobramentos não foram positivos para a campanha de Jair Bolsonaro",https://www.infomoney.com.br/mercados/petrobras-petr4-e-bb-bbas3-caem-mais-de-5-com-animo-dando-lugar-a-cautela-na-ultima-semana-antes-das-eleicoes/,pt,"petrobras (petr4) e bb (bbas3) desabam 10% e perdem juntas r$ 62,8 bi de valor, com turbulência pré-eleições || além de realização de lucros prevendo campanha acirrada, últimos desdobramentos não foram positivos para a campanha de jair bolsonaro"
N0030635,2022-10-25 17:20:15,2022-10-25T20:20:15,2022-10-26,CAT1_Empresa,InfoMoney,WP_InfoMoney,Magazine Luiza (MGLU3) e Vale (VALE3) evitam queda maior da bolsa; sessão foi negativa para estatais às vésperas de eleições,"Dólar avançou 0,26%, cotado a R$ 5,31; juros futuros (DIs) tiveram sessão mista",https://www.infomoney.com.br/mercados/ibovespa-hoje-bolsa-de-valores-ao-vivo-25102022/,pt,"magazine luiza (mglu3) e vale (vale3) evitam queda maior da bolsa; sessão foi negativa para estatais às vésperas de eleições || dólar avançou 0,26%, cotado a r$ 5,31; juros futuros (dis) tiveram sessão mista"
N0030744,2022-10-28 17:55:15,2022-10-28T20:55:15,2022-10-31,CAT7_Macro_Energia,InfoMoney,WP_InfoMoney,"Suzano (SUZB3): com Ebitda recorde, ações sobem 3,75%, mas bom momento deve persistir?","Bradesco BBI e Goldman Sachs reiteram recomendação de venda para ação, enquanto Eleven e Itaú BBA mostram otimismo",https://www.infomoney.com.br/mercados/suzano-suzb3-com-ebitda-recorde-acoes-em-alta-mas-bom-momento-deve-persistir/,pt,"suzano (suzb3): com ebitda recorde, ações sobem 3,75%, mas bom momento deve persistir? || bradesco bbi e goldman sachs reiteram recomendação de venda para ação, enquanto eleven e itaú bba mostram otimismo"
N0030865,2022-11-03 17:11:46,2022-11-03T20:11:46,2022-11-04,CAT1_Empresa,MoneyTimes,WP_MoneyTimes,Ibovespa (IBOV) fecha estável em dia ruim para mercados no exterior; ações de varejo e consumo sobem forte,"O Ibovespa (IBOV) quebrou a tendência de alta que vinha mantendo ao longo da semana e terminou esta quinta-feira (3) no campo negativo. Apesar disso, a queda foi menor do que em Wall Street, com Nasdaq caindo 1,73%. O índice de referência da Bolsa brasileira encerrou praticamente estável, com leve queda de 0,03%, a 116.896,36 pontos. O setor […]",https://www.moneytimes.com.br/ibovespa-hoje-fecha-alta-006-lula-varejo-consumo-destaque-positivo-03-11-2022/,pt,"ibovespa (ibov) fecha estável em dia ruim para mercados no exterior; ações de varejo e consumo sobem forte || o ibovespa (ibov) quebrou a tendência de alta que vinha mantendo ao longo da semana e terminou esta quinta-feira (3) no campo negativo. apesar disso, a queda foi menor do que em wall street, com nasdaq caindo 1,73%. o índice de referência da bolsa brasileira encerrou praticamente estável, com leve queda de 0,03%, a 116.896,36 pontos. o setor […]"
N0030945,2022-11-07 18:34:36,2022-11-07T21:34:36,2022-11-08,CAT7_Macro_Energia,InfoMoney,WP_InfoMoney,"Ibovespa cai 2,38%, com investidores monitorando cenário político local; dólar sobe 2,19%, a R$ 5,17",Notícias a respeito do nome que ocupará o cargo de ministro da Economia no próximo ano foram catalisadores negativos para Bolsa brasileira,https://www.infomoney.com.br/mercados/ibovespa-cai-238-com-investidores-monitorando-cenario-politico-local-dolar-sobe-219-a-r-517/,pt,"ibovespa cai 2,38%, com investidores monitorando cenário político local; dólar sobe 2,19%, a r$ 5,17 || notícias a respeito do nome que ocupará o cargo de ministro da economia no próximo ano foram catalisadores negativos para bolsa brasileira"
N0030993,2022-11-09 18:38:40,2022-11-09T21:38:40,2022-11-10,CAT1_Empresa,InfoMoney,WP_InfoMoney,"Braskem (BRKM5): ação registra queda de 5,5% após trimestre preocupante e pessimismo sobre venda da empresa","Após resultados considerados muito fracos, BBI cortou o preço-alvo e rebaixou recomendação para neutra, vendo menor chance de mudança de controle",https://www.infomoney.com.br/mercados/braskem-brkm5-acao-registra-queda-apos-trimestre-para-se-preocupar-e-visao-de-que-venda-da-empresa-esta-mais-distante/,pt,"braskem (brkm5): ação registra queda de 5,5% após trimestre preocupante e pessimismo sobre venda da empresa || após resultados considerados muito fracos, bbi cortou o preço-alvo e rebaixou recomendação para neutra, vendo menor chance de mudança de controle"
N0031102,2022-11-15 17:56:51,2022-11-15T20:56:51,2022-11-16,CAT1_Empresa,MoneyTimes,WP_MoneyTimes,Ibovespa em dólar (EWZ) listado em NY sobe; ADRs da Vale e Petrobras acompanham,"O EWZ, ETF listado em Nova York que reproduz a carteira de ações do Ibovespa em dólar, operou em alta nesta terça-feira de feriado devido ao 15 de novembro. A bolsa aqui no Brasil não abriu. Por volta das 17h45, o ETF subia 0,89%, a US$ 31,08. O movimento pode indicar um viés positivo para o índice brasileiro com a […]",https://www.moneytimes.com.br/ibovespa-em-dolar-ewz-listado-em-ny-sobe-adrs-da-vale-e-petrobras-acompanham/,pt,"ibovespa em dólar (ewz) listado em ny sobe; adrs da vale e petrobras acompanham || o ewz, etf listado em nova york que reproduz a carteira de ações do ibovespa em dólar, operou em alta nesta terça-feira de feriado devido ao 15 de novembro. a bolsa aqui no brasil não abriu. por volta das 17h45, o etf subia 0,89%, a us$ 31,08. o movimento pode indicar um viés positivo para o índice brasileiro com a […]"
N0031215,2022-11-21 18:09:42,2022-11-21T21:09:42,2022-11-22,CAT2_Mercado_Petroleo,InfoMoney,WP_InfoMoney,"Sanepar (SAPR11), Cemig (CMIG4), Sabesp (SBSP3) e mais estatais estaduais disparam com “efeito Copel”",Outras notícias também agitam empresas: Citi elevou preço-alvo de Sabesp; Cemig vai ampliar investimentos em energia solar,https://www.infomoney.com.br/mercados/sanepar-sapr11-cemig-cmig4-sabesp-sbsp3-e-mais-estatais-estaduais-disparam-com-efeito-copel/,pt,"sanepar (sapr11), cemig (cmig4), sabesp (sbsp3) e mais estatais estaduais disparam com “efeito copel” || outras notícias também agitam empresas: citi elevou preço-alvo de sabesp; cemig vai ampliar investimentos em energia solar"
N0031245,2022-11-22 18:13:13,2022-11-22T21:13:13,2022-11-23,CAT1_Empresa,InfoMoney,WP_InfoMoney,"Petrobras (PETR4): UBS faz duplo rebaixamento, recomenda venda e corta preço-alvo em 53%; ação chega a cair 5%, mas ameniza","Banco reduz recomendação com base em visão sobre preços dos combustíveis, investimentos e despesas gerais",https://www.infomoney.com.br/mercados/petrobras-petr4-ubs-bb-faz-duplo-rebaixamento-recomenda-venda-da-acao-e-corta-preco-alvo-em-53-fenix-volta-ao-ninho/,pt,"petrobras (petr4): ubs faz duplo rebaixamento, recomenda venda e corta preço-alvo em 53%; ação chega a cair 5%, mas ameniza || banco reduz recomendação com base em visão sobre preços dos combustíveis, investimentos e despesas gerais"
N0031274,2022-11-23 19:51:17,2022-11-23T22:51:17,2022-11-24,CAT2_Mercado_Petroleo,MoneyTimes,WP_MoneyTimes,Para passar longe: Veja 5 ações que mais preocupam os mercados,"Para além das recomendações de compra, analistas de mercados também veem algumas ações que preocupam. São papéis que ou subiram muito ou possuem desafios macroeconômicos. Levantamento realizado pelo TradeMap, com base em dados da Refinitiv, mostrou quais as ações que possuem maior recomendação de venda. Veja na tabela abaixo: Empresa Ticker Comprar Manter Vender Total […]",https://www.moneytimes.com.br/para-passar-longe-veja-5-acoes-que-mais-preocupam-os-mercados/,pt,"para passar longe: veja 5 ações que mais preocupam os mercados || para além das recomendações de compra, analistas de mercados também veem algumas ações que preocupam. são papéis que ou subiram muito ou possuem desafios macroeconômicos. levantamento realizado pelo trademap, com base em dados da refinitiv, mostrou quais as ações que possuem maior recomendação de venda. veja na tabela abaixo: empresa ticker comprar manter vender total […]"
N0031354,2022-11-29 19:09:27,2022-11-29T22:09:27,2022-11-30,CAT7_Macro_Energia,MoneyTimes,WP_MoneyTimes,Fundador do Nubank (NU) abre mão de acordo sobre potencial remuneração extra,"O Nubank (NU) disse nesta terça-feira que o fundador e presidente-executivo, David Vélez, decidiu encerrar um acordo que lhe dava direito a uma possível remuneração extra milionária em ações no futuro, gerando um efeito contábil positivo para o banco digital. A remuneração adicional esteve no centro de uma polêmica que atingiu o Nubank em abril […]",https://www.moneytimes.com.br/fundador-do-nubank-nu-abre-mao-de-acordo-sobre-potencial-remuneracao-extra/,pt,"fundador do nubank (nu) abre mão de acordo sobre potencial remuneração extra || o nubank (nu) disse nesta terça-feira que o fundador e presidente-executivo, david vélez, decidiu encerrar um acordo que lhe dava direito a uma possível remuneração extra milionária em ações no futuro, gerando um efeito contábil positivo para o banco digital. a remuneração adicional esteve no centro de uma polêmica que atingiu o nubank em abril […]"
N0031468,2022-12-06 19:34:41,2022-12-06T22:34:41,2022-12-07,CAT1_Empresa,MoneyTimes,WP_MoneyTimes,Por que Petrobras (PETR4) não acompanhou queda do petróleo nesta terça?,"Em dia positivo para o Ibovespa, as ações da Petrobras (PETR3;PETR4) terminaram o dia em sentidos opostos, com as ordinárias perdendo 0,17% e as preferenciais fechando praticamente estáveis, em leve alta de 0,07%. Os papéis da estatal não acompanharam a derrocada dos preços do petróleo nos mercados internacionais. Os contratos futuros do petróleo Brent recuaram […]",https://www.moneytimes.com.br/por-que-petrobras-petr4-nao-acompanhou-queda-do-petroleo-nesta-terca/,pt,"por que petrobras (petr4) não acompanhou queda do petróleo nesta terça? || em dia positivo para o ibovespa, as ações da petrobras (petr3;petr4) terminaram o dia em sentidos opostos, com as ordinárias perdendo 0,17% e as preferenciais fechando praticamente estáveis, em leve alta de 0,07%. os papéis da estatal não acompanharam a derrocada dos preços do petróleo nos mercados internacionais. os contratos futuros do petróleo brent recuaram […]"
N0031710,2022-12-20 22:58:58,2022-12-21T01:58:58,2022-12-21,CAT2_Mercado_Petroleo,Poder360,WP_Poder360,Câmara aprova em 1º turno R$ 170 bi de furo no teto de 2023,Proposta inclui dispositivo para aumentar valor de emendas individuais impositivas; deputados ainda precisam votar o 2º turno,https://www.poder360.com.br/congresso/camara-aprova-em-1o-turno-r-200-bi-de-furo-no-teto-de-2023/,pt,câmara aprova em 1º turno r$ 170 bi de furo no teto de 2023 || proposta inclui dispositivo para aumentar valor de emendas individuais impositivas; deputados ainda precisam votar o 2º turno
N0031717,2022-12-21 17:20:22,2022-12-21T20:20:22,2022-12-22,CAT7_Macro_Energia,InfoMoney,WP_InfoMoney,Itaú BBA corta preço-alvo da JBS (JBSS3) e recomenda compra de Vittia (VITT3); Marcopolo (POMO4) é top pick do Bradesco BBI,"JPMorgan, por sua vez, reiterou recomendação equivalente à compra para ações de Vibra e Afya",https://www.infomoney.com.br/mercados/itau-bba-corta-preco-alvo-da-jbs-jbss3-e-recomenda-compra-de-vittia-vitt3-marcopolo-pomo4-e-top-pick-do-bradesco-bbi/,pt,"itaú bba corta preço-alvo da jbs (jbss3) e recomenda compra de vittia (vitt3); marcopolo (pomo4) é top pick do bradesco bbi || jpmorgan, por sua vez, reiterou recomendação equivalente à compra para ações de vibra e afya"
N0031757,2022-12-23 18:13:16,2022-12-23T21:13:16,2022-12-26,CAT1_Empresa,MoneyTimes,WP_MoneyTimes,Ibovespa (IBOV) garante 5º pregão seguido de alta com disparada de petroleira,"O Ibovespa (IBOV) garantiu um pregão de forte alta nesta sexta-feira (23), contribuindo para uma semana positiva para o mercado de ações local. Embalado pela disparada da Petrobras (PETR3;PETR4) em meio ao habitual rali de fim de ano, o índice de referência da Bolsa brasileira registrou valorização de 2% hoje, a 109.697,57 pontos. Com isso, […]",https://www.moneytimes.com.br/ibovespa-hoje-fecha-alta-204-petrobras-petr4-rali-fim-de-ano-23-12-2022/,pt,"ibovespa (ibov) garante 5º pregão seguido de alta com disparada de petroleira || o ibovespa (ibov) garantiu um pregão de forte alta nesta sexta-feira (23), contribuindo para uma semana positiva para o mercado de ações local. embalado pela disparada da petrobras (petr3;petr4) em meio ao habitual rali de fim de ano, o índice de referência da bolsa brasileira registrou valorização de 2% hoje, a 109.697,57 pontos. com isso, […]"
N0031877,2022-12-31 18:00:56,2022-12-31T21:00:56,2023-01-02,CAT2_Mercado_Petroleo,MoneyTimes,WP_MoneyTimes,"5 ações para investir na primeira semana de 2023 e buscar até 53%, segundo a Terra","A Terra Investimentos não realizou alterações em sua carteira recomendada de ações para a primeira semana de 2023. Marfrig (MRFG3), SLC Agrícola (SLCE3), Totvs (TOTS3), Usiminas (USIM5) e Vibra Energia (VBBR3) compõem o portfólio. Na última semana do ano, até o fechamento do pregão do dia 29, a carteira registrou alta de 3,42%, em uma semana também positiva para o Ibovespa, que teve […]",https://www.moneytimes.com.br/5-acoes-para-investir-na-primeira-semana-de-2023-e-buscar-ate-53-segundo-a-terra/,pt,"5 ações para investir na primeira semana de 2023 e buscar até 53%, segundo a terra || a terra investimentos não realizou alterações em sua carteira recomendada de ações para a primeira semana de 2023. marfrig (mrfg3), slc agrícola (slce3), totvs (tots3), usiminas (usim5) e vibra energia (vbbr3) compõem o portfólio. na última semana do ano, até o fechamento do pregão do dia 29, a carteira registrou alta de 3,42%, em uma semana também positiva para o ibovespa, que teve […]"
N0031983,2023-01-05 17:56:00,2023-01-05T20:56:00,2023-01-06,CAT1_Empresa,MoneyTimes,WP_MoneyTimes,Coluna do TradingView: Bolsa opera aliviada após desfechos políticos,"Após início conturbado e discursos desleixados, o governo parece ter salvado as narrativas iniciais desdizendo o que foi dito no princípio. Hoje a bolsa retoma metade as perdas da semana, em dia de alívio para o investidor. Leo Senger Sempre tenho um conflito em um momento como este! Dólar subindo é bom para a minha […]",https://www.moneytimes.com.br/coluna-do-tradingview-bolsa-opera-aliviada-apos-desfechos-politicos/,pt,"coluna do tradingview: bolsa opera aliviada após desfechos políticos || após início conturbado e discursos desleixados, o governo parece ter salvado as narrativas iniciais desdizendo o que foi dito no princípio. hoje a bolsa retoma metade as perdas da semana, em dia de alívio para o investidor. leo senger sempre tenho um conflito em um momento como este! dólar subindo é bom para a minha […]"
N0032091,2023-01-10 18:01:29,2023-01-10T21:01:29,2023-01-11,CAT2_Mercado_Petroleo,Exame,WP_Exame,GPA dispara 8% e Eletrobras fica na lanterna do Ibovespa,"Varejista subiu com anúncio de cisão do Éxito, enquanto Eletrobras sofreu com dia negativo para o setor elétrico",https://exame.com/invest/mercados/maiores-altas-e-baixas-do-ibovespa-hoje-gpa-dispara-9-e-eletrobras-fica-na-lanterna/,pt,"gpa dispara 8% e eletrobras fica na lanterna do ibovespa || varejista subiu com anúncio de cisão do éxito, enquanto eletrobras sofreu com dia negativo para o setor elétrico"
N0032129,2023-01-11 18:24:27,2023-01-11T21:24:27,2023-01-12,CAT1_Empresa,InfoMoney,WP_InfoMoney,"3R Petroleum (RRRP3) salta 13,6% com mudança de patamar e expectativa de que ação suba mais de 100% em 2023","JP se uniu a outras casas e iniciou cobertura para RRRP3 vendo ação a R$ 100, além de ter visão positiva para PRIO; dado de produção anima ativos",https://www.infomoney.com.br/mercados/acao-3r-petroleum-rrrp3-salta-mudanca-patamar-producao-expectativa-de-que-acao-pode-subir-mais-de-100-bolsa/,pt,"3r petroleum (rrrp3) salta 13,6% com mudança de patamar e expectativa de que ação suba mais de 100% em 2023 || jp se uniu a outras casas e iniciou cobertura para rrrp3 vendo ação a r$ 100, além de ter visão positiva para prio; dado de produção anima ativos"
N0032237,2023-01-16 18:43:33,2023-01-16T21:43:33,2023-01-17,CAT2_Mercado_Petroleo,InfoMoney,WP_InfoMoney,"Ibovespa cai 1,54%, com risco fiscal e impacto do caso da Americanas (AMER3); dólar sobe 0,83%","Caso Americanas, aumento do salário mínimo e isenção do IPI foram principais triggers negativos para mercado brasileiro nesta segunda-feira",https://www.infomoney.com.br/mercados/ibovespa-cai-154-com-risco-fiscal-e-impacto-do-caso-da-americanas-amer3-dolar-sobe-083/,pt,"ibovespa cai 1,54%, com risco fiscal e impacto do caso da americanas (amer3); dólar sobe 0,83% || caso americanas, aumento do salário mínimo e isenção do ipi foram principais triggers negativos para mercado brasileiro nesta segunda-feira"
N0032267,2023-01-17 18:48:17,2023-01-17T21:48:17,2023-01-18,CAT1_Empresa,InfoMoney,WP_InfoMoney,"Ibovespa fecha em alta de 2,04%, com impacto positivo de commodities; dólar cai 0,84%, a R$ 5,10","Além da alta das commodities por “efeito China”, falas de Fernando Haddad em Davos também foram vistas como positivas",https://www.infomoney.com.br/mercados/ibovespa-fecha-em-alta-de-204-com-impacto-positivo-de-commodities-dolar-cai-084-a-r-510/,pt,"ibovespa fecha em alta de 2,04%, com impacto positivo de commodities; dólar cai 0,84%, a r$ 5,10 || além da alta das commodities por “efeito china”, falas de fernando haddad em davos também foram vistas como positivas"
N0032471,2023-01-26 19:47:26,2023-01-26T22:47:26,2023-01-27,CAT1_Empresa,MoneyTimes,WP_MoneyTimes,"Petrobras (PETR4) não vale ‘compra’, avalia Ativa; analista vê opção mais atraente","A Ativa Investimentos atualizou os preços-alvo de duas ações do setor de óleo e gás, mas seguiu com recomendações diferentes para elas. A recomendação “neutro” foi reafirmada para a Petrobras (PETR4), que ganhou preço-alvo de R$ 28. Ilan Arbetman, analista responsável pelo relatório desta quinta-feira (26), cita os riscos do novo governo, que tem a […]",https://www.moneytimes.com.br/petrobras-petr4-nao-vale-compra-avalia-ativa-analista-ve-opcao-mais-atraente/,pt,"petrobras (petr4) não vale ‘compra’, avalia ativa; analista vê opção mais atraente || a ativa investimentos atualizou os preços-alvo de duas ações do setor de óleo e gás, mas seguiu com recomendações diferentes para elas. a recomendação “neutro” foi reafirmada para a petrobras (petr4), que ganhou preço-alvo de r$ 28. ilan arbetman, analista responsável pelo relatório desta quinta-feira (26), cita os riscos do novo governo, que tem a […]"
N0032843,2023-02-14 17:12:19,2023-02-14T20:12:19,2023-02-15,CAT4_Infraestrutura,MoneyTimes,WP_MoneyTimes,Mercadante diz que BNDES não participa da elaboração do novo arcabouço fiscal,"O presidente do Banco Nacional de Desenvolvimento Econômico e Social (BNDES), Aloizio Mercadante, disse nesta terça-feira que o banco não trata do novo marco fiscal e que um seminário que será realizado sobre política econômica não terá incidência na elaboração do instrumento que vai substituir o teto de gastos. “Debater é bom para o Brasil. […]",https://www.moneytimes.com.br/mercadante-diz-que-congresso-pode-discutir-linhas-gerais-do-comercio-exterior-mas-nao-cada-emprestimo/,pt,"mercadante diz que bndes não participa da elaboração do novo arcabouço fiscal || o presidente do banco nacional de desenvolvimento econômico e social (bndes), aloizio mercadante, disse nesta terça-feira que o banco não trata do novo marco fiscal e que um seminário que será realizado sobre política econômica não terá incidência na elaboração do instrumento que vai substituir o teto de gastos. “debater é bom para o brasil. […]"
N0033191,2023-03-02 18:17:22,2023-03-02T21:17:22,2023-03-03,CAT1_Empresa,MoneyTimes,WP_MoneyTimes,"Ibovespa (IBOV) volta a cair nesta quinta, aos 103 mil pontos, sob peso de Petrobras (PETR4)","O Ibovespa (IBOV) voltou a cair nesta quinta-feira (2), com Petrobras (PETR4) no centro do noticiário corporativo após divulgar os resultados do quarto trimestre de 2022. Em dia negativo para as ações de maior peso, o índice de referência da Bolsa brasileira recuou 1,01%, a 103.325,62 pontos. As ações da Petrobras perderam 2,61%, mesmo após […]",https://www.moneytimes.com.br/ibovespa-hoje-fecha-queda-petrobras-petr4-dividendos-02-03-2023/,pt,"ibovespa (ibov) volta a cair nesta quinta, aos 103 mil pontos, sob peso de petrobras (petr4) || o ibovespa (ibov) voltou a cair nesta quinta-feira (2), com petrobras (petr4) no centro do noticiário corporativo após divulgar os resultados do quarto trimestre de 2022. em dia negativo para as ações de maior peso, o índice de referência da bolsa brasileira recuou 1,01%, a 103.325,62 pontos. as ações da petrobras perderam 2,61%, mesmo após […]"
N0033497,2023-03-15 17:12:32,2023-03-15T20:12:32,2023-03-16,CAT1_Empresa,InfoMoney,WP_InfoMoney,Petroreconcavo (RECV3) fecha em baixa de 19% e é destaque em dia negativo para ações de petroleiras: o que explica movimento?,"Além do cenário de queda para o petróleo, PetroReconcavo tem revisão de estimativas com analistas vendo compra de Polo Bahia Terra como mais difícil",https://www.infomoney.com.br/mercados/petroreconcavo-recv3-desaba-mais-de-15-e-e-destaque-em-dia-negativo-para-acoes-de-petroleiras-o-que-explica/,pt,"petroreconcavo (recv3) fecha em baixa de 19% e é destaque em dia negativo para ações de petroleiras: o que explica movimento? || além do cenário de queda para o petróleo, petroreconcavo tem revisão de estimativas com analistas vendo compra de polo bahia terra como mais difícil"
N0033547,2023-03-16 19:28:21,2023-03-16T22:28:21,2023-03-17,CAT2_Mercado_Petroleo,MoneyTimes,WP_MoneyTimes,"PetroReconcavo (RECV3) não é mais ‘compra’, diz BBI; ação volta a cair forte após despencar quase 20%","Um dia após as ações da PetroReconcavo (RECV3) despencarem 19,27%, analistas do Bradesco BBI rebaixaram a recomendação da empresa de “compra” para “neutro”. O preço-alvo também foi cortado, de R$ 37 a R$ 30, mostra um relatório da Ágora Investimentos divulgado nesta quinta-feira (16). A redução ocorre porque a instituição incorporou os números do último […]",https://www.moneytimes.com.br/petroreconcavo-recv3-nao-e-mais-compra-diz-bbi-acao-volta-a-cair-forte-apos-despencar-quase-20/,pt,"petroreconcavo (recv3) não é mais ‘compra’, diz bbi; ação volta a cair forte após despencar quase 20% || um dia após as ações da petroreconcavo (recv3) despencarem 19,27%, analistas do bradesco bbi rebaixaram a recomendação da empresa de “compra” para “neutro”. o preço-alvo também foi cortado, de r$ 37 a r$ 30, mostra um relatório da ágora investimentos divulgado nesta quinta-feira (16). a redução ocorre porque a instituição incorporou os números do último […]"
N0033566,2023-03-17 17:50:23,2023-03-17T20:50:23,2023-03-20,CAT2_Mercado_Petroleo,MoneyTimes,WP_MoneyTimes,"ENGI11, CPFE3, EQTL3, ELET3: A indicação do governo que levou as ações à lona nesta sexta","Os papéis das elétricas tombaram nesta sexta-feira (17), em dia já negativo para o Ibovespa. O papel da Energisa (ENGI11) caiu 6,43%, Equatorial (EQTL3) recuou 5,01%, CPFL (CPFE3) tombou 6,56% e Eletrobras (ELET3) exibiu queda de 4,83%. A queda ocorre após o Ministério de Minas e Energia confirmar o nome de Efrain Cruz para secretário-executivo da pasta. […]",https://www.moneytimes.com.br/engi11-cpfe3-eqtl3-elet3-a-indicacao-do-governo-que-leva-as-acoes-a-lona-nesta-sexta/,pt,"engi11, cpfe3, eqtl3, elet3: a indicação do governo que levou as ações à lona nesta sexta || os papéis das elétricas tombaram nesta sexta-feira (17), em dia já negativo para o ibovespa. o papel da energisa (engi11) caiu 6,43%, equatorial (eqtl3) recuou 5,01%, cpfl (cpfe3) tombou 6,56% e eletrobras (elet3) exibiu queda de 4,83%. a queda ocorre após o ministério de minas e energia confirmar o nome de efrain cruz para secretário-executivo da pasta. […]"
N0033856,2023-03-30 18:05:44,2023-03-30T21:05:44,2023-03-31,CAT1_Empresa,InfoMoney,WP_InfoMoney,Novas regras para ICMS da gasolina: como elas podem beneficiar ações de empresas de etanol e de distribuidoras de combustíveis,Analistas destacam impactos positivos para o Ebitda de Raízen e São Martinho com melhora da competitividade; já distribuidoras podem ter efeito “dúbio”,https://www.infomoney.com.br/mercados/novas-regras-para-icms-da-gasolina-como-podem-beneficiar-acoes-de-empresas-de-etanol-e-de-distribuidoras-de-combustiveis/,pt,novas regras para icms da gasolina: como elas podem beneficiar ações de empresas de etanol e de distribuidoras de combustíveis || analistas destacam impactos positivos para o ebitda de raízen e são martinho com melhora da competitividade; já distribuidoras podem ter efeito “dúbio”
N0033957,2023-04-04 19:44:34,2023-04-04T22:44:34,2023-04-05,CAT7_Macro_Energia,MoneyTimes,WP_MoneyTimes,"Os desafios que ainda ficam para a Natura (NTCO3) após a venda da Aesop, segundo BTG","Analistas do mercado avaliaram de forma positiva a notícia de que a Natura (NTCO3) fechou um acordo vinculante com a L’Oréal para a venda da Aesop. Investidores também chegaram a receber bem o comunicado, fazendo com que as ações da empresa brasileira disparassem na abertura do pregão desta terça-feira (4). O ânimo esfriou um pouco […]",https://www.moneytimes.com.br/os-desafios-que-ainda-ficam-para-a-natura-ntco3-apos-a-venda-da-aesop-segundo-btg/,pt,"os desafios que ainda ficam para a natura (ntco3) após a venda da aesop, segundo btg || analistas do mercado avaliaram de forma positiva a notícia de que a natura (ntco3) fechou um acordo vinculante com a l’oréal para a venda da aesop. investidores também chegaram a receber bem o comunicado, fazendo com que as ações da empresa brasileira disparassem na abertura do pregão desta terça-feira (4). o ânimo esfriou um pouco […]"
N0034090,2023-04-13 17:13:56,2023-04-13T20:13:56,2023-04-14,CAT7_Macro_Energia,MoneyTimes,WP_MoneyTimes,"Marfrig (MRFG3) ou BRF (BRFS3)? BofA corta preço-alvo, mas tem preferência por uma; ações recuam mais de 7%","O Bank of America (BofA) reforçou sua recomendação neutra para Marfrig (MRFG3), reduzindo o preço-alvo da ação de R$ 9 para R$ 7,60. A queda reflete o preço-alvo menor para BRF (BRFS3) que passou de R$ 9 para R$ 6,30, assim como as estimativas mais baixas para a Marfrig, dadas as margens mais baixas nos […]",https://www.moneytimes.com.br/marfrig-ou-brf-bofa-corta-precos-alvos/,pt,"marfrig (mrfg3) ou brf (brfs3)? bofa corta preço-alvo, mas tem preferência por uma; ações recuam mais de 7% || o bank of america (bofa) reforçou sua recomendação neutra para marfrig (mrfg3), reduzindo o preço-alvo da ação de r$ 9 para r$ 7,60. a queda reflete o preço-alvo menor para brf (brfs3) que passou de r$ 9 para r$ 6,30, assim como as estimativas mais baixas para a marfrig, dadas as margens mais baixas nos […]"
N0034310,2023-04-26 17:15:31,2023-04-26T20:15:31,2023-04-27,CAT1_Empresa,MoneyTimes,WP_MoneyTimes,Ibovespa (IBOV) perde pela 3ª vez seguida; Vale (VALE3) sobe antes de resultados,"O Ibovespa (IBOV) voltou a cair nesta quarta-feira (26), estendendo a sequência negativa para três pregões seguidos de queda. O índice, que é referência para a Bolsa brasileira, registrou desvalorização de 0,88%, a 102.312,10 pontos. Além de um exterior fraco, o mercado local digeriu dados do IPCA-15 de abril, que vieram abaixo do esperado, mas […]",https://www.moneytimes.com.br/ibovespa-hoje-fecha-queda-inflacao-ipca-vale-vale3-26-04-2023/,pt,"ibovespa (ibov) perde pela 3ª vez seguida; vale (vale3) sobe antes de resultados || o ibovespa (ibov) voltou a cair nesta quarta-feira (26), estendendo a sequência negativa para três pregões seguidos de queda. o índice, que é referência para a bolsa brasileira, registrou desvalorização de 0,88%, a 102.312,10 pontos. além de um exterior fraco, o mercado local digeriu dados do ipca-15 de abril, que vieram abaixo do esperado, mas […]"
N0034332,2023-04-27 17:00:05,2023-04-27T20:00:05,2023-04-28,CAT1_Empresa,Petronoticias,WP_Petronoticias,SETOR QUÍMICO MOSTRA OTIMISMO COM IMPACTO POSITIVO DO NOVO PROGRAMA GÁS PARA EMPREGAR,"A Frente Parlamentar da Química esteve presente na manhã de hoje (27) no ‘Seminário sobre Fertilizantes: Uma questão Estratégica para o Brasil’, realizado na Câmara dos Deputados, com a presença do representante do Ministério de Minas e Energia (MME), o secretário de Petróleo, Gás Natural e Biocombustíveis do MME, Pietro Mendes. O evento também abordou a […]",https://petronoticias.com.br/setor-quimico-mostra-otimismo-com-impacto-positivo-do-novo-programa-gas-para-empregar/,pt,"setor químico mostra otimismo com impacto positivo do novo programa gás para empregar || a frente parlamentar da química esteve presente na manhã de hoje (27) no ‘seminário sobre fertilizantes: uma questão estratégica para o brasil’, realizado na câmara dos deputados, com a presença do representante do ministério de minas e energia (mme), o secretário de petróleo, gás natural e biocombustíveis do mme, pietro mendes. o evento também abordou a […]"
N0034336,2023-04-27 17:32:02,2023-04-27T20:32:02,2023-04-28,CAT2_Mercado_Petroleo,InfoMoney,WP_InfoMoney,Crise de confiança ficou para trás? Ação da 3R Petroleum (RRRP3) dispara quase 12% após balanço do 1º tri,"Apesar do salto dos ativos, com analistas vendo que 2º tri pode ser positivo para a companhia, cautela continua após anúncio de aumento de capital",https://www.infomoney.com.br/mercados/3r-petroleum-rrrp3-analise-resultados-primeiro-trimestre-2023/,pt,"crise de confiança ficou para trás? ação da 3r petroleum (rrrp3) dispara quase 12% após balanço do 1º tri || apesar do salto dos ativos, com analistas vendo que 2º tri pode ser positivo para a companhia, cautela continua após anúncio de aumento de capital"
N0034484,2023-05-05 17:20:25,2023-05-05T20:20:25,2023-05-08,CAT1_Empresa,InfoMoney,WP_InfoMoney,"Alpargatas (ALPA4) salta 12% apesar de balanço fraco, Petz (PETZ3) e Soma (SOMA3) disparam até 16% e mais destaques de resultados","Em sessão positiva para o Ibovespa, ações da maioria das empresas que soltaram resultado sobem na Bolsa, mas também há destaque de queda",https://www.infomoney.com.br/mercados/alpargatas-alpa4-salta-mais-de-10-apesar-de-balanco-fraco-petz-petz3-e-soma-soma3-disparam-e-mais-destaques-de-resultados/,pt,"alpargatas (alpa4) salta 12% apesar de balanço fraco, petz (petz3) e soma (soma3) disparam até 16% e mais destaques de resultados || em sessão positiva para o ibovespa, ações da maioria das empresas que soltaram resultado sobem na bolsa, mas também há destaque de queda"
N0034915,2023-05-24 18:37:09,2023-05-24T21:37:09,2023-05-25,CAT1_Empresa,InfoMoney,WP_InfoMoney,"Seacrest, petroleira com ativos no Brasil e ação negociada em Oslo, tem prejuízo 66% menor no 1º tri","Além dos resultados, a Seacrest divulgou projeções de produção, custos de produção e capex; BBA reforçou recomendação de compra para ação",https://www.infomoney.com.br/mercados/seacrest-petroleira-com-ativos-no-brasil-e-acao-negociada-em-oslo-resultado-primeiro-trimestre-2023/,pt,"seacrest, petroleira com ativos no brasil e ação negociada em oslo, tem prejuízo 66% menor no 1º tri || além dos resultados, a seacrest divulgou projeções de produção, custos de produção e capex; bba reforçou recomendação de compra para ação"
N0034932,2023-05-25 17:09:00,2023-05-25T20:09:00,2023-05-26,CAT7_Macro_Energia,InfoMoney,WP_InfoMoney,"Dólar sobe 1,65% e fecha a R$ 5,03, com atenções voltadas para impasse sobre teto da dívida nos EUA",Fitch adotou perspectiva negativa para a nota de crédito dos Estados Unidos em meio à falta de acordo para elevar o teto da dívida do país,https://www.infomoney.com.br/mercados/dolar-sobe-mais-de-1-e-supera-os-r-5-com-atencoes-voltadas-para-impasse-sobre-teto-da-divida-nos-eua/,pt,"dólar sobe 1,65% e fecha a r$ 5,03, com atenções voltadas para impasse sobre teto da dívida nos eua || fitch adotou perspectiva negativa para a nota de crédito dos estados unidos em meio à falta de acordo para elevar o teto da dívida do país"
N0035109,2023-06-02 17:01:22,2023-06-02T20:01:22,2023-06-05,CAT2_Mercado_Petroleo,Poder360,WP_Poder360,"Em apresentação, Campos Neto fala em surpresa positiva do PIB","IBGE divulgou dados na 5ª feira (1º.jun); alta foi de 1,9% no 1º trimestre no comparativo com o 4º trimestre de 2022",https://www.poder360.com.br/economia/resultado-do-pib-tem-surpreendido-diz-campos-neto/,pt,"em apresentação, campos neto fala em surpresa positiva do pib || ibge divulgou dados na 5ª feira (1º.jun); alta foi de 1,9% no 1º trimestre no comparativo com o 4º trimestre de 2022"
N0035160,2023-06-05 20:01:48,2023-06-05T23:01:48,2023-06-06,CAT1_Empresa,MoneyTimes,WP_MoneyTimes,"Vale (VALE3) é decepção de maio, mas analistas não arredam o pé da ação; veja as 9 maiores apostas para junho","Maio foi ruim para as ações de mineradoras e siderúrgicas brasileiras. A Vale (VALE3) que o diga. Acumulando queda de mais de 11%, o papel da companhia figurou entre os destaques negativos do Ibovespa no mês passado, em meio à forte correção dos preços do minério de ferro na China. Apesar disso, analistas seguem olhando […]",https://www.moneytimes.com.br/vale-vale3-e-decepcao-de-maio-mas-analistas-nao-arredam-o-pe-da-acao-veja-as-9-maiores-apostas-para-junho/,pt,"vale (vale3) é decepção de maio, mas analistas não arredam o pé da ação; veja as 9 maiores apostas para junho || maio foi ruim para as ações de mineradoras e siderúrgicas brasileiras. a vale (vale3) que o diga. acumulando queda de mais de 11%, o papel da companhia figurou entre os destaques negativos do ibovespa no mês passado, em meio à forte correção dos preços do minério de ferro na china. apesar disso, analistas seguem olhando […]"
N0035166,2023-06-06 17:09:23,2023-06-06T20:09:23,2023-06-07,CAT7_Macro_Energia,InfoMoney,WP_InfoMoney,Além do macro: Citi eleva projeções de Azul (AZUL4) e Gol (GOLL4) e vê potencial de alta de até 116%; ações saltam,"Banco reiterou recomendação de compra para ativos e ainda destacou preferência por Azul à Gol, apesar de ver potencial de alta menor para os ativos",https://www.infomoney.com.br/mercados/azul-azul-gol-goll4-alem-do-macro-citi-eleva-projecoes-aereas-ve-potencial-de-alta-de-ate-116-acoes-saltam/,pt,"além do macro: citi eleva projeções de azul (azul4) e gol (goll4) e vê potencial de alta de até 116%; ações saltam || banco reiterou recomendação de compra para ativos e ainda destacou preferência por azul à gol, apesar de ver potencial de alta menor para os ativos"
N0035244,2023-06-11 18:12:22,2023-06-11T21:12:22,2023-06-12,CAT2_Mercado_Petroleo,Exame,WP_Exame,Negócios que fluem: Aegea é a Empresa do Ano no Melhores do ESG,"O Brasil tem um problema histórico de saneamento, e consertar isso é a missão da Aegea. Atuando em um setor que deve receber 116 bilhões de reais em investimentos nos próximos anos, a Melhor do ESG 2023 transforma água em benefício e lucro em impacto positivo",https://exame.com/esg/negocios-que-fluem-aegea-e-a-empresa-do-ano-no-melhores-do-esg/,pt,"negócios que fluem: aegea é a empresa do ano no melhores do esg || o brasil tem um problema histórico de saneamento, e consertar isso é a missão da aegea. atuando em um setor que deve receber 116 bilhões de reais em investimentos nos próximos anos, a melhor do esg 2023 transforma água em benefício e lucro em impacto positivo"
N0035309,2023-06-14 17:36:03,2023-06-14T20:36:03,2023-06-15,CAT1_Empresa,MoneyTimes,WP_MoneyTimes,4 pontos que explicam a disparada de 81% e 52% de Azul (AZUL4) e Gol (GOLL4) no ano,"As ações da Gol e da Azul figuraram entre as maiores altas do Ibovespa (IBOV) no pregão desta quarta-feira (14). GOLL4 e AZUL4 subiram 11,80% e 8,66%, respectivamente, em dia também positivo para o principal índice da Bolsa, que valorizou 2%. O movimento das companhias aéreas hoje não é isolado. Gol e Azul acumulam altas de cerca de […]",https://www.moneytimes.com.br/4-pontos-que-explicam-a-disparada-de-81-e-52-de-azul-azul4-e-gol-goll4-no-ano/,pt,"4 pontos que explicam a disparada de 81% e 52% de azul (azul4) e gol (goll4) no ano || as ações da gol e da azul figuraram entre as maiores altas do ibovespa (ibov) no pregão desta quarta-feira (14). goll4 e azul4 subiram 11,80% e 8,66%, respectivamente, em dia também positivo para o principal índice da bolsa, que valorizou 2%. o movimento das companhias aéreas hoje não é isolado. gol e azul acumulam altas de cerca de […]"
N0035347,2023-06-15 19:31:31,2023-06-15T22:31:31,2023-06-16,CAT3_Geopolitica,MoneyTimes,WP_MoneyTimes,Ambev (ABEV3) vs Heineken: Quem está ganhando a guerra das cervejas,"O UBS BB atualizou a sua cobertura do setor de cervejas no Brasil. Em relatório recente, o banco reforçou a recomendação de compra para Ambev (ABEV3), com preço-alvo de R$ 18, potencial de alta de valorização de 17,4%. Além disso, o UBS destaca a participação da cervejaria no mercado de cerveja premium brasileira. Para o banco, […]",https://www.moneytimes.com.br/ambev-abev3-vs-heineken-quem-esta-ganhando-a-guerra-das-cervejas/,pt,"ambev (abev3) vs heineken: quem está ganhando a guerra das cervejas || o ubs bb atualizou a sua cobertura do setor de cervejas no brasil. em relatório recente, o banco reforçou a recomendação de compra para ambev (abev3), com preço-alvo de r$ 18, potencial de alta de valorização de 17,4%. além disso, o ubs destaca a participação da cervejaria no mercado de cerveja premium brasileira. para o banco, […]"
N0035419,2023-06-20 20:46:33,2023-06-20T23:46:33,2023-06-21,CAT1_Empresa,MoneyTimes,WP_MoneyTimes,Petrobras (PETR4): Mais um bancão gringo recomenda compra e vê ‘risco Lula’ menor,"Dias após o JPMorgan elevar a Petrobras (PETR4) para compra, agora é a vez do Goldman Sachs coroar o bom momento da estatal. Em documento enviado a clientes nesta terça-feira (20), o bancão mudou a recomendação de neutra para compra, com preço-alvo para as ações preferenciais de R$ 41, potencial de ganhos de 34%, e de […]",https://www.moneytimes.com.br/petrobras-petr4-mais-um-bancao-gringo-recomenda-compra-veja-3-pontos-de-otimismo/,pt,"petrobras (petr4): mais um bancão gringo recomenda compra e vê ‘risco lula’ menor || dias após o jpmorgan elevar a petrobras (petr4) para compra, agora é a vez do goldman sachs coroar o bom momento da estatal. em documento enviado a clientes nesta terça-feira (20), o bancão mudou a recomendação de neutra para compra, com preço-alvo para as ações preferenciais de r$ 41, potencial de ganhos de 34%, e de […]"
N0035400,2023-06-20 17:15:58,2023-06-20T20:15:58,2023-06-21,CAT2_Mercado_Petroleo,InfoMoney,WP_InfoMoney,"Embraer (EMBR3): ação cai 4,65% com decepção após primeiros anúncios em evento em Paris – mas analistas mantêm visão positiva",Analistas do JPMorgan avaliam que novos pedidos possam ser anunciados nos próximos dias de evento; BBI vê companhia defendendo mercado,https://www.infomoney.com.br/mercados/embraer-embr3-acao-cai-forte-com-decepcao-apos-primeiros-anuncios-em-evento-em-paris-mas-analistas-mantem-visao-positiva/,pt,"embraer (embr3): ação cai 4,65% com decepção após primeiros anúncios em evento em paris – mas analistas mantêm visão positiva || analistas do jpmorgan avaliam que novos pedidos possam ser anunciados nos próximos dias de evento; bbi vê companhia defendendo mercado"
N0035474,2023-06-23 17:23:56,2023-06-23T20:23:56,2023-06-26,CAT2_Mercado_Petroleo,InfoMoney,WP_InfoMoney,"CPFL (CPFE3), Energisa (ENGI11) e mais distribuidoras saltam com novo passo para renovação de concessões: o que animou?","Analistas apontam que há mais dúvidas do que respostas após Ministério abrir consulta sobre tema, mas veem que discussões podem ser positivas para segmento",https://www.infomoney.com.br/mercados/cpfl-cpfe3-energisa-engi11-e-mais-acoes-distribuidoras-saltam-com-novo-passo-sobre-renovacao-de-concessoes-o-que-esperar/,pt,"cpfl (cpfe3), energisa (engi11) e mais distribuidoras saltam com novo passo para renovação de concessões: o que animou? || analistas apontam que há mais dúvidas do que respostas após ministério abrir consulta sobre tema, mas veem que discussões podem ser positivas para segmento"
N0035509,2023-06-26 18:10:26,2023-06-26T21:10:26,2023-06-27,CAT1_Empresa,InfoMoney,WP_InfoMoney,"XP eleva preço-alvo de ação da Petrobras (PETR4), mas reitera PRIO (PRIO3) como preferida após rali da estatal","“Acreditamos que é hora de um retorno para as juniores, já que a Petrobras se aproxima de sua máxima de cinco anos”, aponta a XP",https://www.infomoney.com.br/mercados/xp-eleva-preco-alvo-de-acao-da-petrobras-petr4-mas-reitera-prio-prio3-como-preferida-apos-rali-da-estatal/,pt,"xp eleva preço-alvo de ação da petrobras (petr4), mas reitera prio (prio3) como preferida após rali da estatal || “acreditamos que é hora de um retorno para as juniores, já que a petrobras se aproxima de sua máxima de cinco anos”, aponta a xp"
N0035566,2023-06-28 17:18:12,2023-06-28T20:18:12,2023-06-29,CAT2_Mercado_Petroleo,InfoMoney,WP_InfoMoney,"Ações da Pague Menos (PGMN3) caem 8,3% após Credit Suisse cortar recomendação e reduzir preço-alvo em 63%",Analistas veem que a companhia deve entregar um crescimento orgânico limitado em relação ao mercado farmacêutico,https://www.infomoney.com.br/mercados/acoes-da-pague-menos-pgmn3-caem-forte-apos-credit-suisse-cortar-recomendacao-e-reduzir-preco-alvo-em-63/,pt,"ações da pague menos (pgmn3) caem 8,3% após credit suisse cortar recomendação e reduzir preço-alvo em 63% || analistas veem que a companhia deve entregar um crescimento orgânico limitado em relação ao mercado farmacêutico"
N0035683,2023-07-05 17:40:29,2023-07-05T20:40:29,2023-07-06,CAT7_Macro_Energia,InfoMoney,WP_InfoMoney,"Ibovespa avança 0,40% com sinais de avanço da reforma tributária; dólar sobe 0,20%, a R$ 4,85",Sinalizações de Lira e de Haddad sobre mudanças no sistema de tributação foram vistas como positivas para os ativos de risco,https://www.infomoney.com.br/mercados/ibovespa-avanca-040-com-sinais-de-avanco-da-reforma-tributaria-dolar-sobe-020-a-r-485/,pt,"ibovespa avança 0,40% com sinais de avanço da reforma tributária; dólar sobe 0,20%, a r$ 4,85 || sinalizações de lira e de haddad sobre mudanças no sistema de tributação foram vistas como positivas para os ativos de risco"
N0035735,2023-07-07 19:18:50,2023-07-07T22:18:50,2023-07-10,CAT2_Mercado_Petroleo,MoneyTimes,WP_MoneyTimes,Cemig (CMIG4): O fator que impede analistas de entrar de cabeça na ação,"O Itaú BBA elevou o preço-alvo para Cemig (CMIG4) com a valorização recente das ações impulsionada por “números operacionais sólidos, uma estratégia de negociação de energia bem-sucedida e uma visão mais construtiva dos investidores sobre uma possível privatização“. Com isso, os analistas elevaram o valor do papel de R$ 9,30 para R$ 14,80 ao fim […]",https://www.moneytimes.com.br/cemig-cmig4-o-fator-que-impede-analistas-de-entrar-de-cabeca-na-acao/,pt,"cemig (cmig4): o fator que impede analistas de entrar de cabeça na ação || o itaú bba elevou o preço-alvo para cemig (cmig4) com a valorização recente das ações impulsionada por “números operacionais sólidos, uma estratégia de negociação de energia bem-sucedida e uma visão mais construtiva dos investidores sobre uma possível privatização“. com isso, os analistas elevaram o valor do papel de r$ 9,30 para r$ 14,80 ao fim […]"
N0035825,2023-07-14 17:18:03,2023-07-14T20:18:03,2023-07-17,CAT1_Empresa,InfoMoney,WP_InfoMoney,"Ações da BRF (BRFS3) caem 6,7% após conclusão do follow-on; analistas revisam estimativas","Goldman eleva preço-alvo das ações de R$ 6,20 para R$ 6,90 com melhora da estrutura de capital, mas mantém recomendação de venda",https://www.infomoney.com.br/mercados/acoes-da-brf-brfs3-caem-mais-de-4-apos-conclusao-do-follow-on-analistas-revisam-estimativas/,pt,"ações da brf (brfs3) caem 6,7% após conclusão do follow-on; analistas revisam estimativas || goldman eleva preço-alvo das ações de r$ 6,20 para r$ 6,90 com melhora da estrutura de capital, mas mantém recomendação de venda"
N0035865,2023-07-18 18:03:00,2023-07-18T21:03:00,2023-07-19,CAT7_Macro_Energia,InfoMoney,WP_InfoMoney,"Reforma tributária é positiva para rating do Brasil e dólar pode chegar a R$ 4,60 no curto prazo, diz UBS Wealth Management","“No curto prazo, esperamos que as ações brasileiras tenham um desempenho em linha com os mercados emergentes, com um viés positivo”, acrescenta",https://www.infomoney.com.br/mercados/reforma-tributaria-e-positiva-para-rating-do-brasil-e-dolar-pode-chegar-a-r-460-no-curto-prazo-diz-ubs-wealth-management/,pt,"reforma tributária é positiva para rating do brasil e dólar pode chegar a r$ 4,60 no curto prazo, diz ubs wealth management || “no curto prazo, esperamos que as ações brasileiras tenham um desempenho em linha com os mercados emergentes, com um viés positivo”, acrescenta"
N0035880,2023-07-19 17:13:44,2023-07-19T20:13:44,2023-07-20,CAT1_Empresa,InfoMoney,WP_InfoMoney,"Ecorodovias (ECOR3) salta 8,7% com visão positiva de bancos sobre ações: “redução de riscos e boa aposta com queda de juros”","Itaú BBA elevou recomendação de ações para equivalente à compra, enquanto ECOR3 é a nova top pick do BBI no setor",https://www.infomoney.com.br/mercados/ecorodovias-ecor3-salta-visao-positiva-bancos-acoes-boa-aposta-queda-de-juros/,pt,"ecorodovias (ecor3) salta 8,7% com visão positiva de bancos sobre ações: “redução de riscos e boa aposta com queda de juros” || itaú bba elevou recomendação de ações para equivalente à compra, enquanto ecor3 é a nova top pick do bbi no setor"
N0036025,2023-07-27 19:18:54,2023-07-27T22:18:54,2023-07-28,CAT1_Empresa,MoneyTimes,WP_MoneyTimes,"Uma petroleira passou a valer ‘compra’, segundo BBI; veja a recomendação","Uma petroleira ganhou recomendação de compra do Bradesco BBI. Mais seguros quanto à alocação de capital da companhia, analistas começaram a sugerir comprar as ações da PetroReconcavo (RECV3), com o novo preço-alvo de R$ 35 (contra R$ 30 anteriormente). Segundo o BBI, a PetroReconcavo parece estar entrando em um ciclo virtuoso no segundo semestre do […]",https://www.moneytimes.com.br/uma-petroleira-passou-a-valer-compra-segundo-bbi-veja-a-recomendacao/,pt,"uma petroleira passou a valer ‘compra’, segundo bbi; veja a recomendação || uma petroleira ganhou recomendação de compra do bradesco bbi. mais seguros quanto à alocação de capital da companhia, analistas começaram a sugerir comprar as ações da petroreconcavo (recv3), com o novo preço-alvo de r$ 35 (contra r$ 30 anteriormente). segundo o bbi, a petroreconcavo parece estar entrando em um ciclo virtuoso no segundo semestre do […]"
N0036156,2023-08-03 17:24:19,2023-08-03T20:24:19,2023-08-04,CAT1_Empresa,MoneyTimes,WP_MoneyTimes,Ibovespa (IBOV): Mercado deixa corte da Selic de lado e repercute exterior negativo; entenda o fechamento desta quinta (3),"O Ibovespa (IBOV) encerrou esta quinta-feira (3) sem ânimo, contrariando expectativas de quem esperava por uma forte reação positiva para a Bolsa local após o primeiro corte em três anos dos juros no Brasil. Ontem, autoridades monetárias votaram pela redução em 0,50 ponto percentual da Selic, a taxa básica de juros brasileira. Com isso, os juros […]",https://www.moneytimes.com.br/ibovespa-hoje-fecha-queda-selic-juros-copom-03-08-2023/,pt,"ibovespa (ibov): mercado deixa corte da selic de lado e repercute exterior negativo; entenda o fechamento desta quinta (3) || o ibovespa (ibov) encerrou esta quinta-feira (3) sem ânimo, contrariando expectativas de quem esperava por uma forte reação positiva para a bolsa local após o primeiro corte em três anos dos juros no brasil. ontem, autoridades monetárias votaram pela redução em 0,50 ponto percentual da selic, a taxa básica de juros brasileira. com isso, os juros […]"
N0036516,2023-08-23 17:12:01,2023-08-23T20:12:01,2023-08-24,CAT1_Empresa,InfoMoney,WP_InfoMoney,"Ibovespa ao vivo: PCAR3 desaba, mas PETR4, ELET3 e bancos garantem mais um dia positivo para a Bolsa",Bolsas de NY sobem com Título de 10 anos caindo e PMIs mostrando retração,https://www.infomoney.com.br/mercados/ibovespa-hoje-bolsa-de-valores-ao-vivo-23082023/,pt,"ibovespa ao vivo: pcar3 desaba, mas petr4, elet3 e bancos garantem mais um dia positivo para a bolsa || bolsas de ny sobem com título de 10 anos caindo e pmis mostrando retração"
N0036634,2023-08-29 20:31:01,2023-08-29T23:31:01,2023-08-30,CAT1_Empresa,MoneyTimes,WP_MoneyTimes,"3 principais motivos para vender Braskem (BRKM5) agora, segundo UBS BB","Está na hora de vender as ações da Braskem (BRKM5), diz o UBS BB, em relatório de atualização de tese de investimento. A instituição cortou a recomendação da companhia a “venda” e introduziu um novo preço-alvo de R$ 20 (vs. R$ 26 anteriormente). Três principais pilares explicam o novo rating: o time de análise não […]",https://www.moneytimes.com.br/3-principais-motivos-para-vender-braskem-brkm5-agora-segundo-ubs-bb/,pt,"3 principais motivos para vender braskem (brkm5) agora, segundo ubs bb || está na hora de vender as ações da braskem (brkm5), diz o ubs bb, em relatório de atualização de tese de investimento. a instituição cortou a recomendação da companhia a “venda” e introduziu um novo preço-alvo de r$ 20 (vs. r$ 26 anteriormente). três principais pilares explicam o novo rating: o time de análise não […]"
N0036640,2023-08-30 17:23:22,2023-08-30T20:23:22,2023-08-31,CAT2_Mercado_Petroleo,InfoMoney,WP_InfoMoney,"JPMorgan eleva Cemig (CMIG4) e Camil (CAML3), rebaixa Alupar (ALUP11) e mantém Marcopolo (POMO4) top pick; ações reagem","Banco fez revisão geral para ações de diversos setores da Bolsa brasileira; em saúde, banco cortou preço-alvo de Rede D’Or, mas seguiu com compra",https://www.infomoney.com.br/mercados/jpmorgan-eleva-cemig-cmig4-e-camil-caml3-compra-rebaixa-alupar-alup11-e-mantem-marcopolo-pomo4-top-pick-acoes-reagem/,pt,"jpmorgan eleva cemig (cmig4) e camil (caml3), rebaixa alupar (alup11) e mantém marcopolo (pomo4) top pick; ações reagem || banco fez revisão geral para ações de diversos setores da bolsa brasileira; em saúde, banco cortou preço-alvo de rede d’or, mas seguiu com compra"
N0036681,2023-09-01 17:36:30,2023-09-01T20:36:30,2023-09-04,CAT1_Empresa,MoneyTimes,WP_MoneyTimes,"Ações seguem baratas, mas analistas revisarão lucros para baixo, diz XP","A XP Investimentos disse que as ações brasileiras seguem baratas – com o índice P/L (preço sobre lucro) do Ibovespa a 8,1x contra média histórica de 11x. A corretora reiterou o preço-alvo para o principal índice da Bolsa a 133 mil pontos ao final deste ano. No entanto, os analistas Fernando Ferreira e Jennie Lee, que […]",https://www.moneytimes.com.br/acoes-seguem-baratas-mas-analistas-revisarao-lucros-para-baixo-diz-xp/,pt,"ações seguem baratas, mas analistas revisarão lucros para baixo, diz xp || a xp investimentos disse que as ações brasileiras seguem baratas – com o índice p/l (preço sobre lucro) do ibovespa a 8,1x contra média histórica de 11x. a corretora reiterou o preço-alvo para o principal índice da bolsa a 133 mil pontos ao final deste ano. no entanto, os analistas fernando ferreira e jennie lee, que […]"
N0036744,2023-09-05 18:45:49,2023-09-05T21:45:49,2023-09-06,CAT2_Mercado_Petroleo,InfoMoney,WP_InfoMoney,PRIO (PRIO3) divulga dados de produção com impactos da parada temporária no campo de Frade; analistas mantêm visão positiva para ações,"PRIO registrou produção diária de 98 mil barris de óleo equivalente por dia (boed) em agosto, uma queda de 1,1% na comparação com julho deste ano",https://www.infomoney.com.br/mercados/prio-prio3-divulga-dados-de-producao-com-impactos-da-parada-temporaria-no-campo-de-frade-analistas-mantem-visao-positiva-para-acoes/,pt,"prio (prio3) divulga dados de produção com impactos da parada temporária no campo de frade; analistas mantêm visão positiva para ações || prio registrou produção diária de 98 mil barris de óleo equivalente por dia (boed) em agosto, uma queda de 1,1% na comparação com julho deste ano"
N0036904,2023-09-15 20:23:27,2023-09-15T23:23:27,2023-09-18,CAT2_Mercado_Petroleo,MoneyTimes,WP_MoneyTimes,BTG está com uma nova elétrica favorita; entenda o potencial da ação,"O BTG Pactual tem uma nova ação top pick no setor elétrico. Nesta semana, o banco restabeleceu a cobertura de Copel (CPLE6) com recomendação de compra e preço-alvo de R$ 12, considerando agora a condição de empresa privatizada. Na avaliação do time de análise, existe “muito potencial ainda a ser desbloqueado” no caso da Copel, […]",https://www.moneytimes.com.br/btg-esta-com-uma-nova-eletrica-favorita-entenda-o-potencial-da-acao/,pt,"btg está com uma nova elétrica favorita; entenda o potencial da ação || o btg pactual tem uma nova ação top pick no setor elétrico. nesta semana, o banco restabeleceu a cobertura de copel (cple6) com recomendação de compra e preço-alvo de r$ 12, considerando agora a condição de empresa privatizada. na avaliação do time de análise, existe “muito potencial ainda a ser desbloqueado” no caso da copel, […]"
N0036893,2023-09-15 18:34:25,2023-09-15T21:34:25,2023-09-18,CAT3_Geopolitica,InfoMoney,WP_InfoMoney,"“Mercado de grãos está de mau humor”, diz BBI, ao revisar preços de commodities agrícolas; SLC (SLCE3) fecha em queda",Banco considera que impacto para SLC Agrícola seria grande; nome já é recomendado com venda e preço-alvo similar ao atual,https://www.infomoney.com.br/mercados/mercado-de-graos-esta-de-mal-humor-diz-bbi-ao-revisar-precos-de-commodities-agricolas-slc-slce3-fecha-em-queda/,pt,"“mercado de grãos está de mau humor”, diz bbi, ao revisar preços de commodities agrícolas; slc (slce3) fecha em queda || banco considera que impacto para slc agrícola seria grande; nome já é recomendado com venda e preço-alvo similar ao atual"
N0036928,2023-09-18 18:00:38,2023-09-18T21:00:38,2023-09-19,CAT1_Empresa,InfoMoney,WP_InfoMoney,"Azul (AZUL4) tem recomendação elevada à compra pelo JPMorgan, que corta preço-alvo de Gol (GOLL4); ações sobem","Banco considera recente queda das ações da Azul como excessiva, já que processo de reestruturação da dívida foi bem-sucedido",https://www.infomoney.com.br/mercados/azul-azul4-tem-recomendacao-elevada-a-compra-pelo-jpmorgan-que-corta-preco-alvo-de-gol-goll4-acoes-sobem/,pt,"azul (azul4) tem recomendação elevada à compra pelo jpmorgan, que corta preço-alvo de gol (goll4); ações sobem || banco considera recente queda das ações da azul como excessiva, já que processo de reestruturação da dívida foi bem-sucedido"
N0036958,2023-09-19 18:05:18,2023-09-19T21:05:18,2023-09-20,CAT1_Empresa,InfoMoney,WP_InfoMoney,Eletrobras (ELET3 ELET6): Morgan retoma cobertura com recomendação de compra; ações terminam em queda,Morgan traçou preço-alvo de R$ 54 para as ações ordinárias e R$ 59 para os papéis preferenciais,https://www.infomoney.com.br/mercados/eletrobras-elet3-elet6-morgan-retoma-cobertura-com-recomendacao-de-compra-acoes-sobem/,pt,eletrobras (elet3 elet6): morgan retoma cobertura com recomendação de compra; ações terminam em queda || morgan traçou preço-alvo de r$ 54 para as ações ordinárias e r$ 59 para os papéis preferenciais
N0037007,2023-09-21 17:15:58,2023-09-21T20:15:58,2023-09-22,CAT1_Empresa,MoneyTimes,WP_MoneyTimes,Ibovespa (IBOV) derrapa mais de 2% após corte de juros no Brasil; o que aconteceu?,"O dia seguinte à decisão do Comitê de Política Monetária (Copom) do Banco Central não foi bom para o Ibovespa. O índice de referência da Bolsa brasileira derreteu 2,15% nesta quinta-feira (21), a 116.145,05 pontos. A baixa de Vale (VALE3) e Petrobras (PETR4) jogou pressão sobre o Ibovespa na sessão. Ações de empresas cíclicas domésticas […]",https://www.moneytimes.com.br/ibovespa-hoje-fecha-queda-juros-fed-copom-vale-vale3-petrobras-petr4-21-09-2023/,pt,"ibovespa (ibov) derrapa mais de 2% após corte de juros no brasil; o que aconteceu? || o dia seguinte à decisão do comitê de política monetária (copom) do banco central não foi bom para o ibovespa. o índice de referência da bolsa brasileira derreteu 2,15% nesta quinta-feira (21), a 116.145,05 pontos. a baixa de vale (vale3) e petrobras (petr4) jogou pressão sobre o ibovespa na sessão. ações de empresas cíclicas domésticas […]"
N0037031,2023-09-22 17:22:13,2023-09-22T20:22:13,2023-09-25,CAT7_Macro_Energia,InfoMoney,WP_InfoMoney,"IRB (IRBR3) divulga mais um lucro em julho, enquanto JPMorgan eleva preço-alvo; ação sobe, mas fecha longe das máximas","Ainda assim, JPMorgan seguiu com recomendação equivalente à venda para o ativo, enquanto Citi mantém visão neutra",https://www.infomoney.com.br/mercados/irb-irbr3-divulga-novos-dados-positivos-em-julho-rural-destaque-jpmorgan-eleva-preco-alvo-desempenho-acoes/,pt,"irb (irbr3) divulga mais um lucro em julho, enquanto jpmorgan eleva preço-alvo; ação sobe, mas fecha longe das máximas || ainda assim, jpmorgan seguiu com recomendação equivalente à venda para o ativo, enquanto citi mantém visão neutra"
N0037068,2023-09-25 19:42:10,2023-09-25T22:42:10,2023-09-26,CAT2_Mercado_Petroleo,MoneyTimes,WP_MoneyTimes,Elétrica praticamente no zero a zero em 2023 vai deslanchar? BB atualiza potencial da ação,"A ação da Taesa (TAEE11) reage pouco em 2023, tendo na conta um ganho acumulado de apenas 0,17% no ano. Para quem acredita que a disparada do papel acontecerá nos próximos meses, a atualização mais recente da tese pelo BB Investimentos diz o contrário. A instituição está com um novo preço-alvo para as units da […]",https://www.moneytimes.com.br/eletrica-praticamente-no-zero-a-zero-em-2023-vai-deslanchar-bb-atualiza-potencial-da-acao/,pt,"elétrica praticamente no zero a zero em 2023 vai deslanchar? bb atualiza potencial da ação || a ação da taesa (taee11) reage pouco em 2023, tendo na conta um ganho acumulado de apenas 0,17% no ano. para quem acredita que a disparada do papel acontecerá nos próximos meses, a atualização mais recente da tese pelo bb investimentos diz o contrário. a instituição está com um novo preço-alvo para as units da […]"
N0037080,2023-09-26 17:13:17,2023-09-26T20:13:17,2023-09-27,CAT1_Empresa,MoneyTimes,WP_MoneyTimes,Ibovespa (IBOV) amarga nova perda e é jogado aos 114 mil pontos; entenda o movimento desta terça (26),"O Ibovespa (IBOV) cravou seu quarto pregão consecutivo de queda nesta terça-feira (26), afetado mais uma vez pelo sentimento negativo no exterior, mas com repercussões do lado doméstico também. Referência para a Bolsa brasileira, o índice fechou esta sessão com desvalorização de 1,49%, a 114.193,43 pontos. Nos mercados lá fora, a perspectiva segue negativa para […]",https://www.moneytimes.com.br/ibovespa-hoje-fecha-queda-114-mil-pontos-juros-fed-copom-26-09-2023/,pt,"ibovespa (ibov) amarga nova perda e é jogado aos 114 mil pontos; entenda o movimento desta terça (26) || o ibovespa (ibov) cravou seu quarto pregão consecutivo de queda nesta terça-feira (26), afetado mais uma vez pelo sentimento negativo no exterior, mas com repercussões do lado doméstico também. referência para a bolsa brasileira, o índice fechou esta sessão com desvalorização de 1,49%, a 114.193,43 pontos. nos mercados lá fora, a perspectiva segue negativa para […]"
N0037218,2023-10-03 17:45:09,2023-10-03T20:45:09,2023-10-04,CAT7_Macro_Energia,InfoMoney,WP_InfoMoney,Suzano (SUZB3): ação sobe com salto do dólar e após ter recomendação elevada para compra por JPMorgan,Analistas também destacam antecipação do projeto Cerrado e valuation atrativo; recomendação de Klabin foi mantida em neutra,https://www.infomoney.com.br/mercados/suzano-suzb3-jpmorgan-eleva-recomendacao-para-compra-com-expectativa-de-alta-nos-precos-da-celulose-desempenho-acoes/,pt,suzano (suzb3): ação sobe com salto do dólar e após ter recomendação elevada para compra por jpmorgan || analistas também destacam antecipação do projeto cerrado e valuation atrativo; recomendação de klabin foi mantida em neutra
N0037644,2023-10-17 18:59:57,2023-10-17T21:59:57,2023-10-18,CAT1_Empresa,MoneyTimes,WP_MoneyTimes,"Ação que disparou 126% nos últimos 10 meses tem mais para entregar, segundo XP","A ação da Marcopolo (POMO4), que mais do que dobrou de valor em 10 meses, ainda tem espaço para novas subidas, avalia a XP Investimentos, em relatório de atualização divulgado nesta terça-feira (17). A corretora atualizou as estimativas para a companhia com um novo preço-alvo ao fim de 2024 de R$ 8, substituindo o valor […]",https://www.moneytimes.com.br/acao-que-disparou-126-nos-ultimos-10-meses-tem-mais-para-entregar-segundo-xp/,pt,"ação que disparou 126% nos últimos 10 meses tem mais para entregar, segundo xp || a ação da marcopolo (pomo4), que mais do que dobrou de valor em 10 meses, ainda tem espaço para novas subidas, avalia a xp investimentos, em relatório de atualização divulgado nesta terça-feira (17). a corretora atualizou as estimativas para a companhia com um novo preço-alvo ao fim de 2024 de r$ 8, substituindo o valor […]"
N0037660,2023-10-18 17:00:51,2023-10-18T20:00:51,2023-10-19,CAT1_Empresa,InfoMoney,WP_InfoMoney,"O possível impacto da Black Friday para as ações de varejistas, segundo a XP","“Em nossa visão, as pesquisas dão sinalizações positivas para a performance do evento”, aponta a equipe de analistas",https://www.infomoney.com.br/mercados/o-possivel-impacto-da-black-friday-para-as-acoes-de-varejistas-segundo-a-xp/,pt,"o possível impacto da black friday para as ações de varejistas, segundo a xp || “em nossa visão, as pesquisas dão sinalizações positivas para a performance do evento”, aponta a equipe de analistas"
N0037739,2023-10-20 17:13:38,2023-10-20T20:13:38,2023-10-23,CAT1_Empresa,InfoMoney,WP_InfoMoney,"BRF (BRFS3): JPMorgan mantém compra, revisa projeções e eleva preço-alvo; ação avança 3,85%",Analistas do JPMorgan elevaram estimativas de Ebitda para 2024 e mantiveram recomendaçãopor melhora nas margens,https://www.infomoney.com.br/mercados/brfbrfs3-jpmorgan-mantem-compra-revisa-projecoes-e-eleva-preco-alvo-acoes-sobem/,pt,"brf (brfs3): jpmorgan mantém compra, revisa projeções e eleva preço-alvo; ação avança 3,85% || analistas do jpmorgan elevaram estimativas de ebitda para 2024 e mantiveram recomendaçãopor melhora nas margens"
N0037937,2023-10-28 20:01:26,2023-10-28T23:01:26,2023-10-30,CAT2_Mercado_Petroleo,Poder360,WP_Poder360,Refinarias privadas querem imposto seletivo só para extração,"Associação cita impacto negativo se a incidência de imposto for em toda a cadeia de petróleo, incluindo a venda de combustíveis",https://www.poder360.com.br/economia/refinarias-privadas-querem-imposto-seletivo-apenas-para-extracao/,pt,"refinarias privadas querem imposto seletivo só para extração || associação cita impacto negativo se a incidência de imposto for em toda a cadeia de petróleo, incluindo a venda de combustíveis"
N0038143,2023-11-08 19:28:00,2023-11-08T22:28:00,2023-11-09,CAT2_Mercado_Petroleo,InfoMoney,WP_InfoMoney,"Câmbio: Dólar volta a superar R$ 4,90 em dia ruim para divisas emergentes e petróleo","Apesar do repique hoje, a divisa apresenta baixa de 2,66% no mês.",https://www.infomoney.com.br/mercados/cambio-dolar-volta-a-superar-r-490-em-dia-ruim-para-divisas-emergentes-e-petroleo/,pt,"câmbio: dólar volta a superar r$ 4,90 em dia ruim para divisas emergentes e petróleo || apesar do repique hoje, a divisa apresenta baixa de 2,66% no mês."
N0038198,2023-11-10 18:10:47,2023-11-10T21:10:47,2023-11-13,CAT1_Empresa,MoneyTimes,WP_MoneyTimes,3 pontos fundamentais que o pecuarista não pode abrir mão em 2024,"Como você acompanhou ao longo deste ano, aqui no Agro Times, o 2023 ficou marcado como um ano de ciclo positivo para o boi gordo, com uma elevada oferta ao longo do ano e preços mais baixos. Na parcial do mês de novembro, os preços já acumulam queda de 3,89%, após um outubro marcado por pouca variação […]",https://www.moneytimes.com.br/3-pontos-fundamentais-que-o-pecuarista-nao-pode-abrir-mao-em-2024/,pt,"3 pontos fundamentais que o pecuarista não pode abrir mão em 2024 || como você acompanhou ao longo deste ano, aqui no agro times, o 2023 ficou marcado como um ano de ciclo positivo para o boi gordo, com uma elevada oferta ao longo do ano e preços mais baixos. na parcial do mês de novembro, os preços já acumulam queda de 3,89%, após um outubro marcado por pouca variação […]"
N0038244,2023-11-13 19:44:18,2023-11-13T22:44:18,2023-11-14,CAT2_Mercado_Petroleo,InfoMoney,WP_InfoMoney,"Itaúsa (ITSA4) tem lucro recorrente de R$ 4,6 bilhões no 3º trimestre e anuncia proventos de JCP","O resultado recorde foi fruto de desempenho de empresas do grupo, bem como do impacto positivo a valor de mercado da XP Inc.",https://www.infomoney.com.br/mercados/itausa-itsa4-resultados-terceiro-trimestre-2023-anuncio-proventos/,pt,"itaúsa (itsa4) tem lucro recorrente de r$ 4,6 bilhões no 3º trimestre e anuncia proventos de jcp || o resultado recorde foi fruto de desempenho de empresas do grupo, bem como do impacto positivo a valor de mercado da xp inc."
N0038413,2023-11-21 20:27:39,2023-11-21T23:27:39,2023-11-22,CAT1_Empresa,MoneyTimes,WP_MoneyTimes,"B3 (B3SA3): Retomada da ação depende de um fator, segundo Goldman Sachs; por que ainda não vale compra?","O Goldman Sachs cortou o preço-alvo em 12 meses da ação da B3 (B3SA3) a R$ 14,50 e reforçou a recomendação neutra após conversa com a alta administração da companhia. De acordo com o banco, mesmo com o caráter defensivo do papel diante da geração de caixa saudável, a performance da B3 na Bolsa dependerá […]",https://www.moneytimes.com.br/b3-b3sa3-retomada-da-acao-depende-de-um-fator-segundo-goldman-sachs-por-que-ainda-nao-vale-compra/,pt,"b3 (b3sa3): retomada da ação depende de um fator, segundo goldman sachs; por que ainda não vale compra? || o goldman sachs cortou o preço-alvo em 12 meses da ação da b3 (b3sa3) a r$ 14,50 e reforçou a recomendação neutra após conversa com a alta administração da companhia. de acordo com o banco, mesmo com o caráter defensivo do papel diante da geração de caixa saudável, a performance da b3 na bolsa dependerá […]"
N0038429,2023-11-22 18:13:57,2023-11-22T21:13:57,2023-11-23,CAT1_Empresa,MoneyTimes,WP_MoneyTimes,"Ibovespa (IBOV) ganha fôlego e fecha em 126 mil pontos, apesar de dia ruim para Vale (VALE3)","O Ibovespa (IBOV) não mostrou grandes forças nesta quarta-feira (22), sob peso de Vale (VALE3). Ainda assim, o índice conseguiu fechar em 126 mil pontos e segue em busca do topo histórico dos 131.000 pontos, segundo análise gráfica da Ágora Investimentos. Referência para a Bolsa brasileira, o Ibovespa registrou alta de 0,33% no pregão, a 126.035,30 […]",https://www.moneytimes.com.br/ibovespa-hoje-fecha-alta-juros-vale-vale3-petrobras-petr4-cemig-cmig4-22-11-2023/,pt,"ibovespa (ibov) ganha fôlego e fecha em 126 mil pontos, apesar de dia ruim para vale (vale3) || o ibovespa (ibov) não mostrou grandes forças nesta quarta-feira (22), sob peso de vale (vale3). ainda assim, o índice conseguiu fechar em 126 mil pontos e segue em busca do topo histórico dos 131.000 pontos, segundo análise gráfica da ágora investimentos. referência para a bolsa brasileira, o ibovespa registrou alta de 0,33% no pregão, a 126.035,30 […]"
N0038431,2023-11-22 18:19:57,2023-11-22T21:19:57,2023-11-23,CAT1_Empresa,InfoMoney,WP_InfoMoney,"Marfrig (MRFG3): ação sobe 5,58% após BofA elevar recomendação para compra","O banco considera que venda de ativos é positiva para empresa e motiva elevação de projeções; a compra foi feita pela Minerva, que teve preço-alvo cortado",https://www.infomoney.com.br/mercados/marfrig-mrfg3-acao-sobe-mais-de-5-apos-bofa-elevar-recomendacao-para-compra/,pt,"marfrig (mrfg3): ação sobe 5,58% após bofa elevar recomendação para compra || o banco considera que venda de ativos é positiva para empresa e motiva elevação de projeções; a compra foi feita pela minerva, que teve preço-alvo cortado"
N0038487,2023-11-24 17:00:02,2023-11-24T20:00:02,2023-11-27,CAT7_Macro_Energia,Petronoticias,WP_Petronoticias,"ABRAFATI ENCERRA DEIXANDO OTIMISMO PARA O MERCADO DE TINTAS NO BRASIL COM A EXPECTATIVA DE CRESCER ATÉ 2,5% ESTE ANO","Apesar de um início de ano pessimista e inseguro para o segmento de tintas, 2023 foi muito positivo para o setor, que deve ver a sua produção crescer entre 2 e 2,5% na comparação com o ano passado. A afirmação foi feita por Marcos Allemann, vice-presidente de tintas imobiliárias para a América do Sul da […]",https://petronoticias.com.br/abrafati-encerra-deixando-otimismo-para-o-mercado-de-tintas-no-brasil-com-a-expectativa-de-crecer-ate-25-este-ano/,pt,"abrafati encerra deixando otimismo para o mercado de tintas no brasil com a expectativa de crescer até 2,5% este ano || apesar de um início de ano pessimista e inseguro para o segmento de tintas, 2023 foi muito positivo para o setor, que deve ver a sua produção crescer entre 2 e 2,5% na comparação com o ano passado. a afirmação foi feita por marcos allemann, vice-presidente de tintas imobiliárias para a américa do sul da […]"
N0038935,2023-12-12 20:01:49,2023-12-12T23:01:49,2023-12-13,CAT2_Mercado_Petroleo,MoneyTimes,WP_MoneyTimes,"Azul (AZUL4): Derrocada do petróleo abre espaço para alta maior das ações, segundo banco gringo; entenda","O Bank of America (BofA) passou a ver um potencial de valorização maior para a Azul (AZUL4) na Bolsa. A ação da companhia aérea ganhou um novo preço-alvo de R$ 20, ante R$ 17,50, graças à atualização de estimativas para o câmbio e, em especial, o petróleo. O novo alvo para a Azul chega em […]",https://www.moneytimes.com.br/azul-azul4-derrocada-do-petroleo-abre-espaco-para-alta-maior-das-acoes-segundo-banco-gringo-entenda/,pt,"azul (azul4): derrocada do petróleo abre espaço para alta maior das ações, segundo banco gringo; entenda || o bank of america (bofa) passou a ver um potencial de valorização maior para a azul (azul4) na bolsa. a ação da companhia aérea ganhou um novo preço-alvo de r$ 20, ante r$ 17,50, graças à atualização de estimativas para o câmbio e, em especial, o petróleo. o novo alvo para a azul chega em […]"
N0039125,2023-12-22 19:12:24,2023-12-22T22:12:24,2023-12-26,CAT7_Macro_Energia,InfoMoney,WP_InfoMoney,"Dólar cai a R$ 4,86 com cenário positivo para Brasil e dados sugerindo juros menores nos EUA","Desde a última sexta-feira a moeda recuou 1,7% no mercado à vista",https://www.infomoney.com.br/mercados/dolar-cai-a-r-486-com-cenario-positivo-para-brasil-e-dados-sugerindo-juros-menores-nos-eua/,pt,"dólar cai a r$ 4,86 com cenário positivo para brasil e dados sugerindo juros menores nos eua || desde a última sexta-feira a moeda recuou 1,7% no mercado à vista"
N0039399,2024-01-10 18:10:30,2024-01-10T21:10:30,2024-01-11,CAT1_Empresa,MoneyTimes,WP_MoneyTimes,Ibovespa (IBOV) sofre novo revés sem ajuda de Vale (VALE3) e Petrobras (PETR4); mercados aguardam dados de inflação,"O Ibovespa (IBOV) voltou a cair nesta quarta-feira (10), na contramão de Wall Street. Referência na Bolsa brasileira, o índice fechou a sessão em queda de 0,46%, a 130.841,09 pontos. Ações de peso pressionaram o Ibovespa. Além do recuo de Vale (VALE3) devido a mais um dia negativo para os preços do minério de ferro, […]",https://www.moneytimes.com.br/ibovespa-hoje-fecha-queda-inflacao-juros-petrobras-petr4-vale-vale3-10-01-2024/,pt,"ibovespa (ibov) sofre novo revés sem ajuda de vale (vale3) e petrobras (petr4); mercados aguardam dados de inflação || o ibovespa (ibov) voltou a cair nesta quarta-feira (10), na contramão de wall street. referência na bolsa brasileira, o índice fechou a sessão em queda de 0,46%, a 130.841,09 pontos. ações de peso pressionaram o ibovespa. além do recuo de vale (vale3) devido a mais um dia negativo para os preços do minério de ferro, […]"
N0039480,2024-01-16 17:11:31,2024-01-16T20:11:31,2024-01-17,CAT2_Mercado_Petroleo,InfoMoney,WP_InfoMoney,"“Eletrobras atrativa, mas não uma barganha”: as visões de riscos e oportunidades para a ação","Acordo com União eliminaria grande das preocupações dos investidores em relação ao papel, apontam analistas; BBA cortou preço-alvo para ação",https://www.infomoney.com.br/mercados/eletrobras-atrativa-mas-nao-uma-barganha-as-visoes-de-riscos-e-oportunidades-para-a-acao/,pt,"“eletrobras atrativa, mas não uma barganha”: as visões de riscos e oportunidades para a ação || acordo com união eliminaria grande das preocupações dos investidores em relação ao papel, apontam analistas; bba cortou preço-alvo para ação"
N0039514,2024-01-17 19:31:00,2024-01-17T22:31:00,2024-01-18,CAT3_Geopolitica,InfoMoney,WP_InfoMoney,"Não é bom para Europa depender totalmente dos EUA em certas cadeias, diz Macron em Davos","Em sua fala, Macron também defendeu que os governos invistam mais na descarbonização de suas economias",https://www.infomoney.com.br/economia/nao-e-bom-para-europa-depender-totalmente-dos-eua-em-certas-cadeias-diz-macron-em-davos/,pt,"não é bom para europa depender totalmente dos eua em certas cadeias, diz macron em davos || em sua fala, macron também defendeu que os governos invistam mais na descarbonização de suas economias"
N0039499,2024-01-17 17:12:36,2024-01-17T20:12:36,2024-01-18,CAT1_Empresa,InfoMoney,WP_InfoMoney,"Raízen (RAIZ4) sofre na Bolsa após dados prévios, mas analistas seguem com visão positiva para ação",XP e Citi seguem com recomendação de compra e traçam projeções para companhia,https://www.infomoney.com.br/mercados/raizen-raiz4-sofre-na-bolsa-apos-dados-previos-mas-analistas-seguem-com-visao-positiva-para-acao/,pt,"raízen (raiz4) sofre na bolsa após dados prévios, mas analistas seguem com visão positiva para ação || xp e citi seguem com recomendação de compra e traçam projeções para companhia"
N0039676,2024-01-25 18:30:41,2024-01-25T21:30:41,2024-01-26,CAT1_Empresa,InfoMoney,WP_InfoMoney,Petrobras (PETR3;PETR4) dispara com petróleo e visão positiva reiterada para as ações,"Banco eleva preço-alvo para as ações e reforça compra, enquanto commodity avança com melhores perspectivas de demanda",https://www.infomoney.com.br/mercados/petrobras-petr3petr4-sobe-mais-de-2-com-petroleo-e-visao-positiva-reiterada-para-acoes/,pt,"petrobras (petr3;petr4) dispara com petróleo e visão positiva reiterada para as ações || banco eleva preço-alvo para as ações e reforça compra, enquanto commodity avança com melhores perspectivas de demanda"
N0039667,2024-01-25 17:36:08,2024-01-25T20:36:08,2024-01-26,CAT7_Macro_Energia,InfoMoney,WP_InfoMoney,"Dólar cai pelo terceiro dia seguido, a R$ 4,92, com indicadores de inflação e PIB dos EUA","Ainda que o PIB tenha crescido acima do esperado, dados de inflação vinculados a ele sugeriram um cenário positivo para os índices de preços nos EUA",https://www.infomoney.com.br/mercados/dolar-cai-pelo-terceiro-dia-seguido-a-r-492-com-indicadores-de-inflacao-e-pib-dos-eua/,pt,"dólar cai pelo terceiro dia seguido, a r$ 4,92, com indicadores de inflação e pib dos eua || ainda que o pib tenha crescido acima do esperado, dados de inflação vinculados a ele sugeriram um cenário positivo para os índices de preços nos eua"
N0039827,2024-02-01 20:15:56,2024-02-01T23:15:56,2024-02-02,CAT1_Empresa,MoneyTimes,WP_MoneyTimes,Ibovespa decepcionou? Analistas reforçam ano bom para ações brasileiras; o que esperar de fevereiro (e 10 ações para ter),"O início do ano para o Ibovespa não atendeu as expectativas dos investidores mais otimistas. Em janeiro, o índice recuou quase 5%, afetado por ruídos locais envolvendo o cenário fiscal brasileiro e queda de expectativas quanto ao início do ciclo de corte de juros nos Estados Unidos. Apesar de um começo difícil, analistas seguem otimistas […]",https://www.moneytimes.com.br/ibovespa-decepcionou-analistas-reforcam-ano-bom-para-acoes-brasileiras-o-que-esperar-de-fevereiro-e-10-acoes-para-ter/,pt,"ibovespa decepcionou? analistas reforçam ano bom para ações brasileiras; o que esperar de fevereiro (e 10 ações para ter) || o início do ano para o ibovespa não atendeu as expectativas dos investidores mais otimistas. em janeiro, o índice recuou quase 5%, afetado por ruídos locais envolvendo o cenário fiscal brasileiro e queda de expectativas quanto ao início do ciclo de corte de juros nos estados unidos. apesar de um começo difícil, analistas seguem otimistas […]"
N0040114,2024-02-20 18:37:57,2024-02-20T21:37:57,2024-02-21,CAT1_Empresa,InfoMoney,WP_InfoMoney,"Ibovespa sobe 0,68%, com bancos e encosta nos 130 mil pontos, apesar de queda de Petrobras e Vale","Bancos, com revisões de recomendação, e queda dos juros foram principais gatilhos positivos para a Bolsa brasileira",https://www.infomoney.com.br/mercados/ibovespa-tem-leve-alta-com-bancos-e-vai-a-129-mil-pontos-mas-fator-china-limita-ganhos/,pt,"ibovespa sobe 0,68%, com bancos e encosta nos 130 mil pontos, apesar de queda de petrobras e vale || bancos, com revisões de recomendação, e queda dos juros foram principais gatilhos positivos para a bolsa brasileira"
N0040297,2024-02-29 18:00:54,2024-02-29T21:00:54,2024-03-01,CAT3_Geopolitica,Petronoticias,WP_Petronoticias,NOVO ESTUDO DA FGV REVELA QUE INVESTIMENTO EM NUCLEAR TEM GRANDE IMPACTO POSITIVO NO PIB E NA GERAÇÃO DE EMPREGOS NO PAÍS,"Por Davi de Souza (davi@petronoticias.com.br) – Um novo estudo apresentado hoje (29) pela Fundação Getúlio Vargas (FGV), durante evento na sede da instituição, no Rio de Janeiro, revelou novos números dos efeitos econômicos positivos gerados pelos investimentos em energia nuclear. De acordo com o trabalho (disponível neste link), que foi solicitado pela Associação Brasileira para […]",https://petronoticias.com.br/novo-estudo-da-fgv-revela-que-investimento-em-nuclear-tem-grande-impacto-positivo-no-pib-e-na-geracao-de-empregos-no-pais/,pt,"novo estudo da fgv revela que investimento em nuclear tem grande impacto positivo no pib e na geração de empregos no país || por davi de souza (davi@petronoticias.com.br) – um novo estudo apresentado hoje (29) pela fundação getúlio vargas (fgv), durante evento na sede da instituição, no rio de janeiro, revelou novos números dos efeitos econômicos positivos gerados pelos investimentos em energia nuclear. de acordo com o trabalho (disponível neste link), que foi solicitado pela associação brasileira para […]"
N0040402,2024-03-06 18:12:15,2024-03-06T21:12:15,2024-03-07,CAT1_Empresa,MoneyTimes,WP_MoneyTimes,Ibovespa (IBOV) aproveita dia positivo para Vale (VALE3) e Petrobras (PETR4); Casas Bahia (BHIA3) desaba,"O Ibovespa (IBOV) aproveitou um pregão positivo nesta quarta-feira (6). Além do bom humor que pairou nos mercados em Wall Street, o índice ganhou impulso com a valorização das ações de Vale (VALE3) e Petrobras (PETR4), os dois ativos de maior peso. O Ibovespa fechou em alta de 0,62%, a 128.890,23 pontos. Quais são as […]",https://www.moneytimes.com.br/ibovespa-hoje-fecha-alta-vale-vale3-petrobras-petr3-petr4-casas-bahia-bhia3-06-03-2024/,pt,"ibovespa (ibov) aproveita dia positivo para vale (vale3) e petrobras (petr4); casas bahia (bhia3) desaba || o ibovespa (ibov) aproveitou um pregão positivo nesta quarta-feira (6). além do bom humor que pairou nos mercados em wall street, o índice ganhou impulso com a valorização das ações de vale (vale3) e petrobras (petr4), os dois ativos de maior peso. o ibovespa fechou em alta de 0,62%, a 128.890,23 pontos. quais são as […]"
N0040444,2024-03-07 23:00:00,2024-03-08T02:00:00,2024-03-08,CAT1_Empresa,InfoMoney,WP_InfoMoney,Petrobras (PETR4): vem aí um dia negativo para ação? ADR caiu 9% na NYSE antes do balanço,Notícias sobre proventos abalaram os ativos da companhia antes da divulgação do resultado,https://www.infomoney.com.br/mercados/petrobras-petr4-dia-negativo-para-acoes-desempenho-adrs-nyse-balanco-dividendo-4t23/,pt,petrobras (petr4): vem aí um dia negativo para ação? adr caiu 9% na nyse antes do balanço || notícias sobre proventos abalaram os ativos da companhia antes da divulgação do resultado
N0040869,2024-04-01 17:09:46,2024-04-01T20:09:46,2024-04-02,CAT1_Empresa,InfoMoney,WP_InfoMoney,Hapvida (HAPV3): “grata surpresa” com balanço ajuda ação a subir mais de 6%,"Resultados da empresa mostram tendências positivas para 2024, segundo analistas",https://www.infomoney.com.br/mercados/hapvida-hapv3-grata-surpresa-com-balanco-ajuda-acao-a-subir/,pt,"hapvida (hapv3): “grata surpresa” com balanço ajuda ação a subir mais de 6% || resultados da empresa mostram tendências positivas para 2024, segundo analistas"
N0041347,2024-04-22 18:47:50,2024-04-22T21:47:50,2024-04-23,CAT2_Mercado_Petroleo,MoneyTimes,WP_MoneyTimes,Bradesco BBI vê 2 riscos para esta elétrica e crava: Hora de vender,"O Bradesco BBI rebaixou a recomendação da Transmissão Paulista (TLRP4) de neutro para venda, mas manteve o preço-alvo em R$ 25. Ação siderúrgica com dividendos projetados de 10% é uma das recomendações para quem busca renda extra na bolsa; conheça gratuitamente Em relatório publicado nesta segunda-feira (22), os analistas Francisco Navarrete e José Cataldo elencam […]",https://www.moneytimes.com.br/bradesco-bbi-ve-2-riscos-para-esta-eletrica-e-crava-hora-de-vender/,pt,"bradesco bbi vê 2 riscos para esta elétrica e crava: hora de vender || o bradesco bbi rebaixou a recomendação da transmissão paulista (tlrp4) de neutro para venda, mas manteve o preço-alvo em r$ 25. ação siderúrgica com dividendos projetados de 10% é uma das recomendações para quem busca renda extra na bolsa; conheça gratuitamente em relatório publicado nesta segunda-feira (22), os analistas francisco navarrete e josé cataldo elencam […]"
N0041450,2024-04-29 19:14:42,2024-04-29T22:14:42,2024-04-30,CAT1_Empresa,Poder360,WP_Poder360,BB Investimentos revisa para cima preço-alvo de ações da Petrobras,Instituição reforça a visão positiva e a recomendação de compra para o papel; projeção é que o valor passe de R$ 42 para R$ 47 no fim de 2024,https://www.poder360.com.br/economia/bb-investimentos-revisa-para-cima-preco-alvo-de-acoes-da-petrobras/,pt,bb investimentos revisa para cima preço-alvo de ações da petrobras || instituição reforça a visão positiva e a recomendação de compra para o papel; projeção é que o valor passe de r$ 42 para r$ 47 no fim de 2024
N0041599,2024-05-07 20:00:00,2024-05-07T23:00:00,2024-05-08,CAT2_Mercado_Petroleo,MoneyTimes,WP_MoneyTimes,Auren (AURE3) tem lucro 10% maior no 1T24 e vê mais consumidores atrás de contratação de energia,"A geradora renovável Auren (AURE3) fechou o primeiro trimestre com lucro 10% maior, impulsionado por efeito positivo da alta de preços de energia sobre os contratos de sua comercializadora, e aposta em uma tendência ainda positiva para venda de energia a grandes e médios consumidores nos próximos meses, disse à Reuters um executivo da companhia. […]",https://www.moneytimes.com.br/auren-aure3-tem-lucro-10-maior-no-1t24-e-ve-mais-consumidores-atras-de-contratacao-de-energia/,pt,"auren (aure3) tem lucro 10% maior no 1t24 e vê mais consumidores atrás de contratação de energia || a geradora renovável auren (aure3) fechou o primeiro trimestre com lucro 10% maior, impulsionado por efeito positivo da alta de preços de energia sobre os contratos de sua comercializadora, e aposta em uma tendência ainda positiva para venda de energia a grandes e médios consumidores nos próximos meses, disse à reuters um executivo da companhia. […]"
N0041668,2024-05-10 20:30:39,2024-05-10T23:30:39,2024-05-13,CAT5_Sancoes_Navegacao,Petronoticias,WP_Petronoticias,ABDAN ENCERRA MISSÃO INTERNACIONAL NO CANADÁ COM BALANÇO POSITIVO PARA O SETOR NUCLEAR BRASILEIRO,"A missão internacional organizada pela Associação Brasileira para Desenvolvimento de Atividades Nucleares (ABDAN) concluiu sua agenda de atividades no Canadá. Após a assinatura de um acordo com a Organization of Canadian Nuclear Industries (OCNI), o grupo fez uma série de visitas técnicas a empresas e organizações canadenses, incluindo Darlington Energy Complex, Ontario Tech University, ATS Automation, Hatch, Westinghouse Canada e McMaster University. […]",https://petronoticias.com.br/abdan-encerra-missao-internacional-no-canada-com-balanco-positivo-para-o-setor-nuclear-brasileiro/,pt,"abdan encerra missão internacional no canadá com balanço positivo para o setor nuclear brasileiro || a missão internacional organizada pela associação brasileira para desenvolvimento de atividades nucleares (abdan) concluiu sua agenda de atividades no canadá. após a assinatura de um acordo com a organization of canadian nuclear industries (ocni), o grupo fez uma série de visitas técnicas a empresas e organizações canadenses, incluindo darlington energy complex, ontario tech university, ats automation, hatch, westinghouse canada e mcmaster university. […]"
N0042151,2024-06-06 18:00:03,2024-06-06T21:00:03,2024-06-07,CAT1_Empresa,Petronoticias,WP_Petronoticias,TERMINA NO RIO O EVENTO INTERNACIONAL SOBRE O HIDROGÊNIO COM RESULTADOS MUITO POSITIVOS PARA NOVOS NEGÓCIOS NO SETOR,"Executivos de indústrias e empresas nacionais e internacionais, representantes de entidades, universidades, institutos, bancos, instituições financeiras e do poder público envolvidos com sustentabilidade e captura e armazenamento de carbono, participaram da Carbon Capture Expo South America, grande feira nacional destinada ao setor, e que acontece paralelamente ao Hydrogen Expo South America, voltado para a cadeia produtiva […]",https://petronoticias.com.br/termina-no-rio-o-evento-intewrnacional-sobre-o-hidrogenio-com-resultados-muito-positivos-para-novos-negocios-no-setor/,pt,"termina no rio o evento internacional sobre o hidrogênio com resultados muito positivos para novos negócios no setor || executivos de indústrias e empresas nacionais e internacionais, representantes de entidades, universidades, institutos, bancos, instituições financeiras e do poder público envolvidos com sustentabilidade e captura e armazenamento de carbono, participaram da carbon capture expo south america, grande feira nacional destinada ao setor, e que acontece paralelamente ao hydrogen expo south america, voltado para a cadeia produtiva […]"
N0042215,2024-06-10 18:57:44,2024-06-10T21:57:44,2024-06-11,CAT1_Empresa,MoneyTimes,WP_MoneyTimes,Mudança na tributação é ruim para Vibra (VBBR3) e Raízen (RAIZ4)? Ipiranga já anunciou aumento nos combustíveis,"Começa a valer na terça-feira (11) a Medida Provisória (MP 1.227/24) que limita o sistema de créditos de PIS/Cofins, tendo em vista ampliar as receitas do governo em R$ 29,2 bilhões ainda em 2024. A medida deve pesar no bolso dos motoristas, com um aumento nos preços dos combustíveis já esperado. A projeção é de que […]",https://www.moneytimes.com.br/mudanca-na-tributacao-e-ruim-para-vibra-vbbr3-e-raizen-raiz4-ipiranga-ja-anunciou-aumento-nos-combustiveis-lmrs/,pt,"mudança na tributação é ruim para vibra (vbbr3) e raízen (raiz4)? ipiranga já anunciou aumento nos combustíveis || começa a valer na terça-feira (11) a medida provisória (mp 1.227/24) que limita o sistema de créditos de pis/cofins, tendo em vista ampliar as receitas do governo em r$ 29,2 bilhões ainda em 2024. a medida deve pesar no bolso dos motoristas, com um aumento nos preços dos combustíveis já esperado. a projeção é de que […]"
N0042253,2024-06-12 17:39:22,2024-06-12T20:39:22,2024-06-13,CAT3_Geopolitica,MoneyTimes,WP_MoneyTimes,"Powell aplaude CPI de maio, mas diz que falta confiança para Fed cortar juros; ‘segue acima da meta’","O presidente do Federal Reserve (Fed), Jerome Powell, disse nesta quarta-feira (12) que os números melhores do que o esperado da inflação de maio são “bem-vindos”. No entanto, o Comitê Federal de Mercado Aberto (Fomc, na sigla em inglês) precisa de mais dados positivos para ter confiança para começar a cortar juros. “Vemos o CPI […]",https://www.moneytimes.com.br/powell-aplaude-cpi-de-maio-mas-diz-que-ainda-falta-confianca-para-fed-cortar-juros-segue-acima-da-meta-gll/,pt,"powell aplaude cpi de maio, mas diz que falta confiança para fed cortar juros; ‘segue acima da meta’ || o presidente do federal reserve (fed), jerome powell, disse nesta quarta-feira (12) que os números melhores do que o esperado da inflação de maio são “bem-vindos”. no entanto, o comitê federal de mercado aberto (fomc, na sigla em inglês) precisa de mais dados positivos para ter confiança para começar a cortar juros. “vemos o cpi […]"
N0042276,2024-06-13 17:47:37,2024-06-13T20:47:37,2024-06-14,CAT2_Mercado_Petroleo,MoneyTimes,WP_MoneyTimes,"Arezzo (ARZZ3) tropeça, mas pode disparar 50%, vê Goldman","A Arezzo (ARZZ3) acumula queda de 22% em 2024, com fraco desempenho das vendas em partes do seu principal negócio e preocupação dos investidores em relação à fusão com o Grupo Soma (SOMA3). Apesar disso, o Goldman Sachs reitera posição de compra para a ação, com preço-alvo de R$ 74, potencial de alta de 50% […]",https://www.moneytimes.com.br/arezzo-arzz3-acumula-queda-de-22-no-ano-mas-goldman-sachs-reitera-compra-entenda-por-que-lmrs/,pt,"arezzo (arzz3) tropeça, mas pode disparar 50%, vê goldman || a arezzo (arzz3) acumula queda de 22% em 2024, com fraco desempenho das vendas em partes do seu principal negócio e preocupação dos investidores em relação à fusão com o grupo soma (soma3). apesar disso, o goldman sachs reitera posição de compra para a ação, com preço-alvo de r$ 74, potencial de alta de 50% […]"
N0042511,2024-06-26 17:56:42,2024-06-26T20:56:42,2024-06-27,CAT7_Macro_Energia,InfoMoney,WP_InfoMoney,"Passagens em queda, dólar em disparada: o “combo” que derrubou Azul e Gol na Bolsa",Papéis de aéreas registraram pressão após passagens darem maior contribuição negativa para IPCA-15; dólar em alta também afeta companhias,https://www.infomoney.com.br/mercados/azul-azul4-e-gol-goll4-combo-ipca-15-sobre-passagens-e-dolar-em-disparada-derruba-acoes/,pt,"passagens em queda, dólar em disparada: o “combo” que derrubou azul e gol na bolsa || papéis de aéreas registraram pressão após passagens darem maior contribuição negativa para ipca-15; dólar em alta também afeta companhias"
N0042535,2024-06-27 17:00:31,2024-06-27T20:00:31,2024-06-28,CAT7_Macro_Energia,MoneyTimes,WP_MoneyTimes,"Raízen (RAIZ4): BB inicia cobertura, vê desconto e projeta alta de 56%; hora de embolsar as ações?","O BB Investimentos iniciou sua cobertura para Raízen (RAIZ4) com recomendação de compra para as ações, preço-alvo de R$ 4,50 (31 de dezembro de 2025) e potencial de alta de 56,8%. A casa ressalta o faturamento da empresa, terceiro maior do país, assim como pelo modelo integrado, atuando desde a produção agrícola, até a distribuição de seus […]",https://www.moneytimes.com.br/raizen-raiz4-bb-inicia-cobertura-ve-desconto-e-projeta-alta-de-56-hora-de-embolsar-as-acoes-pads/,pt,"raízen (raiz4): bb inicia cobertura, vê desconto e projeta alta de 56%; hora de embolsar as ações? || o bb investimentos iniciou sua cobertura para raízen (raiz4) com recomendação de compra para as ações, preço-alvo de r$ 4,50 (31 de dezembro de 2025) e potencial de alta de 56,8%. a casa ressalta o faturamento da empresa, terceiro maior do país, assim como pelo modelo integrado, atuando desde a produção agrícola, até a distribuição de seus […]"
N0042606,2024-06-30 17:08:58,2024-06-30T20:08:58,2024-07-01,CAT2_Mercado_Petroleo,MoneyTimes,WP_MoneyTimes,Potencial de 40%: A elétrica que está mais atrativa que título de renda fixa; vale comprar?,"O Bradesco BBI elevou a recomendação da Equatorial (EQTL3) de neutra para compra com preço-alvo de R$ 43, potencial de alta de 40% ante o fechamento da última sexta. Elétrica “mais barata entre os seus pares” é uma das recomendações da carteira de dividendos do analista Ruy Hungria; veja o portfólio completo gratuitamente Segundo os […]",https://www.moneytimes.com.br/potencial-de-40-esta-eletrica-esta-mais-atrativa-que-titulo-de-divida-do-brasil-vale-comprar-rnda/,pt,"potencial de 40%: a elétrica que está mais atrativa que título de renda fixa; vale comprar? || o bradesco bbi elevou a recomendação da equatorial (eqtl3) de neutra para compra com preço-alvo de r$ 43, potencial de alta de 40% ante o fechamento da última sexta. elétrica “mais barata entre os seus pares” é uma das recomendações da carteira de dividendos do analista ruy hungria; veja o portfólio completo gratuitamente segundo os […]"
N0042616,2024-07-01 17:37:18,2024-07-01T20:37:18,2024-07-02,CAT7_Macro_Energia,MoneyTimes,WP_MoneyTimes,"Dólar, Selic e PIB para cima: As projeções do BTG Pactual para o 2º semestre de 2024","O BTG Pactual atualizou suas projeções para a economia brasileira no segundo semestre de 2024 (2S24). Para o Produto Interno Bruto (PIB), as expectativas subiram de 2,3% para 2,4% em 2024. A atualização soma a surpresa positiva no atividade no primeiro trimestre (1T24) — alta de 0,8% — com a piora nas condições financeiras — […]",https://www.moneytimes.com.br/dolar-selic-e-pib-para-cima-as-projecoes-do-btg-pactual-para-o-2o-semestre-de-2024-gll/,pt,"dólar, selic e pib para cima: as projeções do btg pactual para o 2º semestre de 2024 || o btg pactual atualizou suas projeções para a economia brasileira no segundo semestre de 2024 (2s24). para o produto interno bruto (pib), as expectativas subiram de 2,3% para 2,4% em 2024. a atualização soma a surpresa positiva no atividade no primeiro trimestre (1t24) — alta de 0,8% — com a piora nas condições financeiras — […]"
N0042743,2024-07-08 17:29:47,2024-07-08T20:29:47,2024-07-09,CAT2_Mercado_Petroleo,Exame,WP_Exame,Banco americano passa a recomendar ação brasileira que subiu mais que a Amazon desde 2000,Otimismo com maior demanda em transmissão e distribuição de energia é um dos fatores que motivaram revisão de preço-alvo e recomendação,https://exame.com/invest/mercados/banco-americano-passa-a-recomendar-acao-brasileira-que-subiu-mais-que-a-amazon-desde-2000/,pt,banco americano passa a recomendar ação brasileira que subiu mais que a amazon desde 2000 || otimismo com maior demanda em transmissão e distribuição de energia é um dos fatores que motivaram revisão de preço-alvo e recomendação
N0042772,2024-07-09 19:00:09,2024-07-09T22:00:09,2024-07-10,CAT2_Mercado_Petroleo,Petronoticias,WP_Petronoticias,PRODUÇÃO DA PETRORECONCAVO SUBIU 4% NO MÊS DE JUNHO,"A petroleira independente PetroReconcavo registrou uma produção de 26,9 mil barris de óleo equivalente por dia em junho, o que representa uma alta de 4% em comparação ao mês anterior. O grande fator positivo para o resultado veio do Ativo Bahia, cuja produção foi de 13,3 mil barris de óleo equivalente por dia, um crescimento […]",https://petronoticias.com.br/producao-da-petroreconcavo-subiu-4-no-mes-de-junho/,pt,"produção da petroreconcavo subiu 4% no mês de junho || a petroleira independente petroreconcavo registrou uma produção de 26,9 mil barris de óleo equivalente por dia em junho, o que representa uma alta de 4% em comparação ao mês anterior. o grande fator positivo para o resultado veio do ativo bahia, cuja produção foi de 13,3 mil barris de óleo equivalente por dia, um crescimento […]"
N0042908,2024-07-16 19:56:23,2024-07-16T22:56:23,2024-07-17,CAT2_Mercado_Petroleo,MoneyTimes,WP_MoneyTimes,"Como a WEG (WEGE3) pode lucrar com a explosão das IAs, segundo XP","O entusiasmo em torno da inteligência artificial e dos data centers criou uma narrativa de crescimento atraente para empresas expostas à eletrificação. Devido a isso e outros fatores, a XP Investimentos elevou a recomendação para as ações da WEG (WEGE3) de neutra para compra. Em quais ações investir neste mês? Veja a carteira recomendada da […]",https://www.moneytimes.com.br/weg-weg3-ventos-favoraveis-fazem-com-que-xp-investimentos-eleve-a-recomendacao-para-a-empresa-mtm/,pt,"como a weg (wege3) pode lucrar com a explosão das ias, segundo xp || o entusiasmo em torno da inteligência artificial e dos data centers criou uma narrativa de crescimento atraente para empresas expostas à eletrificação. devido a isso e outros fatores, a xp investimentos elevou a recomendação para as ações da weg (wege3) de neutra para compra. em quais ações investir neste mês? veja a carteira recomendada da […]"
N0042958,2024-07-19 18:08:57,2024-07-19T21:08:57,2024-07-22,CAT2_Mercado_Petroleo,MoneyTimes,WP_MoneyTimes,"Dividendos: Quais elétricas comprar e vender, segundo Goldman Sachs","O Goldman Sachs iniciou a cobertura de cinco elétricas, com recomendação de compra para Equatorial (EQTL3), Copel (CPLE6), Eletrobras (ELET3) e Energisa (ENGI11) e de venda para Cemig (CMIG4). Segundo os analistas Bruno Amorim, Guilherme Bosso e Guilherme Costa Martins, que assinam o relatório, as empresas negociam a 11,3% a taxa interna real de retorno […]",https://www.moneytimes.com.br/quais-eletricas-comprar-e-vender-segundo-goldman-sachs-rnda/,pt,"dividendos: quais elétricas comprar e vender, segundo goldman sachs || o goldman sachs iniciou a cobertura de cinco elétricas, com recomendação de compra para equatorial (eqtl3), copel (cple6), eletrobras (elet3) e energisa (engi11) e de venda para cemig (cmig4). segundo os analistas bruno amorim, guilherme bosso e guilherme costa martins, que assinam o relatório, as empresas negociam a 11,3% a taxa interna real de retorno […]"
N0043675,2024-08-26 18:01:38,2024-08-26T21:01:38,2024-08-27,CAT1_Empresa,Exame,WP_Exame,Petrobras fecha em alta de 9% e ganha R$ 41 bilhões em valor de mercado na bolsa,As ações da estatal fecharam em alta impactada pela escalada do petróleo e com recomendação de compra pelo Morgan Stanley,https://exame.com/invest/mercados/petrobras-fecha-em-alta-de-9-e-ganha-r-41-bilhoes-em-valor-de-mercado-na-bolsa/,pt,petrobras fecha em alta de 9% e ganha r$ 41 bilhões em valor de mercado na bolsa || as ações da estatal fecharam em alta impactada pela escalada do petróleo e com recomendação de compra pelo morgan stanley
N0043667,2024-08-26 17:13:41,2024-08-26T20:13:41,2024-08-27,CAT1_Empresa,InfoMoney,WP_InfoMoney,Petrobras salta 9% e ganha R$ 41 bi de valor com ações elevadas e alta do petróleo,Morgan Stanley elevou recomendação dos ADRs para compra,https://www.infomoney.com.br/mercados/petrobras-sobe-3-com-acao-elevada-e-alta-do-petroleo-outras-petroleiras-sobem/,pt,petrobras salta 9% e ganha r$ 41 bi de valor com ações elevadas e alta do petróleo || morgan stanley elevou recomendação dos adrs para compra
N0043688,2024-08-27 17:43:20,2024-08-27T20:43:20,2024-08-28,CAT2_Mercado_Petroleo,Exame,WP_Exame,Carreira com propósito: 5 profissões promissoras para quem se interessa por sustentabilidade,"Carreiras nas áreas de gestão de resíduos, agricultura sustentável, construção verde e consultoria em ESG estão oferecendo impacto positivo e realização profissional",https://exame.com/carreira/carreira-com-proposito-5-profissoes-promissoras-para-quem-se-interessa-por-sustentabilidade/,pt,"carreira com propósito: 5 profissões promissoras para quem se interessa por sustentabilidade || carreiras nas áreas de gestão de resíduos, agricultura sustentável, construção verde e consultoria em esg estão oferecendo impacto positivo e realização profissional"
N0043730,2024-08-29 17:18:20,2024-08-29T20:18:20,2024-08-30,CAT7_Macro_Energia,InfoMoney,WP_InfoMoney,"Gerdau (GGBR4) sobe 2,2% após levantar valor bilionário e com recomendação de compra","Controlada levantou R$1,77 bi relativos a processo envolvendo ICMS",https://www.infomoney.com.br/mercados/gerdau-ggbr4-acao-sobe-apos-levantar-valor-bilionario-e-com-recomendacao-de-compra/,pt,"gerdau (ggbr4) sobe 2,2% após levantar valor bilionário e com recomendação de compra || controlada levantou r$1,77 bi relativos a processo envolvendo icms"
N0043815,2024-09-03 17:09:58,2024-09-03T20:09:58,2024-09-04,CAT2_Mercado_Petroleo,InfoMoney,WP_InfoMoney,Braskem: BBI eleva BRKM5 à compra com queda limitada e impulso em lucros; ação sobe,Preço-alvo foi mantido em R$ 24 por ação,https://www.infomoney.com.br/mercados/braskem-bbi-eleva-brkm5-a-compra-com-potencial-de-queda-limitado-e-impulso-em-lucros-desempenho-acoes/,pt,braskem: bbi eleva brkm5 à compra com queda limitada e impulso em lucros; ação sobe || preço-alvo foi mantido em r$ 24 por ação
N0043860,2024-09-04 19:10:14,2024-09-04T22:10:14,2024-09-05,CAT2_Mercado_Petroleo,MoneyTimes,WP_MoneyTimes,"BDRs: Confira as 10 melhores ações para setembro, segundo a Empiricus","A AMD (A1MD34) saiu da carteira de BDRs da Empiricus Research, dando espaço para a AutoZone (AZOI34) neste mês de setembro. De acordo com o analista Enzo Pacheco, a AutoZone voltou para a carteira devido a expectativas positivas para os resultados da empresa, que sairá no final do mês. Além disso, também presente na carteira, […]",https://www.moneytimes.com.br/bdrs-confira-as-10-melhores-acoes-para-setembro-segundo-a-empiricus-mtm/,pt,"bdrs: confira as 10 melhores ações para setembro, segundo a empiricus || a amd (a1md34) saiu da carteira de bdrs da empiricus research, dando espaço para a autozone (azoi34) neste mês de setembro. de acordo com o analista enzo pacheco, a autozone voltou para a carteira devido a expectativas positivas para os resultados da empresa, que sairá no final do mês. além disso, também presente na carteira, […]"
N0044008,2024-09-12 18:43:34,2024-09-12T21:43:34,2024-09-13,CAT1_Empresa,MoneyTimes,WP_MoneyTimes,"Petrobras (PETR4): O potencial de dividendos em meio à queda do petróleo, segundo o Goldman Sachs","O Goldman Sachs reduziu em 10% o preço-alvo para as ações da Petrobras (PETR4) diante da queda de 20% do petróleo tipo Brent desde junho. O banco vê o valor justo para o papel preferencial em R$ 39,40, ante os atuais R$ 36,87, e segue recomendando a compra da ação da petroleira. Veja mais: o […]",https://www.moneytimes.com.br/petrobras-petr4-o-potencial-de-dividendos-em-meio-a-queda-do-petroleo-kda/,pt,"petrobras (petr4): o potencial de dividendos em meio à queda do petróleo, segundo o goldman sachs || o goldman sachs reduziu em 10% o preço-alvo para as ações da petrobras (petr4) diante da queda de 20% do petróleo tipo brent desde junho. o banco vê o valor justo para o papel preferencial em r$ 39,40, ante os atuais r$ 36,87, e segue recomendando a compra da ação da petroleira. veja mais: o […]"
N0044002,2024-09-12 17:47:27,2024-09-12T20:47:27,2024-09-13,CAT1_Empresa,InfoMoney,WP_InfoMoney,Petrobras ignora petróleo e cai após banco cortar preço-alvo e projeção de dividendos,"Petróleo teve recuperação na sessão desta quinta, mas queda recente da commodity fez com que Goldman Sachs revisasse para baixo suas projeções para estatal",https://www.infomoney.com.br/mercados/petrobras-petr4-goldman-corta-preco-alvo-e-projecao-de-dividendo-por-petroleo-e-acoes-caem/,pt,"petrobras ignora petróleo e cai após banco cortar preço-alvo e projeção de dividendos || petróleo teve recuperação na sessão desta quinta, mas queda recente da commodity fez com que goldman sachs revisasse para baixo suas projeções para estatal"
N0043996,2024-09-12 17:06:15,2024-09-12T20:06:15,2024-09-13,CAT1_Empresa,InfoMoney,WP_InfoMoney,"Volta do horário de verão é “possibilidade real”, diz ministro de Minas e Energia","Alexandre Silveira afirmou que os efeitos do horário de verão – durante os meses da primavera e do verão – são positivos para diversos setores econômicos do Brasil, como o turismo, além de bares e restaurantes",https://www.infomoney.com.br/politica/volta-de-horario-de-verao-e-possibilidade-real-diz-ministro-de-minas-e-energia/,pt,"volta do horário de verão é “possibilidade real”, diz ministro de minas e energia || alexandre silveira afirmou que os efeitos do horário de verão – durante os meses da primavera e do verão – são positivos para diversos setores econômicos do brasil, como o turismo, além de bares e restaurantes"
N0044110,2024-09-18 19:57:18,2024-09-18T22:57:18,2024-09-19,CAT1_Empresa,MoneyTimes,WP_MoneyTimes,"Rali da Petrobras (PETR4): Investidor pode surfar alta de 40% das ações, vê BofA","O Bank of America elevou o preço-alvo da Petrobras (PETR3;PETR4) de R$ 47 para R$ 51, o que abre potencial de alta de 40% ante o fechamento desta quarta-feira (18). A recomendação é de compra. Onde investir após a Super Quarta? Veja como receber um dossiê gratuito com os investimentos mais promissores após as decisões […]",https://www.moneytimes.com.br/rali-da-petrobras-petr4-investidor-pode-surfar-alta-de-40-das-acoes-ve-bofa-rnda/,pt,"rali da petrobras (petr4): investidor pode surfar alta de 40% das ações, vê bofa || o bank of america elevou o preço-alvo da petrobras (petr3;petr4) de r$ 47 para r$ 51, o que abre potencial de alta de 40% ante o fechamento desta quarta-feira (18). a recomendação é de compra. onde investir após a super quarta? veja como receber um dossiê gratuito com os investimentos mais promissores após as decisões […]"
N0044184,2024-09-23 17:25:58,2024-09-23T20:25:58,2024-09-24,CAT1_Empresa,InfoMoney,WP_InfoMoney,"Embraer (EMBR3) recupera grau de investimento e atesta bom momento; ação sobe 2,2%",Reclassificação se deve a melhoria na geração de caixa e perspectiva positiva para as quatro unidades de negócios,https://www.infomoney.com.br/mercados/embraer-embr3-atesta-bom-momento-com-recuperacao-de-grau-de-investimento-e-acao-sobe/,pt,"embraer (embr3) recupera grau de investimento e atesta bom momento; ação sobe 2,2% || reclassificação se deve a melhoria na geração de caixa e perspectiva positiva para as quatro unidades de negócios"
N0044212,2024-09-24 17:16:40,2024-09-24T20:16:40,2024-09-25,CAT1_Empresa,MoneyTimes,WP_MoneyTimes,"Ibovespa interrompe sequência de perdas e sobe aos 132 mil pontos com Vale (VALE3); dólar cai a R$ 5,46","Ibovespa (IBOV) deixou o tom negativo para trás. Depois de cinco sessões em queda, o principal índice da bolsa brasileira interrompeu a sequência negativa com apoio de China e subiu 1,22%, aos 132.155,76 pontos. Já o dólar à vista (USBRL) terminou a sessão a R$ 5,4628 (-1,31%). No cenário doméstico, os investidores repercutiram a ata […]",https://www.moneytimes.com.br/ibovespa-fecha-alta-24-09-24-lis/,pt,"ibovespa interrompe sequência de perdas e sobe aos 132 mil pontos com vale (vale3); dólar cai a r$ 5,46 || ibovespa (ibov) deixou o tom negativo para trás. depois de cinco sessões em queda, o principal índice da bolsa brasileira interrompeu a sequência negativa com apoio de china e subiu 1,22%, aos 132.155,76 pontos. já o dólar à vista (usbrl) terminou a sessão a r$ 5,4628 (-1,31%). no cenário doméstico, os investidores repercutiram a ata […]"
N0044298,2024-09-27 18:30:00,2024-09-27T21:30:00,2024-09-30,CAT2_Mercado_Petroleo,InfoMoney,WP_InfoMoney,Brava Energia (BRAV3) e PRIO (PRIO3) sobem após semana negativa para petroleiras,"Brava firmou parceria no campo de Atlanta e Oliva, enquanto PRIO comprou uma fatia do campo de Peregrino",https://www.infomoney.com.br/mercados/brava-energia-brav3-e-prio-prio3-sobem-apos-semana-negativa-para-petroleiras/,pt,"brava energia (brav3) e prio (prio3) sobem após semana negativa para petroleiras || brava firmou parceria no campo de atlanta e oliva, enquanto prio comprou uma fatia do campo de peregrino"
N0044422,2024-10-04 17:27:50,2024-10-04T20:27:50,2024-10-07,CAT7_Macro_Energia,InfoMoney,WP_InfoMoney,Grande vencedora? CBA (CBAV3) salta na Bolsa com recomendações após medidas da China,"BofA elevou recomendação para CBAV3 de neutra para compra, com banco destacando otimismo com alumínio; Ágora também tem compra para ativos",https://www.infomoney.com.br/mercados/grande-vencedora-cba-cbav3-salta-na-bolsa-com-recomendacoes-apos-medidas-da-china/,pt,"grande vencedora? cba (cbav3) salta na bolsa com recomendações após medidas da china || bofa elevou recomendação para cbav3 de neutra para compra, com banco destacando otimismo com alumínio; ágora também tem compra para ativos"
N0045425,2024-11-22 20:23:27,2024-11-22T23:23:27,2024-11-25,CAT1_Empresa,Poder360,WP_Poder360,Goldman Sachs vê potencial de alta para o petróleo brent,Analistas do banco projetam que o preço médio do Brent deve alcançar cerca de US$ 80 por barril em 2024,https://www.poder360.com.br/poder-economia/goldman-sachs-ve-potencial-de-alta-para-o-petroleo-brent/,pt,goldman sachs vê potencial de alta para o petróleo brent || analistas do banco projetam que o preço médio do brent deve alcançar cerca de us$ 80 por barril em 2024
N0045479,2024-11-26 17:08:44,2024-11-26T20:08:44,2024-11-27,CAT7_Macro_Energia,MoneyTimes,WP_MoneyTimes,"Dólar tem leve alta a R$ 5,80 após surpresa negativa com IPCA-15 e pacote fiscal no radar","O dólar à vista (USDBRL) manteve o nível de R$ 5,80 e terminou o dia em leve alta, à espera do pacote de medidas fiscais e em reação à ata da mais recente reunião do Banco Central dos Estados Unidos, o Federal Reserve (Fed). Na comparação com o real, a divisa norte-americana encerrou as negociações a R$ […]",https://www.moneytimes.com.br/dolar-hoje-fecha-alta-26-11-24-lils/,pt,"dólar tem leve alta a r$ 5,80 após surpresa negativa com ipca-15 e pacote fiscal no radar || o dólar à vista (usdbrl) manteve o nível de r$ 5,80 e terminou o dia em leve alta, à espera do pacote de medidas fiscais e em reação à ata da mais recente reunião do banco central dos estados unidos, o federal reserve (fed). na comparação com o real, a divisa norte-americana encerrou as negociações a r$ […]"
N0045564,2024-11-28 18:22:55,2024-11-28T21:22:55,2024-11-29,CAT7_Macro_Energia,MoneyTimes,WP_MoneyTimes,"Falta de ajuste fiscal robusto consolida ano negativo para o Ibovespa, diz analista","A ausência de um ajuste fiscal robusto e os juros elevados têm pressionado o desempenho do Ibovespa em 2024, que acumula baixa de 7,2% de janeiro até agora. Embora haja uma possibilidade de recuperação pontual no final do ano, o principal índice da bolsa brasileira deve encerrar o período em queda, disse Matheus Spiess, analista da […]",https://www.moneytimes.com.br/ibovespa-pode-ser-positivo-no-final-do-ano-mas-deve-cair-no-acumulado-anual-diz-analista-raql/,pt,"falta de ajuste fiscal robusto consolida ano negativo para o ibovespa, diz analista || a ausência de um ajuste fiscal robusto e os juros elevados têm pressionado o desempenho do ibovespa em 2024, que acumula baixa de 7,2% de janeiro até agora. embora haja uma possibilidade de recuperação pontual no final do ano, o principal índice da bolsa brasileira deve encerrar o período em queda, disse matheus spiess, analista da […]"
N0045580,2024-11-29 17:28:46,2024-11-29T20:28:46,2024-12-02,CAT7_Macro_Energia,MoneyTimes,WP_MoneyTimes,"Suzano (SUZB3): BTG reforça recomendação de compra, com soma de fundamentos sólidos e preço da ação; veja os detalhes","O BTG Pactual publicou um novo relatório sobre a Suzano (SUZB3), realizando um novo exercício de precificação para ação, considerando o interesse em hedges em dólar. Com isso, o banco levou em consideração pontos como: Modelagem dos números de 2025, que incluem o aumento do Projeto Cerrado; Incorporação dos custos de caixa de celulose de R$ 770 […]",https://www.moneytimes.com.br/suzano-suzb3-a-acao-esta-ainda-mais-barata-aponta-btg-entenda-os-motivos-pads/,pt,"suzano (suzb3): btg reforça recomendação de compra, com soma de fundamentos sólidos e preço da ação; veja os detalhes || o btg pactual publicou um novo relatório sobre a suzano (suzb3), realizando um novo exercício de precificação para ação, considerando o interesse em hedges em dólar. com isso, o banco levou em consideração pontos como: modelagem dos números de 2025, que incluem o aumento do projeto cerrado; incorporação dos custos de caixa de celulose de r$ 770 […]"
N0045613,2024-12-02 17:25:01,2024-12-02T20:25:01,2024-12-03,CAT2_Mercado_Petroleo,MoneyTimes,WP_MoneyTimes,SLC Agrícola (SLCE3): BofA eleva recomendação para compra por dólar e maior área plantada,"O Bank of America (BofA) elevou a recomendação para as ações da SLC Agricola (SLCE3) de neutro para compra, com o preço-alvo passando de R$ 22 para R$ 24 (potencial de alta de 39%). Em reação, as ações SLCE3 subiram 3,22%, a R$ 17,97. Na avaliação das analistas Isabella Simonato e Julia Zaniolo, a SLC Agrícola […]",https://www.moneytimes.com.br/slc-agricola-slce3-bank-of-america-eleva-acao-para-compra-por-dolar-e-maior-area-plantada-pads/,pt,"slc agrícola (slce3): bofa eleva recomendação para compra por dólar e maior área plantada || o bank of america (bofa) elevou a recomendação para as ações da slc agricola (slce3) de neutro para compra, com o preço-alvo passando de r$ 22 para r$ 24 (potencial de alta de 39%). em reação, as ações slce3 subiram 3,22%, a r$ 17,97. na avaliação das analistas isabella simonato e julia zaniolo, a slc agrícola […]"
N0045657,2024-12-03 19:31:30,2024-12-03T22:31:30,2024-12-04,CAT7_Macro_Energia,MoneyTimes,WP_MoneyTimes,"Inter vs Nubank: Uma ação pode disparar 80% (e outra cair), projeta Citi","O Citi projeta uma ‘gangorra’ entre as duas principais fintechs do Brasil. Em relatório enviado a clientes, o banco rebaixou o papel do Nubank (NU;ROXO34) para venda, com preço-alvo de US$ 11, potencial de queda de 3% em relação ao fechamento desta terça, enquanto reiterou compra em Inter (INBR32), com preço-alvo de US$ 8, potencial […]",https://www.moneytimes.com.br/inter-vs-nubank-uma-pode-disparar-75-e-outra-cair-12-projeta-citi-rnda/,pt,"inter vs nubank: uma ação pode disparar 80% (e outra cair), projeta citi || o citi projeta uma ‘gangorra’ entre as duas principais fintechs do brasil. em relatório enviado a clientes, o banco rebaixou o papel do nubank (nu;roxo34) para venda, com preço-alvo de us$ 11, potencial de queda de 3% em relação ao fechamento desta terça, enquanto reiterou compra em inter (inbr32), com preço-alvo de us$ 8, potencial […]"
N0045673,2024-12-04 17:16:34,2024-12-04T20:16:34,2024-12-05,CAT1_Empresa,MoneyTimes,WP_MoneyTimes,Petrobras (PETR4): Safra eleva preço-alvo em R$ 14 e calcula dividendos; veja novo potencial,"A Petrobras (PETR4), um dos destaques de 2024, ganhou a preferência de mais um banco. O Safra elevou o preço-alvo de R$ 34 para R$ 48, potencial de alta de 22% em relação à publicação do relatório, enquanto a recomendação passou de neutra para compra. Segundo os analistas, além do potencial de alta, os dividendos […]",https://www.moneytimes.com.br/petrobras-petr4-safra-eleva-preco-alvo-em-r-14-veja-novo-potencial-rnda/,pt,"petrobras (petr4): safra eleva preço-alvo em r$ 14 e calcula dividendos; veja novo potencial || a petrobras (petr4), um dos destaques de 2024, ganhou a preferência de mais um banco. o safra elevou o preço-alvo de r$ 34 para r$ 48, potencial de alta de 22% em relação à publicação do relatório, enquanto a recomendação passou de neutra para compra. segundo os analistas, além do potencial de alta, os dividendos […]"
N0045830,2024-12-11 18:53:50,2024-12-11T21:53:50,2024-12-12,CAT7_Macro_Energia,MoneyTimes,WP_MoneyTimes,"2025 é o ano dos Fiagros? Para analistas, cenário inspira cautela, mas pode haver uma ‘janela de oportunidade’ com Selic mais alta","O ano de 2024 ficou marcado por um desempenho ruim para os Fundos de Investimentos nas Cadeias Produtivas do Agronegócios (Fiagros), com poucos apresentando resultados positivos. Segundo Caio Nabuco, analista da Empiricus Research, não ocorreram grandes mudanças em termos de preços, oferta e demanda para as principais culturas que são base dos fundos. “Vemos uma […]",https://www.moneytimes.com.br/2025-e-o-ano-dos-fiagros-para-analistas-cenario-inspira-cautela-mas-pode-haver-uma-janela-de-oportunidade-com-selic-mais-alta/,pt,"2025 é o ano dos fiagros? para analistas, cenário inspira cautela, mas pode haver uma ‘janela de oportunidade’ com selic mais alta || o ano de 2024 ficou marcado por um desempenho ruim para os fundos de investimentos nas cadeias produtivas do agronegócios (fiagros), com poucos apresentando resultados positivos. segundo caio nabuco, analista da empiricus research, não ocorreram grandes mudanças em termos de preços, oferta e demanda para as principais culturas que são base dos fundos. “vemos uma […]"
N0045819,2024-12-11 18:09:01,2024-12-11T21:09:01,2024-12-12,CAT1_Empresa,MoneyTimes,WP_MoneyTimes,"Ibovespa (IBOV) nos 153 mil pontos e 15 ações com potencial de até 48% para 2025, segundo o BB","O BB Investimentos definiu um preço-alvo de 153 mil pontos para o Ibovespa (IBOV) para 2025, em meio a uma perspectiva de que a política monetária siga ditando o tom do mercado. Esse desempenho seria impulsionado pelos resultados corporativos, com o banco projetando altas de até 48% para as ações recomendadas. A casa adota uma […]",https://www.moneytimes.com.br/ibovespa-ibov-nos-153-mil-pontos-e-15-acoes-com-potencial-de-ate-486-para-2025-segundo-o-bb-lmrs/,pt,"ibovespa (ibov) nos 153 mil pontos e 15 ações com potencial de até 48% para 2025, segundo o bb || o bb investimentos definiu um preço-alvo de 153 mil pontos para o ibovespa (ibov) para 2025, em meio a uma perspectiva de que a política monetária siga ditando o tom do mercado. esse desempenho seria impulsionado pelos resultados corporativos, com o banco projetando altas de até 48% para as ações recomendadas. a casa adota uma […]"
N0045958,2024-12-18 17:00:58,2024-12-18T20:00:58,2024-12-19,CAT7_Macro_Energia,Petronoticias,WP_Petronoticias,"A STEMAC CRUZA AS DIFICULDADES, ENCERRA RECUPERAÇÃO JUDICIAL E VAI FATURAR R$ 420 MILHÕES ESTE ANO","É bom para o mercado ver uma empresa cruzar as dificuldades, retomar as atividades e se recuperar, como é o caso da  Stemac, uma das  líderes na fabricação e comercialização de grupos geradores no Brasil. A empresa conseguiu encerrar oficialmente seu processo de recuperação judicial neste mês, com um crescimento de 50% no último ano […]",https://petronoticias.com.br/a-stemac-cruza-as-dificuldades-encerra-recuperacao-judicial-e-vai-faturar-r-420-milhoes-este-ano/,pt,"a stemac cruza as dificuldades, encerra recuperação judicial e vai faturar r$ 420 milhões este ano || é bom para o mercado ver uma empresa cruzar as dificuldades, retomar as atividades e se recuperar, como é o caso da  stemac, uma das  líderes na fabricação e comercialização de grupos geradores no brasil. a empresa conseguiu encerrar oficialmente seu processo de recuperação judicial neste mês, com um crescimento de 50% no último ano […]"
N0046212,2025-01-06 17:18:23,2025-01-06T20:18:23,2025-01-07,CAT7_Macro_Energia,MoneyTimes,WP_MoneyTimes,Dólar cai mais de 1% após notícia de que governo Trump pode moderar tarifas,"O dólar fechou a segunda-feira (6) com queda superior a 1% ante o real, em sintonia com o cenário positivo para as moedas de países emergentes no exterior após notícia de que o governo de Donald Trump pode adotar tarifas de importação não tão elevadas nos Estados Unidos. Apesar do recuo no Brasil, a moeda […]",https://www.moneytimes.com.br/dolar-a-vista-fecha-em-baixa-de-111-a-r-611-kda/,pt,"dólar cai mais de 1% após notícia de que governo trump pode moderar tarifas || o dólar fechou a segunda-feira (6) com queda superior a 1% ante o real, em sintonia com o cenário positivo para as moedas de países emergentes no exterior após notícia de que o governo de donald trump pode adotar tarifas de importação não tão elevadas nos estados unidos. apesar do recuo no brasil, a moeda […]"
N0046441,2025-01-17 17:19:24,2025-01-17T20:19:24,2025-01-20,CAT7_Macro_Energia,MoneyTimes,WP_MoneyTimes,XP eleva Santander (SANB11) para compra e segue neutro em Bradesco (BBDC4) e Nubank (ROXO34),"A XP Investimentos ajustou as estimativas para o Santander (SANB11), Bradesco (BBDC4) e Nubank (ROXO34). De acordo com os analistas Bernardo Guttmann, Matheus Guimarães e Rafael Nobre, o banco que se destaca é o Santander – a instituição elevou a recomendação para “compra”, com preço-alvo de R$ 35, potencial alta de 40%. “A estratégia do […]",https://www.moneytimes.com.br/sanb11-bbdc4-e-roxo34-em-qual-banco-apostar-em-2025-segundo-a-xp-mtm/,pt,"xp eleva santander (sanb11) para compra e segue neutro em bradesco (bbdc4) e nubank (roxo34) || a xp investimentos ajustou as estimativas para o santander (sanb11), bradesco (bbdc4) e nubank (roxo34). de acordo com os analistas bernardo guttmann, matheus guimarães e rafael nobre, o banco que se destaca é o santander – a instituição elevou a recomendação para “compra”, com preço-alvo de r$ 35, potencial alta de 40%. “a estratégia do […]"
N0046756,2025-02-01 18:50:02,2025-02-01T21:50:02,2025-02-03,CAT6_Governanca,Exame,WP_Exame,Lula avalia como positiva eleições de Alcolumbre e Motta e cogita entregar SRI ao Centrão,Governo cogita nomear como ministros ex-presidentes do Senado e da Câmara para reforçar articulação política no Congresso,https://exame.com/brasil/lula-avalia-como-positiva-eleicoes-de-alcolumbre-e-motta-e-cogita-entregar-sri-ao-centrao/,pt,lula avalia como positiva eleições de alcolumbre e motta e cogita entregar sri ao centrão || governo cogita nomear como ministros ex-presidentes do senado e da câmara para reforçar articulação política no congresso
N0046919,2025-02-10 18:14:20,2025-02-10T21:14:20,2025-02-11,CAT2_Mercado_Petroleo,InfoMoney,WP_InfoMoney,"Gerdau, Usiminas e CSN: por que as ações subiram mesmo com ameaça de tarifas dos EUA?","Gerdau foi a que mais subiu na Bolsa – e que teria mais impacto positivo por ter parque industrial nos EUA -, mas CSNA3 e USIM5 também subiram",https://www.infomoney.com.br/mercados/gerdau-alta-csn-e-usiminas-volateis-qual-efeito-ameacas-de-tarifas-sobre-aco-eua-trump-b3/,pt,"gerdau, usiminas e csn: por que as ações subiram mesmo com ameaça de tarifas dos eua? || gerdau foi a que mais subiu na bolsa – e que teria mais impacto positivo por ter parque industrial nos eua -, mas csna3 e usim5 também subiram"
N0046952,2025-02-11 18:48:02,2025-02-11T21:48:02,2025-02-12,CAT2_Mercado_Petroleo,MoneyTimes,WP_MoneyTimes,"Copel (CPLE6): O potencial da ação com uma nova política de dividendos, segundo o BTG","A percepção de dividendos sólidos e recorrentes para a Copel (CPLE6) poder ser um grande diferencial para a tese de investimentos na empresa, disse o BTG Pactual, em meio a uma reestruturação da companhia. A instituição segue recomendando a compra do papel, a um preço-alvo de R$ 15 – a ação é negociada na faixa dos […]",https://www.moneytimes.com.br/copel-cple6-o-potencial-da-acao-com-a-nova-politica-de-dividendos-kda/,pt,"copel (cple6): o potencial da ação com uma nova política de dividendos, segundo o btg || a percepção de dividendos sólidos e recorrentes para a copel (cple6) poder ser um grande diferencial para a tese de investimentos na empresa, disse o btg pactual, em meio a uma reestruturação da companhia. a instituição segue recomendando a compra do papel, a um preço-alvo de r$ 15 – a ação é negociada na faixa dos […]"
N0046956,2025-02-11 20:00:33,2025-02-11T23:00:33,2025-02-12,CAT7_Macro_Energia,Petronoticias,WP_Petronoticias,FECHAMENTO DE FÁBRICA DE PÁS DA GE VERNOVA EM PERNAMBUCO DEIXARÁ MIL DEMITIDOS E EXPÕE MOMENTO DIFÍCIL DO SETOR EÓLICO,"Uma notícia muito negativa para o estado de Pernambuco. A GE Vernova revelou que vai fechar sua fábrica de pás eólicas no estado, localizada na cidade de Suape. A decisão de fechar a planta se deve à queda na demanda no mercado da América Latina. Com o encerramento das operações da planta, cerca de mil […]",https://petronoticias.com.br/fechamento-de-fabrica-de-pas-da-ge-vernova-em-pernambuco-deixara-mil-demitidos-e-expoe-momento-dificil-do-setor-eolico/,pt,"fechamento de fábrica de pás da ge vernova em pernambuco deixará mil demitidos e expõe momento difícil do setor eólico || uma notícia muito negativa para o estado de pernambuco. a ge vernova revelou que vai fechar sua fábrica de pás eólicas no estado, localizada na cidade de suape. a decisão de fechar a planta se deve à queda na demanda no mercado da américa latina. com o encerramento das operações da planta, cerca de mil […]"
N0046943,2025-02-11 17:37:57,2025-02-11T20:37:57,2025-02-12,CAT3_Geopolitica,InfoMoney,WP_InfoMoney,Casa Branca diz que Rússia libertou americano e vê sinal positivo para paz na Ucrânia,"Marc Fogel é professor e estava preso desde agosto de 2021, quando foi acusado de tráfico de drogas ao ser detido com maconha para fins médicos",https://www.infomoney.com.br/mundo/casa-branca-diz-que-russia-libertou-americano-e-ve-sinal-positivo-para-paz-na-ucrania/,pt,"casa branca diz que rússia libertou americano e vê sinal positivo para paz na ucrânia || marc fogel é professor e estava preso desde agosto de 2021, quando foi acusado de tráfico de drogas ao ser detido com maconha para fins médicos"
N0047016,2025-02-14 17:39:16,2025-02-14T20:39:16,2025-02-17,CAT2_Mercado_Petroleo,InfoMoney,WP_InfoMoney,XP eleva Alupar e mantém visão cautelosa para Taesa e Isa Energia: veja os motivos,"Corretora revisa preço-alvo de Alupar para R$ 40 e eleva recomendação para compra, enquanto mantém perspectivas mais neutras para outras transmissoras",https://www.infomoney.com.br/mercados/xp-eleva-alupar-e-mantem-visao-cautelosa-para-taesa-e-isa-energia-veja-os-motivos/,pt,"xp eleva alupar e mantém visão cautelosa para taesa e isa energia: veja os motivos || corretora revisa preço-alvo de alupar para r$ 40 e eleva recomendação para compra, enquanto mantém perspectivas mais neutras para outras transmissoras"
N0047239,2025-02-26 17:33:18,2025-02-26T20:33:18,2025-02-27,CAT1_Empresa,MoneyTimes,WP_MoneyTimes,"Dólar a R$ 5,80: Por que moeda subiu forte nesta quarta?","Em uma sessão de modo geral negativa para os ativos brasileiros, o dólar fechou a quarta-feira novamente acima dos R$ 5,80, com as cotações sendo impulsionadas por fatores internos e externos. Além do avanço da moeda norte-americana também no exterior, o dólar foi influenciado pela forte geração de vagas formais de emprego no Brasil em […]",https://www.moneytimes.com.br/dolar-a-r-580-por-que-moeda-subiu-forte-nesta-quarta-rnda/,pt,"dólar a r$ 5,80: por que moeda subiu forte nesta quarta? || em uma sessão de modo geral negativa para os ativos brasileiros, o dólar fechou a quarta-feira novamente acima dos r$ 5,80, com as cotações sendo impulsionadas por fatores internos e externos. além do avanço da moeda norte-americana também no exterior, o dólar foi influenciado pela forte geração de vagas formais de emprego no brasil em […]"
N0047287,2025-02-27 18:36:50,2025-02-27T21:36:50,2025-02-28,CAT1_Empresa,InfoMoney,WP_InfoMoney,"IRB (IRBR3) tem alívio e salta 7,80% com recuperação e recomendação elevada","Após derrocada de 18% da véspera, Safra elevou recomendação das ações para neutra",https://www.infomoney.com.br/mercados/irb-irbr3-acao-tem-alivio-e-saltam-mais-de-10-com-recuperacao-e-recomendacao-elevada/,pt,"irb (irbr3) tem alívio e salta 7,80% com recuperação e recomendação elevada || após derrocada de 18% da véspera, safra elevou recomendação das ações para neutra"
N0047611,2025-03-15 17:23:31,2025-03-15T20:23:31,2025-03-17,CAT3_Geopolitica,InfoMoney,WP_InfoMoney,"Zelensky nega que tropas da Ucrânia estejam cercadas em Kursk, na Rússia",Analistas militares dizem que os russos estão perto de expulsar as forças ucranianas de sua base na região oeste da Rússia,https://www.infomoney.com.br/mundo/zelensky-nega-que-tropas-da-ucrania-estejam-cercadas-em-kursk-na-russia/,pt,"zelensky nega que tropas da ucrânia estejam cercadas em kursk, na rússia || analistas militares dizem que os russos estão perto de expulsar as forças ucranianas de sua base na região oeste da rússia"
N0047629,2025-03-17 17:15:46,2025-03-17T20:15:46,2025-03-18,CAT2_Mercado_Petroleo,InfoMoney,WP_InfoMoney,Taxas dos DIs acompanham dólar e caem no Brasil em dia positivo para ativos de risco,"Índice de Atividade Econômica do Banco Central (IBC-Br) cresceu mais que o esperado em janeiro, mas o dado ficou em segundo plano em função do exterior favorável",https://www.infomoney.com.br/mercados/taxas-dos-dis-acompanham-dolar-e-caem-no-brasil-em-dia-positivo-para-ativos-de-risco/,pt,"taxas dos dis acompanham dólar e caem no brasil em dia positivo para ativos de risco || índice de atividade econômica do banco central (ibc-br) cresceu mais que o esperado em janeiro, mas o dado ficou em segundo plano em função do exterior favorável"
N0047892,2025-03-27 19:08:47,2025-03-27T22:08:47,2025-03-28,CAT6_Governanca,InfoMoney,WP_InfoMoney,EUA alertam Venezuela contra ataque à Guiana: “Temos uma grande Marinha”,"“Seria um dia muito ruim para o regime venezuelano se eles atacassem a Guiana ou a Exxon Mobil”, disse o secretário de Estado Marco Rubio",https://www.infomoney.com.br/mundo/eua-alertam-venezuela-contra-ataque-a-guiana-temos-uma-grande-marinha/,pt,"eua alertam venezuela contra ataque à guiana: “temos uma grande marinha” || “seria um dia muito ruim para o regime venezuelano se eles atacassem a guiana ou a exxon mobil”, disse o secretário de estado marco rubio"
N0047895,2025-03-27 19:22:21,2025-03-27T22:22:21,2025-03-28,CAT1_Empresa,MoneyTimes,WP_MoneyTimes,Petrobras (PETR4): A expectativa do Santander para o 1T25 e o pagamento de dividendos no ano,"A Petrobras (PETR4) deve apresentar resultados sequencialmente melhores no primeiro trimestre de 2025, tendo em vista um provável aumento na produção doméstica de petróleo no período, considerando a base trimestral, disse o Santander. O banco segue com recomendação outperform para o papel, a um preço-alvo de R$ 51 – hoje o papel é negociado na […]",https://www.moneytimes.com.br/petrobras-petr4-a-projecao-do-santander-para-o-1t25-e-pagamento-de-dividendos-no-ano-kda/,pt,"petrobras (petr4): a expectativa do santander para o 1t25 e o pagamento de dividendos no ano || a petrobras (petr4) deve apresentar resultados sequencialmente melhores no primeiro trimestre de 2025, tendo em vista um provável aumento na produção doméstica de petróleo no período, considerando a base trimestral, disse o santander. o banco segue com recomendação outperform para o papel, a um preço-alvo de r$ 51 – hoje o papel é negociado na […]"
N0047876,2025-03-27 17:25:37,2025-03-27T20:25:37,2025-03-28,CAT1_Empresa,MoneyTimes,WP_MoneyTimes,"Ibovespa avança com surpresa positiva do IPCA-15 e fecha no maior nível em seis meses; dólar sobe a R$ 5,75","O Ibovespa (IBOV) teve mais um dia de ganhos com a surpresa positiva com a prévia da inflação e avanço das commodities. As incertezas seguiram no radar e limitaram a alta, com os investidores atentos aos desdobramentos das tarifas de importação anunciadas pelos Estados Unidos. Nesta quinta-feira (27), o principal índice da bolsa brasileira fechou […]",https://www.moneytimes.com.br/ibovespa-27-3-25-lils/,pt,"ibovespa avança com surpresa positiva do ipca-15 e fecha no maior nível em seis meses; dólar sobe a r$ 5,75 || o ibovespa (ibov) teve mais um dia de ganhos com a surpresa positiva com a prévia da inflação e avanço das commodities. as incertezas seguiram no radar e limitaram a alta, com os investidores atentos aos desdobramentos das tarifas de importação anunciadas pelos estados unidos. nesta quinta-feira (27), o principal índice da bolsa brasileira fechou […]"
N0047926,2025-03-29 18:05:30,2025-03-29T21:05:30,2025-03-31,CAT7_Macro_Energia,MoneyTimes,WP_MoneyTimes,Quem é a mineradora que pode disparar 64% e chamou atenção do BTG,"A CBA (CBVA3), empresa controlada pela Votorantim, ganhou mais uma indicação de compra, a terceira em poucas semanas. Dessa vez, o voto de confiança vem do BTG, que elevou a recomendação neutra para compra, com preço-alvo de R$ 8, o que implica potencial de alta de 64% ante o último fechamento.  No relatório, os analistas […]",https://www.moneytimes.com.br/quem-e-a-mineradora-que-pode-disparar-64-e-chamou-atencao-do-btg-rnda/,pt,"quem é a mineradora que pode disparar 64% e chamou atenção do btg || a cba (cbva3), empresa controlada pela votorantim, ganhou mais uma indicação de compra, a terceira em poucas semanas. dessa vez, o voto de confiança vem do btg, que elevou a recomendação neutra para compra, com preço-alvo de r$ 8, o que implica potencial de alta de 64% ante o último fechamento.  no relatório, os analistas […]"
N0048044,2025-04-02 23:08:47,2025-04-03T02:08:47,2025-04-03,CAT2_Mercado_Petroleo,Exame,WP_Exame,"BNDES capta R$ 1,077 bi junto a bancos japoneses para investimentos no setor de energia",Recursos serão aplicados em projetos com impacto positivo na preservação do meio ambiente,https://exame.com/esferabrasil/bndes-capta-r-1077-bi-junto-a-bancos-japoneses-para-investimentos-no-setor-de-energia/,pt,"bndes capta r$ 1,077 bi junto a bancos japoneses para investimentos no setor de energia || recursos serão aplicados em projetos com impacto positivo na preservação do meio ambiente"
N0048210,2025-04-10 17:12:29,2025-04-10T20:12:29,2025-04-11,CAT2_Mercado_Petroleo,InfoMoney,WP_InfoMoney,Taxas futuras de juros sobem em dia negativo para ativos em meio à guerra de tarifas,Após os ativos brasileiros terem reagido positivamente na véspera à pausa por 90 dias da cobrança de algumas tarifas pelos EUA,https://www.infomoney.com.br/mercados/taxas-futuras-de-juros-sobem-em-dia-negativo-para-ativos-em-meio-a-guerra-de-tarifas/,pt,taxas futuras de juros sobem em dia negativo para ativos em meio à guerra de tarifas || após os ativos brasileiros terem reagido positivamente na véspera à pausa por 90 dias da cobrança de algumas tarifas pelos eua
N0048246,2025-04-11 18:00:02,2025-04-11T21:00:02,2025-04-14,CAT3_Geopolitica,MoneyTimes,WP_MoneyTimes,"Trump adotou um caminho arriscado, mas há chance de dar certo, diz CEO da Persevera Asset","O tarifaço dos Estados Unidos, anunciado pelo presidente Donald Trump há uma semana, elevou as incertezas e trouxe uma turbulência nos mercados. Mas, para a Perservera Asset, as medidas podem ter um efeito positivo para os EUA, a despeito do risco de recessão da maior economia do mundo.  “O Trump adotou um caminho super arriscado, que […]",https://www.moneytimes.com.br/trump-adotou-um-caminho-arriscado-mas-ha-chance-de-dar-certo-diz-o-ceo-da-perservera-asset-lils/,pt,"trump adotou um caminho arriscado, mas há chance de dar certo, diz ceo da persevera asset || o tarifaço dos estados unidos, anunciado pelo presidente donald trump há uma semana, elevou as incertezas e trouxe uma turbulência nos mercados. mas, para a perservera asset, as medidas podem ter um efeito positivo para os eua, a despeito do risco de recessão da maior economia do mundo.  “o trump adotou um caminho super arriscado, que […]"
N0048239,2025-04-11 17:11:40,2025-04-11T20:11:40,2025-04-14,CAT2_Mercado_Petroleo,MoneyTimes,WP_MoneyTimes,BB Investimentos eleva preço-alvo para JBS (JBSS3); ação dobrou de valor nos últimos 12 meses,"O BB Investimentos decidiu elevar o preço-alvo para as ações da JBS (JBSS3) em 8,5%, saindo dos R$ 47 para R$ 51. O banco optou pela mudança após incorporar as perspectivas sobre os últimos resultados operacionais e as projeções macroeconômicas na análise. Os analistas destacam o forte desempenho da companhia em 2024, mesmo com a JBS […]",https://www.moneytimes.com.br/bb-investimentos-eleva-preco-alvo-para-jbs-jbss3-acao-dobrou-de-valor-nos-ultimos-12-meses-grds/,pt,"bb investimentos eleva preço-alvo para jbs (jbss3); ação dobrou de valor nos últimos 12 meses || o bb investimentos decidiu elevar o preço-alvo para as ações da jbs (jbss3) em 8,5%, saindo dos r$ 47 para r$ 51. o banco optou pela mudança após incorporar as perspectivas sobre os últimos resultados operacionais e as projeções macroeconômicas na análise. os analistas destacam o forte desempenho da companhia em 2024, mesmo com a jbs […]"
N0048470,2025-04-23 17:10:47,2025-04-23T20:10:47,2025-04-24,CAT7_Macro_Energia,InfoMoney,WP_InfoMoney,Juros futuros caem após comentários “suaves” de diretor do Banco Central,O recuo dos rendimentos dos Treasuries no início da sessão também deu um viés negativo para as taxas futuras no Brasil,https://www.infomoney.com.br/mercados/juros-futuros-caem-apos-comentarios-suaves-de-diretor-do-banco-central-2/,pt,juros futuros caem após comentários “suaves” de diretor do banco central || o recuo dos rendimentos dos treasuries no início da sessão também deu um viés negativo para as taxas futuras no brasil
N0048850,2025-05-12 17:51:07,2025-05-12T20:51:07,2025-05-13,CAT1_Empresa,InfoMoney,WP_InfoMoney,Bolsas de NY fecham em alta com acordo entre EUA e China; Nasdaq firma ‘bull market’,"O acordo firmado entre Washington e Pequim é “uma notícia muito positiva para o setor de tecnologia”, afirma o analista da Wedbush, Dan Ives",https://www.infomoney.com.br/mercados/bolsas-de-ny-fecham-em-alta-com-acordo-entre-eua-e-china-nasdaq-firma-bull-market/,pt,"bolsas de ny fecham em alta com acordo entre eua e china; nasdaq firma ‘bull market’ || o acordo firmado entre washington e pequim é “uma notícia muito positiva para o setor de tecnologia”, afirma o analista da wedbush, dan ives"
N0048914,2025-05-14 17:34:29,2025-05-14T20:34:29,2025-05-15,CAT7_Macro_Energia,InfoMoney,WP_InfoMoney,"Dólar sobe a R$ 5,65, seguindo exterior e em sessão negativa para ativos brasileiros",Política tarifária norte-americana segue provocando incertezas,https://www.infomoney.com.br/mercados/dolar-hoje-abertura-fechamento-comercial-turismo-14052025/,pt,"dólar sobe a r$ 5,65, seguindo exterior e em sessão negativa para ativos brasileiros || política tarifária norte-americana segue provocando incertezas"
N0048998,2025-05-19 19:09:32,2025-05-19T22:09:32,2025-05-20,CAT2_Mercado_Petroleo,MoneyTimes,WP_MoneyTimes,Carlos Fávaro confirma negativa para 3 casos de gripe aviária em aves de subsistência e nega reforço orçamentário,"O ministro da Agricultura e Pecuária do Brasil (Mapa), Carlos Fávaro, confirmou o resultado negativo para a gripe aviária em 3 produções de subsistência.  A confirmação foi para Gracho Cardoso (SE), Nova Brasilândia (MT) e Triunfo (RS). Outras investigações para casos 2 casos em granjas comerciais (Ipumirim – SC e Aguiarnópolis – TO) e uma […]",https://www.moneytimes.com.br/carlos-favaro-confirma-negativa-para-3-casos-de-gripe-aviaria-em-aves-de-subsistencia-e-nega-reforco-orcamentario-pads/,pt,"carlos fávaro confirma negativa para 3 casos de gripe aviária em aves de subsistência e nega reforço orçamentário || o ministro da agricultura e pecuária do brasil (mapa), carlos fávaro, confirmou o resultado negativo para a gripe aviária em 3 produções de subsistência.  a confirmação foi para gracho cardoso (se), nova brasilândia (mt) e triunfo (rs). outras investigações para casos 2 casos em granjas comerciais (ipumirim – sc e aguiarnópolis – to) e uma […]"
N0048995,2025-05-19 18:21:34,2025-05-19T21:21:34,2025-05-20,CAT2_Mercado_Petroleo,MoneyTimes,WP_MoneyTimes,Moody’s eleva Eletrobras (ELET6); Fitch eleva perspectiva para estável,"A Moody’s elevou nesta segunda-feira o rating da Eletrobras (ELET3)  para “Ba1”, de “Ba2” anteriormente, mantendo a perspectiva da companhia em estável, enquanto a Fitch Ratings revisou a perspectiva de negativa para estável, reafirmando o rating em BB-. Conforme relatório da agência de classificação de risco Moody’s, a melhora do rating reflete evidências de progresso […]",https://www.moneytimes.com.br/moodys-eleva-eletrobras-para-ba1-fitch-eleva-perspectiva-para-estavel-rnda/,pt,"moody’s eleva eletrobras (elet6); fitch eleva perspectiva para estável || a moody’s elevou nesta segunda-feira o rating da eletrobras (elet3)  para “ba1”, de “ba2” anteriormente, mantendo a perspectiva da companhia em estável, enquanto a fitch ratings revisou a perspectiva de negativa para estável, reafirmando o rating em bb-. conforme relatório da agência de classificação de risco moody’s, a melhora do rating reflete evidências de progresso […]"
N0049095,2025-05-22 18:00:47,2025-05-22T21:00:47,2025-05-23,CAT2_Mercado_Petroleo,Petronoticias,WP_Petronoticias,A APROVAÇÃO DA CONFEDERAÇÃO NACIONAL DA INDÚSTRIA AO NOVO MARCO AMBIENTAL TRADUZ O APOIO DE MAIS 80 ENTIDADES,"A Confederação Nacional da Indústria, para desespero dos ambientalistas das  ONGs de Plantão,  avalia como positiva a aprovação, pelo plenário do Senado Federal, do Projeto de Lei que institui um novo marco legal para o licenciamento ambiental no Brasil. Após mais de 20 anos de debates intensos, a medida aprovada busca uniformizar procedimentos em todo […]",https://petronoticias.com.br/a-aprovacao-da-confederacao-nacional-da-industria-ao-novo-marco-ambiental-traduz-o-apoio-de-mais-80-entidades/,pt,"a aprovação da confederação nacional da indústria ao novo marco ambiental traduz o apoio de mais 80 entidades || a confederação nacional da indústria, para desespero dos ambientalistas das  ongs de plantão,  avalia como positiva a aprovação, pelo plenário do senado federal, do projeto de lei que institui um novo marco legal para o licenciamento ambiental no brasil. após mais de 20 anos de debates intensos, a medida aprovada busca uniformizar procedimentos em todo […]"
N0049089,2025-05-22 17:21:46,2025-05-22T20:21:46,2025-05-23,CAT1_Empresa,InfoMoney,WP_InfoMoney,"Jefferies inicia cobertura de Magalu com recomendação de compra; MGLU3 sobe 2,8%",Jefferies considera o Magazine Luiza uma das melhores apostas em um cenário de queda de juros,https://www.infomoney.com.br/mercados/jefferies-inicia-cobertura-de-magalu-com-recomendacao-de-compra-mglu3-salta-ate-95/,pt,"jefferies inicia cobertura de magalu com recomendação de compra; mglu3 sobe 2,8% || jefferies considera o magazine luiza uma das melhores apostas em um cenário de queda de juros"
N0049173,2025-05-27 17:02:29,2025-05-27T20:02:29,2025-05-28,CAT3_Geopolitica,MoneyTimes,WP_MoneyTimes,"Dólar cai a R$ 5,64 com surpresa positiva da prévia de inflação oficial de maio","O dólar perdeu força ante a moeda brasileira com leilão do Banco Central, desaceleração da prévia de inflação brasileira e trégua tarifária dos Estados Unidos. Nesta terça-feira (27), o dólar à vista (USDBRL) encerrou as negociações a R$ 5,6457, com queda de 0,53% ante o real. O movimento destoou da tendência vista no exterior. Por volta de […]",https://www.moneytimes.com.br/dolar-27-5-25-lils/,pt,"dólar cai a r$ 5,64 com surpresa positiva da prévia de inflação oficial de maio || o dólar perdeu força ante a moeda brasileira com leilão do banco central, desaceleração da prévia de inflação brasileira e trégua tarifária dos estados unidos. nesta terça-feira (27), o dólar à vista (usdbrl) encerrou as negociações a r$ 5,6457, com queda de 0,53% ante o real. o movimento destoou da tendência vista no exterior. por volta de […]"
N0049329,2025-06-03 17:29:25,2025-06-03T20:29:25,2025-06-04,CAT1_Empresa,MoneyTimes,WP_MoneyTimes,"Ibovespa sobe com Magazine Luiza (MGLU3) e expectativas sobre IOF; dólar cai a R$ 5,63","O Ibovespa (IBOV) interrompeu a sequência de perdas após quatro sessões e deixou o tom negativo para trás com expectativa de revogação das medidas que elevaram o Imposto sobre Operações Financeiras (IOF) e bolsas de Wall Street no azul. Nesta terça-feira (3), o principal índice da bolsa brasileira fechou aos 137.546,26 pontos, com alta de […]",https://www.moneytimes.com.br/ibovespa-3-6-25-lils/,pt,"ibovespa sobe com magazine luiza (mglu3) e expectativas sobre iof; dólar cai a r$ 5,63 || o ibovespa (ibov) interrompeu a sequência de perdas após quatro sessões e deixou o tom negativo para trás com expectativa de revogação das medidas que elevaram o imposto sobre operações financeiras (iof) e bolsas de wall street no azul. nesta terça-feira (3), o principal índice da bolsa brasileira fechou aos 137.546,26 pontos, com alta de […]"
N0049332,2025-06-03 17:37:24,2025-06-03T20:37:24,2025-06-04,CAT7_Macro_Energia,Exame,WP_Exame,UBS vê dólar 'caro e vulnerável' e reforça visão positiva para o real,"Para o banco, repiques de alta da moeda americana são oportunidade de venda em meio a um cenário de fundamentos fracos e incertezas crescentes; euro e moedas de emergentes são as maiores apostas",https://exame.com/invest/mercados/ubs-ve-dolar-caro-e-vulneravel-e-reforca-visao-positiva-para-o-real/,pt,"ubs vê dólar 'caro e vulnerável' e reforça visão positiva para o real || para o banco, repiques de alta da moeda americana são oportunidade de venda em meio a um cenário de fundamentos fracos e incertezas crescentes; euro e moedas de emergentes são as maiores apostas"
N0049327,2025-06-03 17:22:48,2025-06-03T20:22:48,2025-06-04,CAT3_Geopolitica,MoneyTimes,WP_MoneyTimes,BTG mantém cautela com Braskem (BRKM5) e reduz preço-alvo para R$ 13,"O BTG Pactual manteve sua recomendação neutra para a Braskem (BRKM5), mas reduziu o preço-alvo da ação de R$ 14 para R$ 13, ainda representando um potencial de valorização da ordem de 23% em relação ao fechamento da última segunda-feira (2). Nesta terça-feira (3),, as ações da Braskem caíram 1,23%, cotadas a R$ 10,40. No […]",https://www.moneytimes.com.br/btg-mantem-cautela-com-braskem-brkm5-e-reduz-preco-alvo-para-r-13-gmda/,pt,"btg mantém cautela com braskem (brkm5) e reduz preço-alvo para r$ 13 || o btg pactual manteve sua recomendação neutra para a braskem (brkm5), mas reduziu o preço-alvo da ação de r$ 14 para r$ 13, ainda representando um potencial de valorização da ordem de 23% em relação ao fechamento da última segunda-feira (2). nesta terça-feira (3),, as ações da braskem caíram 1,23%, cotadas a r$ 10,40. no […]"
N0049383,2025-06-05 17:14:48,2025-06-05T20:14:48,2025-06-06,CAT2_Mercado_Petroleo,Exame,WP_Exame,Trump diz que derrota na 2ª Guerra foi ruim para Alemanha; Merz nega: 'foi a libertação do nazismo',"Apesar da gafe, encontro foi marcado pelo tom amigável, em contraste com os últimos embates no Salão Oval; líder alemão pressionou republicano por mais sanções contra a Rússia",https://exame.com/mundo/trump-diz-que-derrota-na-2a-guerra-foi-ruim-para-alemanha-merz-nega-foi-a-libertacao-do-nazismo/,pt,"trump diz que derrota na 2ª guerra foi ruim para alemanha; merz nega: 'foi a libertação do nazismo' || apesar da gafe, encontro foi marcado pelo tom amigável, em contraste com os últimos embates no salão oval; líder alemão pressionou republicano por mais sanções contra a rússia"
N0049479,2025-06-10 17:05:46,2025-06-10T20:05:46,2025-06-11,CAT2_Mercado_Petroleo,MoneyTimes,WP_MoneyTimes,BofA eleva preço-alvo da Equatorial (EQTL3); o que faz os analistas acreditarem em uma alta de 23%?,"O Bank of America revisou para cima o preço-alvo das ações da Equatorial (EQTL3), passando de R$ 41 para R$ 44 (potencial alta de 23%), e reiterou a recomendação de compra para os papéis. A revisão reflete, dentre outros fatores, a atualização das premissas macroeconômicas, o impacto limitado das mudanças regulatórias recentes e o desempenho […]",https://www.moneytimes.com.br/bofa-eleva-preco-alvo-da-equatorial-eqtl3-o-que-faz-os-analistas-acreditarem-em-uma-lata-de-23-jcav/,pt,"bofa eleva preço-alvo da equatorial (eqtl3); o que faz os analistas acreditarem em uma alta de 23%? || o bank of america revisou para cima o preço-alvo das ações da equatorial (eqtl3), passando de r$ 41 para r$ 44 (potencial alta de 23%), e reiterou a recomendação de compra para os papéis. a revisão reflete, dentre outros fatores, a atualização das premissas macroeconômicas, o impacto limitado das mudanças regulatórias recentes e o desempenho […]"
N0049711,2025-06-17 18:02:24,2025-06-17T21:02:24,2025-06-18,CAT2_Mercado_Petroleo,InfoMoney,WP_InfoMoney,BBI eleva preço-alvo da Eletrobras e vê ações da ELET6 com espaço para saltar 40%,Relatório revisa preço-alvo para R$ 65 após decisão sobre RBSE e ajustes nas premissas de energia; banco mantém recomendação de desempenho acima da média,https://www.infomoney.com.br/mercados/bbi-eleva-preco-alvo-da-eletrobras-e-ve-acoes-da-elet6-com-espaco-para-saltar-40/,pt,bbi eleva preço-alvo da eletrobras e vê ações da elet6 com espaço para saltar 40% || relatório revisa preço-alvo para r$ 65 após decisão sobre rbse e ajustes nas premissas de energia; banco mantém recomendação de desempenho acima da média
N0050073,2025-06-30 18:31:08,2025-06-30T21:31:08,2025-07-01,CAT1_Empresa,InfoMoney,WP_InfoMoney,"Ações da Azzas sobem 4,7% após conselho reformulado e menores ruídos sobre acionistas","JPMorgan mantém recomendação de compra para AZZA3 após empresa anunciar novo conselho com foco em integração, simplificação e maior presença de independentes",https://www.infomoney.com.br/mercados/acoes-da-azzas-sobem-apos-reformulacao-do-conselho-e-fim-de-impasse-entre-acionistas/,pt,"ações da azzas sobem 4,7% após conselho reformulado e menores ruídos sobre acionistas || jpmorgan mantém recomendação de compra para azza3 após empresa anunciar novo conselho com foco em integração, simplificação e maior presença de independentes"
N0050126,2025-07-02 17:36:13,2025-07-02T20:36:13,2025-07-03,CAT2_Mercado_Petroleo,MoneyTimes,WP_MoneyTimes,"Cemig (CMIG4): Bradesco BBI eleva recomendação, mas vê potencial de queda nas ações; entenda","O Bradesco BBI revisou sua recomendação para as ações da Cemig (CMIG4), elevando-a de “venda” para “neutra”. A decisão reflete um cenário mais equilibrado entre risco e retorno no valuation atual da companhia, além de um dividend yield considerado atrativo, próximo de 8% ao ano. Apesar da mudança, o banco manteve o preço-alvo em R$ […]",https://www.moneytimes.com.br/cemig-cmig4-bradesco-bbi-eleva-recomendacao-mas-ve-potencial-de-queda-nas-acoes-entenda/,pt,"cemig (cmig4): bradesco bbi eleva recomendação, mas vê potencial de queda nas ações; entenda || o bradesco bbi revisou sua recomendação para as ações da cemig (cmig4), elevando-a de “venda” para “neutra”. a decisão reflete um cenário mais equilibrado entre risco e retorno no valuation atual da companhia, além de um dividend yield considerado atrativo, próximo de 8% ao ano. apesar da mudança, o banco manteve o preço-alvo em r$ […]"
N0050118,2025-07-02 17:05:10,2025-07-02T20:05:10,2025-07-03,CAT1_Empresa,InfoMoney,WP_InfoMoney,"Braskem tem preço-alvo cortado pelo BofA, que vê potencial em medidas do governo","Bank of America reduz projeção para R$ 12 por ação, mas aponta que MP 892 e antidumping podem adicionar até US$ 700 mi ao Ebitda da petroquímica nos próximos anos",https://www.infomoney.com.br/mercados/braskem-tem-preco-alvo-cortado-pelo-bofa-que-ve-potencial-em-medidas-do-governo/,pt,"braskem tem preço-alvo cortado pelo bofa, que vê potencial em medidas do governo || bank of america reduz projeção para r$ 12 por ação, mas aponta que mp 892 e antidumping podem adicionar até us$ 700 mi ao ebitda da petroquímica nos próximos anos"
N0050215,2025-07-06 19:21:43,2025-07-06T22:21:43,2025-07-07,CAT2_Mercado_Petroleo,InfoMoney,WP_InfoMoney,Futuros de NY abrem em queda após Trump confirmar que tarifas valerão em 1º de agosto,"Os índices fecharam com fortes altas na quinta-feira (3), com S&P e Nasdaq em novo recorde após surpresa positiva com payroll",https://www.infomoney.com.br/mercados/futuros-de-ny-abrem-em-queda-apos-trump-confirmar-que-tarifas-valerao-em-1o-de-agosto/,pt,"futuros de ny abrem em queda após trump confirmar que tarifas valerão em 1º de agosto || os índices fecharam com fortes altas na quinta-feira (3), com s&p e nasdaq em novo recorde após surpresa positiva com payroll"
N0050243,2025-07-07 18:00:54,2025-07-07T21:00:54,2025-07-08,CAT5_Sancoes_Navegacao,Petronoticias,WP_Petronoticias,"ENQUANTO PATINA COM ANGRA 3, GOVERNO ASSINA ACORDO COM ESTATAL CHINESA COM FOCO EM MINÉRIOS NUCLEARES","O governo tem adotado uma postura apática em relação à retomada das obras de Angra 3. O tema foi retirado da pauta nas últimas reuniões do Conselho Nacional de Política Energética (CNPE) e, até o momento, não há garantia de que será discutido no próximo encontro do colegiado. Trata-se de um sinal bastante negativo para […]",https://petronoticias.com.br/enquanto-patina-com-angra-3-governo-assina-acordo-com-estatal-chinesa-com-foco-em-minerios-nucleares/,pt,"enquanto patina com angra 3, governo assina acordo com estatal chinesa com foco em minérios nucleares || o governo tem adotado uma postura apática em relação à retomada das obras de angra 3. o tema foi retirado da pauta nas últimas reuniões do conselho nacional de política energética (cnpe) e, até o momento, não há garantia de que será discutido no próximo encontro do colegiado. trata-se de um sinal bastante negativo para […]"
N0050268,2025-07-08 17:10:00,2025-07-08T20:10:00,2025-07-09,CAT1_Empresa,InfoMoney,WP_InfoMoney,WEG (WEGE3): ações caem 4% após Trump anunciar tarifa para cobre; entenda por quê,"Na visão de analistas do UBS BB, a notícia é negativa para a WEG, dada a exposição de cerca de 25% da companhia ao mercado norte-americano",https://www.infomoney.com.br/mercados/weg-wege3-acoes-caem-forte-apos-trump-anunciar-tarifa-para-cobre-entenda-por-que/,pt,"weg (wege3): ações caem 4% após trump anunciar tarifa para cobre; entenda por quê || na visão de analistas do ubs bb, a notícia é negativa para a weg, dada a exposição de cerca de 25% da companhia ao mercado norte-americano"
N0050292,2025-07-09 17:17:31,2025-07-09T20:17:31,2025-07-10,CAT7_Macro_Energia,InfoMoney,WP_InfoMoney,"Dólar hoje sobe 1%, a R$ 5,50, depois da fala de Trump sobre tarifas para Brasil",O presidente americano declarou nesta quarta-feira (9) que o Brasil “não tem sido bom para nós”,https://www.infomoney.com.br/mercados/dolar-hoje-abertura-fechamento-comercial-turismo-09072025/,pt,"dólar hoje sobe 1%, a r$ 5,50, depois da fala de trump sobre tarifas para brasil || o presidente americano declarou nesta quarta-feira (9) que o brasil “não tem sido bom para nós”"
N0050299,2025-07-09 17:56:37,2025-07-09T20:56:37,2025-07-10,CAT7_Macro_Energia,InfoMoney,WP_InfoMoney,"Tarifa de Trump pode abalar imagem já frágil de investidores com Brasil, diz analista","O analista considera que a situação é especialmente ruim para as empresas brasileiras que exportam para os EUA, uma vez que a especulação do mercado era de tarifas de 22%",https://www.infomoney.com.br/mercados/tarifa-de-trump-abala-imagem-ja-fragil-de-investidores-com-brasil-aponta-analista-veja-reacoes/,pt,"tarifa de trump pode abalar imagem já frágil de investidores com brasil, diz analista || o analista considera que a situação é especialmente ruim para as empresas brasileiras que exportam para os eua, uma vez que a especulação do mercado era de tarifas de 22%"
N0050492,2025-07-17 20:32:47,2025-07-17T23:32:47,2025-07-18,CAT3_Geopolitica,Poder360,WP_Poder360,"Atraso na tarifa de Trump seria “bom para todo mundo”, diz Apex","Presidente da agência, Jorge Viana voltou a defender ampliação do prazo para incidência em 90 dias",https://www.poder360.com.br/poder-economia/atraso-na-tarifa-de-trump-seria-bom-para-todo-mundo-diz-apex/,pt,"atraso na tarifa de trump seria “bom para todo mundo”, diz apex || presidente da agência, jorge viana voltou a defender ampliação do prazo para incidência em 90 dias"
N0050466,2025-07-17 17:09:42,2025-07-17T20:09:42,2025-07-18,CAT3_Geopolitica,MoneyTimes,WP_MoneyTimes,Mudança da Coca-Cola para açúcar de cana sairia cara e prejudicaria agricultores dos EUA,"Uma possível iniciativa da Coca-Cola e de outros setores de bebidas e alimentos de usar açúcar de cana em vez de xarope de milho como adoçante seria difícil e cara de implementar, além de ser negativa para os agricultores dos Estados Unidos. O presidente dos Estados Unidos, Donald Trump, disse na quarta-feira que a Coca-Cola […]",https://www.moneytimes.com.br/mudanca-da-coca-cola-para-acucar-de-cana-sairia-cara-e-prejudicaria-agricultores-dos-eua-pads/,pt,"mudança da coca-cola para açúcar de cana sairia cara e prejudicaria agricultores dos eua || uma possível iniciativa da coca-cola e de outros setores de bebidas e alimentos de usar açúcar de cana em vez de xarope de milho como adoçante seria difícil e cara de implementar, além de ser negativa para os agricultores dos estados unidos. o presidente dos estados unidos, donald trump, disse na quarta-feira que a coca-cola […]"
N0050792,2025-07-30 20:34:44,2025-07-30T23:34:44,2025-07-31,CAT2_Mercado_Petroleo,InfoMoney,WP_InfoMoney,"Análise: apesar de Magnitsky contra Moraes, EUA abrem espaço para negociar com Brasil","Pesquisadora destaca adiamento como sinal positivo para negociações entre Brasil e EUA, apesar das sanções ao ministro Alexandre de Moraes, que são “sinalização ao grupo bolsonarista”",https://www.infomoney.com.br/mundo/analise-apesar-de-magnitsky-contra-moraes-eua-abrem-espaco-para-negociar-com-brasil/,pt,"análise: apesar de magnitsky contra moraes, eua abrem espaço para negociar com brasil || pesquisadora destaca adiamento como sinal positivo para negociações entre brasil e eua, apesar das sanções ao ministro alexandre de moraes, que são “sinalização ao grupo bolsonarista”"
N0050974,2025-08-06 19:55:10,2025-08-06T22:55:10,2025-08-07,CAT1_Empresa,MoneyTimes,WP_MoneyTimes,JSL (JSLG3): Lucro despenca 80% no 2º tri; empresa vê possível impacto positivo em carnes após tarifas dos EUA,"A JSL (JSLG3), especializada em logística, teve queda de 80% no lucro líquido do segundo trimestre frente à mesma etapa de 2024, quando a reversão de uma provisão favoreceu o resultado do período, impactando a base de comparação deste ano. A empresa controlada do grupo Simpar apurou lucro líquido de R$ 21,4 milhões de abril […]",https://www.moneytimes.com.br/lucro-da-jsl-despenca-80-no-2o-tri-ve-possivel-impacto-positivo-em-carnes-apos-tarifas-dos-eua-kda/,pt,"jsl (jslg3): lucro despenca 80% no 2º tri; empresa vê possível impacto positivo em carnes após tarifas dos eua || a jsl (jslg3), especializada em logística, teve queda de 80% no lucro líquido do segundo trimestre frente à mesma etapa de 2024, quando a reversão de uma provisão favoreceu o resultado do período, impactando a base de comparação deste ano. a empresa controlada do grupo simpar apurou lucro líquido de r$ 21,4 milhões de abril […]"
N0051037,2025-08-08 17:56:01,2025-08-08T20:56:01,2025-08-11,CAT1_Empresa,InfoMoney,WP_InfoMoney,LREN3: por que as ações da Lojas Renner desabaram 7% mesmo com resultados positivos?,"Investidores embolsam os lucros recentes após queda recente de ações, mas seguem no geral positivos para companhia",https://www.infomoney.com.br/mercados/lren3-por-que-as-acoes-da-lojas-renner-desabam-mesmo-com-resultados-positivos/,pt,"lren3: por que as ações da lojas renner desabaram 7% mesmo com resultados positivos? || investidores embolsam os lucros recentes após queda recente de ações, mas seguem no geral positivos para companhia"
N0051136,2025-08-13 17:25:47,2025-08-13T20:25:47,2025-08-14,CAT2_Mercado_Petroleo,InfoMoney,WP_InfoMoney,LIGT3: ação da Light desaba após 2T frustrante; UBS BB mantém venda e vê queda de 45%,"UBS BB tem preço-alvo de R$ 4 para os ativos, ante R$ 7,30 do fechamento da véspera",https://www.infomoney.com.br/mercados/ligt3-acao-da-light-desaba-apos-2t-frustrante-ubs-bb-mantem-venda-e-ve-queda-de-45/,pt,"ligt3: ação da light desaba após 2t frustrante; ubs bb mantém venda e vê queda de 45% || ubs bb tem preço-alvo de r$ 4 para os ativos, ante r$ 7,30 do fechamento da véspera"
N0051459,2025-08-28 17:56:40,2025-08-28T20:56:40,2025-08-29,CAT1_Empresa,InfoMoney,WP_InfoMoney,Vamos (VAMO3) dispara após Citi elevar recomendação e preço-alvo; veja os motivos,"Analistas dizem que guidance após último balanço mostra expectativas mais ajustadas para o negócio, levando em conta as condições do mercado, e lista três pilares da gestão",https://www.infomoney.com.br/mercados/vamos-vamo3-dispara-apos-citi-elevar-recomendacao-e-preco-alvo-veja-os-motivos/,pt,"vamos (vamo3) dispara após citi elevar recomendação e preço-alvo; veja os motivos || analistas dizem que guidance após último balanço mostra expectativas mais ajustadas para o negócio, levando em conta as condições do mercado, e lista três pilares da gestão"
N0051666,2025-09-09 17:35:49,2025-09-09T20:35:49,2025-09-10,CAT2_Mercado_Petroleo,Exame,WP_Exame,"Na Argentina, volatilidade à vista até a próxima eleição: e os seus investimentos?","Para o Itaú BBA, eleições de 26 de outubro ainda não estão decididas; algumas casas como o Morgan Stanley retiraram recomendação de compra para Argentina",https://exame.com/invest/mercados/na-argentina-volatilidade-a-vista-ate-a-proxima-eleicao-e-os-seus-investimentos/,pt,"na argentina, volatilidade à vista até a próxima eleição: e os seus investimentos? || para o itaú bba, eleições de 26 de outubro ainda não estão decididas; algumas casas como o morgan stanley retiraram recomendação de compra para argentina"
N0052261,2025-10-05 19:29:35,2025-10-05T22:29:35,2025-10-06,CAT3_Geopolitica,Poder360,WP_Poder360,Trump diz que plano de paz para Gaza é “ótimo para todos”,"O presidente dos EUA disse que as negociações entre Israel e Hamas, que começam na 2ª feira (6.out), devem durar “alguns dias”",https://www.poder360.com.br/poder-internacional/trump-diz-que-plano-de-paz-para-gaza-e-otimo-para-todos/,pt,"trump diz que plano de paz para gaza é “ótimo para todos” || o presidente dos eua disse que as negociações entre israel e hamas, que começam na 2ª feira (6.out), devem durar “alguns dias”"
N0052611,2025-10-18 20:00:06,2025-10-18T23:00:06,2025-10-20,CAT3_Geopolitica,Poder360,WP_Poder360,"Liberação miofascial ajuda a controlar dor lombar crônica, diz estudo","Técnica que aplica pressão em tecido que envolve músculos e órgãos mostrou impacto positivo em pessoas com dor crônica, facilitando movimentos do dia a dia",https://www.poder360.com.br/poder-saude/liberacao-miofascial-ajuda-a-controlar-dor-lombar-cronica-diz-estudo/,pt,"liberação miofascial ajuda a controlar dor lombar crônica, diz estudo || técnica que aplica pressão em tecido que envolve músculos e órgãos mostrou impacto positivo em pessoas com dor crônica, facilitando movimentos do dia a dia"
N0052931,2025-10-30 19:15:09,2025-10-30T22:15:09,2025-10-31,CAT1_Empresa,InfoMoney,WP_InfoMoney,Petrobras celebra retirada de artigo de MP que afetava escoamento de gás natural,"Diretora de Transição Energética da estatal destacou impacto positivo para investimentos, mas alerta que aumento do preço de referência do gás pode inviabilizar projetos futuros",https://www.infomoney.com.br/mercados/petrobras-celebra-retirada-de-artigo-de-mp-que-afetava-escoamento-de-gas-natural/,pt,"petrobras celebra retirada de artigo de mp que afetava escoamento de gás natural || diretora de transição energética da estatal destacou impacto positivo para investimentos, mas alerta que aumento do preço de referência do gás pode inviabilizar projetos futuros"
N0053187,2025-11-10 19:07:24,2025-11-10T22:07:24,2025-11-11,CAT5_Sancoes_Navegacao,Exame,WP_Exame,"Petróleo da Margem Equatorial financiará desenvolvimento do Amapá, diz governador","O chefe do executivo reforçou que o estado é referência ambiental por ter a menor taxa de desmatamento do Brasil, além de ser carbono negativo, por gerar maior impacto positivo ao invés de negativo",https://exame.com/brasil/petroleo-financiara-a-infraestrutura-que-nos-falta-diz-governador-do-amapa/,pt,"petróleo da margem equatorial financiará desenvolvimento do amapá, diz governador || o chefe do executivo reforçou que o estado é referência ambiental por ter a menor taxa de desmatamento do brasil, além de ser carbono negativo, por gerar maior impacto positivo ao invés de negativo"
N0053545,2025-11-26 19:00:12,2025-11-26T22:00:12,2025-11-27,CAT7_Macro_Energia,Petronoticias,WP_Petronoticias,A EDP ABRE A POSSILIDADE DE RECEBER PROJETOS DE INCENTIVO À EFICIÊNCIA ENERGÉTICA E DISPÕE R$ 12 MILHÕES PARA ISSO,"A EDP, distribuidora de energia elétrica do Espírito Santo, está com as inscrições abertas para a Chamada Pública de Projetos de Eficiência Energética (CPP). Neste ano, a iniciativa conta com um aporte recorde, de R$ 12,2 milhões, que serão destinados a projetos que gerem impacto positivo para os setores público e privado. Desde 2014, 59 projetos aprovados por meio da Chamada Pública foram finalizados em municípios do Espírito Santo. Com um investimento de R$ 30,4 […]",https://petronoticias.com.br/a-edp-abre-a-possilidade-de-receber-projetos-de-incentivo-a-eficiencia-energetica-e-dispoe-r-12-milhoes-para-isso/,pt,"a edp abre a possilidade de receber projetos de incentivo à eficiência energética e dispõe r$ 12 milhões para isso || a edp, distribuidora de energia elétrica do espírito santo, está com as inscrições abertas para a chamada pública de projetos de eficiência energética (cpp). neste ano, a iniciativa conta com um aporte recorde, de r$ 12,2 milhões, que serão destinados a projetos que gerem impacto positivo para os setores público e privado. desde 2014, 59 projetos aprovados por meio da chamada pública foram finalizados em municípios do espírito santo. com um investimento de r$ 30,4 […]"
N0053895,2025-12-12 23:02:22,2025-12-13T02:02:22,2025-12-15,CAT6_Governanca,InfoMoney,WP_InfoMoney,“É bom para você?”: Lula diz que foi consultado por Trump sobre retirada da Magnitsky,"Em evento com ministro do Supremo, Tarcísio e outras autoridades, presidente comemorou retirada de sanções dos EUA nesta sexta-feira",https://www.infomoney.com.br/politica/e-bom-para-voce-lula-diz-que-foi-consultado-por-trump-sobre-retirada-da-magnitsky/,pt,"“é bom para você?”: lula diz que foi consultado por trump sobre retirada da magnitsky || em evento com ministro do supremo, tarcísio e outras autoridades, presidente comemorou retirada de sanções dos eua nesta sexta-feira"
N0054159,2025-12-25 17:54:31,2025-12-25T20:54:31,2025-12-26,CAT2_Mercado_Petroleo,MoneyTimes,WP_MoneyTimes,"3 surpresas que podem impactar os mercados em 2026, segundo o Morgan Stanley","Apesar da expectativa majoritária de mais um ano positivo para as ações, estrategistas do Morgan Stanley alertam que 2026 pode reservar surpresas capazes de alterar o rumo dos mercados. O banco estima que o S&P 500 avance cerca de 13% no próximo ano, impulsionado por resultados corporativos sólidos e por uma “recuperação gradual” da economia dos Estados Unidos. […]",https://www.moneytimes.com.br/3-surpresas-que-podem-mexer-com-os-mercados-em-2026-segundo-o-morgan-stanley-igdl/,pt,"3 surpresas que podem impactar os mercados em 2026, segundo o morgan stanley || apesar da expectativa majoritária de mais um ano positivo para as ações, estrategistas do morgan stanley alertam que 2026 pode reservar surpresas capazes de alterar o rumo dos mercados. o banco estima que o s&p 500 avance cerca de 13% no próximo ano, impulsionado por resultados corporativos sólidos e por uma “recuperação gradual” da economia dos estados unidos. […]"
