Data_Publicacao,Portal,Casa,Noticia,Resumo,Rotulo_Especialista,Evidencia,Sentimento_Rotulo,Sentimento_Indice,Acertou,URL
2018-01-29,MoneyTimes,credit suisse,Credit Suisse eleva preço-alvo para Petrobras,"O Credit Suisse reiterou a recomendação de desempenho acima da média (outperform) para os papéis da Petrobras (PETR3; PETR4) e elevou o preço-alvo para as ADRs de US$12,40 para US$ 15, mostra um relatório enviado a clientes nesta segunda-feira. Gostou desta notícia? Receba nosso conteúdo gratuito “Apesar da impressionante disparada até agora (preços de ações […]",Positive,eleva preço-alvo,Positive,0.7575230002403259,True,https://www.moneytimes.com.br/credit-suisse-eleva-preco-alvo-para-petrobras/
2018-02-01,InfoMoney,bb investimentos,BB Investimentos recomenda Petrobras e outras 9 ações para comprar em fevereiro,A opção foi por modificar praticamente toda a seleção de investimentos,Positive,para compra,Neutral,0.0,False,https://www.infomoney.com.br/onde-investir/bb-investimentos-recomenda-petrobras-e-outras-9-acoes-para-comprar-em-fevereiro/
2018-02-26,InfoMoney,xp,"Petrobras, Klabin e outras 3 ações para comprar esta semana, segundo a XP","Carteira superou o Ibovespa na semana e apresentou ganhos de 3,44%",Positive,para compra,Neutral,0.0,False,https://www.infomoney.com.br/onde-investir/petrobras-klabin-e-outras-3-acoes-para-comprar-esta-semana-segundo-a-xp/
2018-03-11,MoneyTimes,santander,Petrobras ainda perde batalha para combustível importado,"Apesar da nova política de preços implementada pela Petrobras (PETR3; PETR4) em junho do ano passado, com o objetivo de enfrentar a concorrência externa, as importações de combustíveis continuam acima do esperado, conforme revelam os últimos dados publicados. Gostou desta notícia? Receba nosso conteúdo gratuito Segundo uma análise do Santander, com base no publicado pela […]",Positive,acima do esperado,Negative,-0.8286212682723999,False,https://www.moneytimes.com.br/petrobras-ainda-perde-batalha-para-combustivel-importado/
2018-03-12,MoneyTimes,credit suisse,Credit Suisse tem aposta “acima da média” para BR Distribuidora; ação sobe,"O Credit Suisse iniciou cobertura da ação da BR Distribuidora (BRDT3) com recomendação outperform (expectativa de desempenho acima da média do mercado) e estimando preço-alvo em 12 meses de R$ 27, segundo relatório assinado por Regis Cardoso. Gostou desta notícia? Receba nosso conteúdo gratuito Quem compra hoje o papel da subsidiária da Petrobras no segmento […]",Positive,outperform,Positive,0.640083372592926,True,https://www.moneytimes.com.br/credit-suisse-tem-aposta-acima-da-media-para-br-distribuidora-acao-sobe/
2018-03-19,MoneyTimes,xp,XP atualiza Top Picks semanal com Metal Leve e BB no lugar de Petrobras e Bradesco,"Investing.com – A XP Investimentos divulgou nesta segunda-feira, no site da Infomoney, a carteira semanal de Top Picks elaborada pelo analista técnico Gilberto Coelho. Destaque para a inclusão de Mahle Metal Leve (SA:LEVE3) e Banco do Brasil (SA:BBAS3), com a saída de Petrobras (SA:PETR4) e Bradesco (SA:BBDC4) do portfólio. Agora, a Top Picks da XPI […]",Positive,top pick,Neutral,0.0,False,https://www.moneytimes.com.br/xp-atualiza-top-picks-semanal-com-metal-leve-e-bb-no-lugar-de-petrobras-e-bradesco/
2018-03-28,InfoMoney,itaú bba,Petrobras segue top pick do Itaú BBA; balanços de Sabesp e Marfrig e mais destaques do mercado,Confira os destaques do noticiário corporativo desta quarta-feira (28),Positive,top pick,Neutral,0.0,False,https://www.infomoney.com.br/mercados/petrobras-segue-top-pick-do-itau-bba-balancos-de-sabesp-e-marfrig-e-mais-destaques-do-mercado/
2018-04-09,Exame,moody's,"Moody's eleva rating da Petrobras, com perspectiva estável","Medida foi reflexo da decisão da agência, que horas antes havia anunciado a melhora da perspectiva do rating soberano do Brasil, de negativa para estável",Positive,eleva rating,Positive,0.8185930848121643,True,https://exame.com/economia/moodys-eleva-rating-da-petrobras-com-perspectiva-estavel/
2018-04-09,InfoMoney,analista,Analista recomenda compra de blue chip e estrutura de opções com Petrobras para esta semana,"Visão Técnica recebeu o analista técnico da Rico Investimentos, Jeferson Silva, mais conhecido como Jota Trader",Positive,recomenda compra,Neutral,0.0,False,https://www.infomoney.com.br/mercados/analista-recomenda-compra-de-blue-chip-e-estrutura-de-opcoes-com-petrobras-para-esta-semana/
2018-04-16,InfoMoney,xp,"Petrobras, Usiminas e outras 3 ações para comprar esta semana, segundo a XP",Giba optou por incluir dois novos ativos na seleção de investimentos para a semana,Positive,para compra,Neutral,0.0,False,https://www.infomoney.com.br/onde-investir/petrobras-usiminas-e-outras-3-acoes-para-comprar-esta-semana-segundo-a-xp/
2018-05-01,InfoMoney,s&p,Índice de ADRs brasileiro recua 1% pressionado por Petrobras; Itaú “de lado” à espera pelo resultado,Dow Jones e S&P 500 caem diante da alta dos Treasuries; atividade industrial nos EUA decepciona,Negative,decepcion,Negative,-0.8325393199920654,True,https://www.infomoney.com.br/mercados/indice-de-adrs-brasileiro-recua-1-pressionado-por-petrobras-itau-de-lado-a-espera-pelo-resultado/
2018-05-03,InfoMoney,fitch,Petrobras deve vender ações da Braskem na bolsa; Fitch eleva rating da Usiminas e mais notícias no radar,Confira os principais destaques do noticiário corporativo da noite desta quinta-feira (3),Positive,eleva rating,Neutral,0.0,False,https://www.infomoney.com.br/mercados/petrobras-deve-vender-acoes-da-braskem-na-bolsa-fitch-eleva-rating-da-usiminas-e-mais-noticias-no-radar/
2018-05-08,InfoMoney,santander,Santander Corretora recomenda Petrobras e outras 8 ações para comprar em maio,Equipe de análise optou por incluir um novo ativo na seleção de investimentos,Positive,para compra,Neutral,0.0,False,https://www.infomoney.com.br/onde-investir/santander-corretora-recomenda-petrobras-e-outras-8-acoes-para-comprar-em-maio/
2018-05-28,InfoMoney,analista,Por que o melhor analista do Brasil recomendou comprar as ações da Petrobras?,"Giba, que afirma que depois de ciclos de queda as ações tendem a apresentar forte recuperação, vê correção da Petrobras em 50%",Positive,recomendou compra,Neutral,0.0,False,https://www.infomoney.com.br/onde-investir/por-que-o-melhor-analista-do-brasil-recomendou-comprar-as-acoes-da-petrobras/
2018-05-28,InfoMoney,xp,XP muda toda seleção de investimentos e recomenda compra de Petrobras para esta semana,"A Carteira Top Picks, elaborada pelo analista Giba, é divulgada toda segunda-feira",Positive,recomenda compra,Neutral,0.0,False,https://www.infomoney.com.br/onde-investir/xp-muda-toda-selecao-de-investimentos-e-recomenda-compra-de-petrobras-para-esta-semana/
2018-05-30,MoneyTimes,btg,"Ação da Petrobras está atraente neste nível, diz BTG Pactual","Segundo o BTG Pactual, com a queda de 25% desde o início da greve e 16% no mês, as ações da Petrobras (PETR4) parecem interessantes. “E enquanto a empresa está absorvendo parte dos custos para acabar com a greve, o governo é o que está à frente da maior parte dela, com o objetivo de […]",Positive,está atraent,Positive,0.7075693011283875,True,https://www.moneytimes.com.br/acao-da-petrobras-esta-atraente-neste-nivel-diz-btg-pactual/
2018-06-01,MoneyTimes,guide,Guide Investimentos retira Petrobras de carteira para junho,"A Guide Investimentos deixou de recomendar as ações da Petrobras (PETR4) em sua carteira para junho, revela um relatório enviado a clientes. A equipe de análise também retirou os papéis da Equatorial (EQTL3), Marcopolo (POMO4) e Usiminas (USIM5). As estreantes são Braskem (BRKM5), IRB (IRBR3), Tupy (TUPY3) e Telefônica (VIVT4). “Optamos por retirar os papéis […]",Negative,deixou de recomendar,Negative,-0.8186923265457153,True,https://www.moneytimes.com.br/guide-investimentos-retira-petrobras-de-carteira-para-junho/
2018-06-01,MoneyTimes,credit suisse,"Petrobras: Saída de Parente é muito negativa, avalia Credit Suisse","Para o Credit Suisse, a demissão de Pedro Parente do cargo de CEO da Petrobras (PETR4) é “muito negativa”, mostra um relatório enviado a clientes nesta sexta-feira (1) e assinado por Regis Cardoso. “Muito negativo. Pedro Parente mencionou em confissões recentes que partiria caso o governo interferisse na administração da empresa, particularmente na política de […]",Negative,é muito negativ,Negative,-0.8171816468238831,True,https://www.moneytimes.com.br/petrobras-saida-de-parente-e-muito-negativa-avalia-credit-suisse/
2018-06-01,Exame,fitch,Fitch: possível aumento de interferência política na Petrobras é negativo,"Agência afirma que demissão de Parente é negativo para o crédito da companhia, pois poderia tirar dos trilhos suas metas de desalavancagem",Negative,é negativ,Negative,-0.8427046537399292,True,https://exame.com/negocios/fitch-possivel-aumento-de-interferencia-politica-na-petrobras-e-negativo/
2018-06-04,InfoMoney,xp,XP reformula carteira após perdas em Petrobras e recomenda 5 ações para comprar nesta semana,"Com relação à abertura desta segunda-feira (4), os papéis de Petrobras caíram 9,95% na última semana",Positive,para compra,Neutral,0.0,False,https://www.infomoney.com.br/onde-investir/xp-reformula-carteira-apos-perdas-em-petrobras-e-recomenda-5-acoes-para-comprar-nesta-semana/
2018-06-04,MoneyTimes,itaú bba,"O show da Petrobras vai continuar, avalia Itaú BBA","Em um relatório enviado a clientes nesta segunda-feira, com o nome de “O show deve continuar”, o Itaú BBA reforça a sua visão positiva sobre as ações da Petrobras (PETR4). O preço justo de R$ 27 para o final de 2018 e a recomendação Market Perform (desempenho em linha com a média do mercado), que […]",Positive,são positiv,Neutral,0.0,False,https://www.moneytimes.com.br/o-show-da-petrobras-vai-continuar-avalia-itau-bba/
2018-06-06,InfoMoney,santander,Santander Corretora tira Petrobras da carteira e recomenda 8 ações para comprar neste mês,"Na última semana, as ações de PETR3 afundaram 18,02%",Positive,para compra,Negative,-0.7643041014671326,False,https://www.infomoney.com.br/onde-investir/santander-corretora-tira-petrobras-da-carteira-e-recomenda-8-acoes-para-comprar-neste-mes/
2018-07-17,MoneyTimes,analistas,Benndorf atualiza carteira de julho recomendando compra de Klabin e Linx,"Por Investing.com – A Benndorf Research atualizou sua carteira recomenda de ações para julho substituindo os ativos de Petrobras (PETR4) e Embraer (EMBR3) por Linx (LINX3) e Klabin (KLBN11), após atingirem o stop de valorização estipulado pelos analistas da consultoria. O relatório assinado por Victor Benndorf Silva justifica a venda de Embraer para a realização […]",Positive,recomendando compra,Neutral,0.0,False,https://www.moneytimes.com.br/benndorf-atualiza-carteira-de-julho-recomendando-compra-de-klabin-e-linx/
2018-08-01,MoneyTimes,guide,"Guide atualiza carteira de agosto apostando em Gerdau, Petrobras e Cemig","Por Investing.com – A Guide Investimentos anunciou nesta quarta-feira três trocas em sua carteira recomendada de ações para o mês de agosto, passando a apostar em Gerdau (GGBR4), Petrobras (PETR4) e Cemig (CMIG4), com a saídas de Embraer (EMBR3), Lojas Renner (LREN3) e Braskem (BRKM5). A corretora destaca que julho foi positivo para os ativos […]",Positive,foi positiv,Positive,0.5744501352310181,True,https://www.moneytimes.com.br/guide-atualiza-carteira-de-agosto-apostando-em-gerdau-petrobras-e-cemig/
2018-08-03,InfoMoney,analistas,"Petrobras lucra R$ 10,07 bilhões no 2º tri de 2018, alta de 3.087% e acima do esperado pelo mercado","A expectativa de lucro líquido, segundo analistas consultados pela Bloomberg, é de R$ 6,92 bilhões",Positive,acima do esperado,Positive,0.7169636487960815,True,https://www.infomoney.com.br/negocios/petrobras-lucra-r-1007-bilhoes-no-2o-tri-de-2018-alta-de-3-087-e-acima-do-esperado-pelo-mercado/
2018-08-03,MoneyTimes,xp,XP mantém recomendação neutra e preço-alvo em R$ 20 para Petrobras,"Por Investing.com – Destaque na bolsa paulista nesta sexta-feira, as ações da Petrobras (PETR4) operam com ganhos de 3,97% a R$ 21,24, pesando positivamente para o resultado parcial do principal índice da bolsa paulista. Para a XP Investimentos, os números da estatal foram positivos, atendendo as expectativas do mercado. Apesar disso, o resultado foi melhor do que […]",Positive,foram positiv,Positive,0.638945460319519,True,https://www.moneytimes.com.br/xp-mantem-recomendacao-neutra-e-preco-alvo-em-r-20-para-petrobras/
2018-08-03,MoneyTimes,analistas,Petrobras sobe mais de 4% com balanço melhor do que o esperado pelo mercado,"Por Investing.com – No começo da manhã desta sexta-feira na bolsa paulista, as ações da Petrobras (PETR4) lideravam os ganhos do Ibovespa avançando 4,07% a R$ 21,22. A companhia divulgou mais cedo o resultado do segundo trimestre do ano, que ficou acima do esperado pelos analistas. A Coinvalores destaca que além do melhor desempenho operacional, que já […]",Positive,acima do esperado,Positive,0.5901125073432922,True,https://www.moneytimes.com.br/petrobras-sobe-mais-de-4-com-balanco-melhor-do-que-o-esperado-pelo-mercado/
2018-08-03,InfoMoney,xp investimentos,Marco Saravalle analisa o desempenho positivo da Petrobras,Especialista da XP Investimentos falou ainda sobre a Bolsa e como identificar ações baratas para comprar,Positive,para compra,Positive,0.7043138742446899,True,https://www.infomoney.com.br/mercados/marco-saravalle-analisa-o-desempenho-positivo-da-petrobras/
2018-08-16,MoneyTimes,xp,XP mantém recomendação neutra para Petrobras diante de incertezas eleitorais,"Por Investing.com – Faltando pouco mais de 50 dias para as eleições, a XP Investimentos revisou a tese de investimentos para as ações preferenciais da Petrobras (PETR4), levando consideração os impactos para o ativo nos diferentes cenários diferentes para a política de preços de combustíveis da companhia a partir de 2019. A corretora decidiu pela […]",Neutral,recomendação neutr,Positive,0.3982401490211487,False,https://www.moneytimes.com.br/xp-mantem-recomendacao-neutra-para-petrobras-diante-de-incertezas-eleitorais/
2018-08-16,InfoMoney,xp,"XP eleva preço-alvo para ações de Petrobras, mas não recomenda compra; entenda",Cenário incerto no pós-eleição pode gerar impactos para os papéis da companhia,Positive,eleva preço-alvo,Neutral,0.0,False,https://www.infomoney.com.br/onde-investir/xp-eleva-preco-alvo-para-acoes-de-petrobras-mas-nao-recomenda-compra-entenda/
2018-08-27,InfoMoney,xp,"Petrobras, Gerdau e outras 3 ações para comprar nesta semana, segundo a XP",Giba optou por realizar apenas uma substituição na seleção de investimentos para esta semana,Positive,para compra,Neutral,0.0,False,https://www.infomoney.com.br/onde-investir/petrobras-gerdau-e-outras-3-acoes-para-comprar-nesta-semana-segundo-a-xp/
2018-09-13,MoneyTimes,corretora,Planner corta estimativas para ação da Petrobras,"A Planner Corretora cortou o preço justo para as ações da Petrobras (PETR4) de R$ 25,50 para R$ 24,50 por ação, mantendo a recomendação de compra, mostra um relatório enviado a clientes nesta quinta-feira (13). O analista Luiz Francisco Caetano destaca que a empresa tem sofrido com a redução da produção e das vendas, mas mesmo assim […]",Positive,recomendação de compra,Negative,-0.7004148960113525,False,https://www.moneytimes.com.br/planner-corta-estimativas-para-acao-da-petrobras/
2018-09-24,MoneyTimes,credit suisse,BR Properties: Credit Suisse corta recomendação e preço-alvo,"O Credit Suisse cortou a recomendação para as ações da BR Properties (BRPR3) de neutra para underperform (desempenho abaixo da média do mercado) e reduziu o preço-alvo de R$ 11,50 para R$ 7,50, o que implica em um potencial de desvalorização de aproximadamente 12% na comparação com o fechamento de sexta-feira (24). A Petrobras (PETR4) […]",Negative,corta recomendação,Negative,-0.8046708106994629,True,https://www.moneytimes.com.br/br-properties-credit-suisse-corta-recomendacao-e-preco-alvo/
2018-10-08,InfoMoney,bradesco bbi,Bradesco BBI recomenda compra para Petrobras após eleição e vê alta de 67%,Equipe de análise estima um preço-alvo de R$ 40 para os papéis da companhia,Positive,recomenda compra,Neutral,0.0,False,https://www.infomoney.com.br/onde-investir/bradesco-bbi-recomenda-compra-para-petrobras-apos-eleicao-e-ve-alta-de-67/
2018-10-28,Exame,xp investimentos,XP Investimentos eleva recomendação de Petrobras para 'compra',A percepção de menor intervenção do governo na estatal tem como base afirmações do presidente eleito de que manteria repasses de preços,Positive,eleva recomendação,Positive,0.5408889651298523,True,https://exame.com/invest/mercados/xp-investimentos-eleva-recomendacao-de-petrobras-para-compra/
2018-10-29,MoneyTimes,xp,Petrobras: XP recomenda compra e eleva preço-alvo,"Por Arena do Pavini – Com a eleição de Jair Bolsonaro para a Presidência da República, os analistas do mercado devem rever suas estratégicas para a bolsa de valores. A corretora XP Investimentos divulgou hoje mesmo, logo após o resultado da eleição, a recomendação de compra para as ações da Petrobras e o aumento do preço-alvo dos papéis. A ação preferencial (PETR4) de […]",Positive,eleva preço-alvo,Neutral,0.0,False,https://www.moneytimes.com.br/petrobras-xp-recomenda-compra-e-eleva-preco-alvo/
2018-10-29,InfoMoney,xp,XP eleva preço-alvo de Petrobras e BB após vitória de Bolsonaro,"O preço-alvo das ações ordinárias da Petrobras (PETR3) passou de R$ 27 para R$ 32, enquanto nas preferenciais (PETR4) o alvo foi de R$ 28 para R$ 33; no BB (BBAS3) o preço-alvo foi de R$ 41,00 para R$ 51,00",Positive,eleva preço-alvo,Positive,0.5873589515686035,True,https://www.infomoney.com.br/onde-investir/xp-eleva-preco-alvo-de-petrobras-e-bb-apos-vitoria-de-bolsonaro/
2018-11-06,InfoMoney,xp,"Petrobras teve resultado decepcionante, mas este ainda não é o verdadeiro potencial da estatal, diz XP","Conforme destaca a XP Research, há espaço para as ações reduzirem o nível de desconto que negociam em relação às petroleiras globais e a recomendação segue de compra para os ativos",Negative,decepcion,Negative,-0.8037335276603699,True,https://www.infomoney.com.br/negocios/petrobras-teve-resultado-decepcionante-mas-este-ainda-nao-e-o-verdadeiro-potencial-da-estatal-diz-xp/
2018-11-07,InfoMoney,analistas,As 17 ações preferidas dos analistas para comprar em novembro,"A queridinha deste mês é Petrobras, com 10 recomendações",Positive,para compra,Neutral,0.0,False,https://www.infomoney.com.br/onde-investir/as-17-acoes-preferidas-dos-analistas-para-comprar-em-novembro/
2018-11-12,MoneyTimes,guide,Guide atualiza carteira semanal com Braskem e Petrobras no lugar de B3 e Vale,"Por Investing.com – A Guide Investimentos divulgou nesta segunda-feira a atualização da carteira semanal, trocando as ações B3 e da Vale (VALE3) pelas da Braskem (BRKM5) e Petrobras (PETR4). Na semana passada, o rendimento foi negativo de 4,24%, ficando acima dos -4,42% do Ibovespa. No acumulado do ano, o portfólio soma 10,45%, ante 12,09% do principal […]",Negative,foi negativ,Neutral,0.0,False,https://www.moneytimes.com.br/guide-atualiza-carteira-semanal-com-braskem-e-petrobras-no-lugar-de-b3-e-vale/
2018-11-26,InfoMoney,itaú bba,"Petrobras elevada a ‘outperform’ pelo Itaú BBA, Braskem aprova financiamento de US$ 295 milhões e mais notícias",Confira os destaques corporativos desta segunda-feira (26),Positive,outperform,Positive,0.4830723404884338,True,https://www.infomoney.com.br/mercados/petrobras-elevada-a-outperform-pelo-itau-bba-braskem-aprova-financiamento-de-us-295-milhoes-e-mais-noticias/
2018-11-28,MoneyTimes,itaú bba,Petrobras: Cessão onerosa deve compensar queda do petróleo,"A equipe de análise do Itaú BBA atualizou a tese de investimento na Petrobras (PETR4) com a recomendação alterada de market perform (desempenho em média com o mercado) para outperform (desempenho acima da média do mercado), com preço-alvo de R$ 32 para o final de 2019. O valor corresponde a um potencial de valorização de aproximadamente […]",Positive,outperform,Negative,-0.7720041871070862,False,https://www.moneytimes.com.br/petrobras-cessao-onerosa-deve-compensar-queda-do-petroleo/
2018-12-12,MoneyTimes,itaú bba,"Itaú BBA: mesmo com petróleo a US$ 60, Petrobras é atraente","O Itaú BBA divulgou em relatório nesta quarta-feira (12) atualização de suas estimativas para as ações da Petrobras (PETR4), com elevação no preço-alvo das ações para o fim de 2019, de R$ 27,00 para R$ 32,00, com recomendação outperform (desempenho acima da média do mercado). De acordo com o analista Guilherme Reif, o otimismo em […]",Positive,outperform,Neutral,0.0,False,https://www.moneytimes.com.br/itau-bba-mesmo-com-petroleo-a-us-60-petrobras-e-atraente/
2019-01-06,MoneyTimes,analistas,Conheça a Top Pick de 21 analistas para janeiro,"A Petrobras (PETR4) foi mais uma vez a escolhida como a predileta do mercado financeiro brasileiro. O levantamento do Money Times com 21 bancos e corretoras, o maior do Brasil, mostra que 16 indicam a estatal de petróleo para janeiro. É o dobro do segundo lugar, que poderá se conhecido com a publicação da Carteira […]",Positive,top pick,Neutral,0.0,False,https://www.moneytimes.com.br/conheca-a-top-pick-de-21-analistas-para-janeiro/
2019-01-08,MoneyTimes,bradesco bbi,"Bradesco BBI: US$ 14 bi da Cessão Onerosa elevaria preço-alvo da Petrobras em R$ 2,15","Segundo cálculos da equipe do Bradesco BBI, um possível pagamento da União à Petrobras (PETR4) de US$ 14 bilhões, que cedeu para a estatal o direito de explorar seis grandes blocos de petróleo na camada do pré-sal, pode resultar em um aumento de R$ 2,15 no preço-alvo das ações. O valor atual é estipulado em R$ […]",Positive,elevaria preço-alvo,Neutral,0.0,False,https://www.moneytimes.com.br/bradesco-bbi-us-14-bi-da-cessao-onerosa-elevaria-preco-alvo-da-petrobras-em-r-215/
2019-01-11,MoneyTimes,itaú bba,Petrobras: Itaú BBA reforça recomendação de compra,"O analista do Itaú BBA André Hachem fez uma análise do discurso inaugural do novo CEO da Petrobras (PETR4), Roberto Castello Branco e das mudanças na alta gestão da companhia, mostra um relatório enviado a clientes. Ele manteve a recomendação outperform para a companhia (desempenho acima da média do mercado), com preço-alvo de R$ 32 por ação para […]",Positive,recomendação de compra,Positive,0.5620321035385132,True,https://www.moneytimes.com.br/petrobras-itau-bba-reforca-recomendacao-de-compra/
2019-01-16,MoneyTimes,corretora,"Por alta na demanda, Planner recomenda compra às ações da BR Distribuidora","A corretora Planner divulgou nesta quarta-feira (16) análise de investimentos, listando recomendação de compra para as ações da Petrobras Distribuidora (BRDT3), com preço justo de R$ 30,50 por ação. “A Petrobras Distribuidora tem um diferencial considerável de rentabilidade com suas concorrentes e vemos isso como oportunidade para o crescimento dos lucros, dado que a empresa […]",Positive,recomendação de compra,Neutral,0.0,False,https://www.moneytimes.com.br/por-alta-na-demanda-planner-recomenda-compra-as-acoes-da-br-distribuidora/
2019-01-21,MoneyTimes,xp,XP aposta em Petrobras e Gol na carteira Top Picks desta semana,A XP Investimentos publicou nesta segunda-feira (21) sua carteira Top Picks para esta semana. A corretora optou por trocar as ações das empresas Bradespar (BRAP4) e JBS (JBSS3) pelos papéis da Petrobras (PETR4) e da Gol (GOLL4). + Veja aqui quais são as pequenas gigantes da Bolsa que podem te ajudar a transformar centavos em […],Positive,top pick,Neutral,0.0,False,https://www.moneytimes.com.br/xp-aposta-em-petrobras-e-gol-na-carteira-top-picks-desta-semana/
2019-01-28,InfoMoney,xp,"Embraer, Petrobras e mais 3 ações para comprar nesta semana, segundo a XP","A carteira Top Picks é formada por cinco ativos, cada um com peso igual de 20%",Positive,para compra,Neutral,0.0,False,https://www.infomoney.com.br/onde-investir/embraer-petrobras-e-mais-3-acoes-para-comprar-nesta-semana-segundo-a-xp/
2019-02-18,MoneyTimes,xp,XP troca quatro das cinco ações em carteira Top Picks desta semana,"A XP Investimentos optou por manter apenas a Petrobras (PETR4) em sua carteira semanal, divulgada nesta segunda-feira (18). Com isso, as ações da Vale (VALE3), Kroton (KROT3), Engie (EGIE3) e CCR (CCRO3) pelos papéis da Randon (RAPT4), Sabesp (SBSP3), BB Seguridade (BBSE3) e JBS (JBSS3). Como faço para investir meu dinheiro? Seu amigo acha que […]",Positive,top pick,Neutral,0.0,False,https://www.moneytimes.com.br/xp-troca-quatro-das-cinco-acoes-em-carteira-top-picks-desta-semana/
2019-02-27,MoneyTimes,xp,"Resultado da Petrobras mostra que o melhor ainda está por vir, diz XP","A XP Investimentos avalia que o resultado do quarto trimestre de 2018 da Petrobras (PETR3; PETR4) foi positivo, mas alerta que o melhor ainda está por vir, mostra um relatório enviado a clientes nesta quarta-feira (27). A recomendação de compra foi reiterada, com preço-alvo de R$ 31 para preferencial e R$ 30 para ordinária. 6 passos para […]",Positive,foi positiv,Neutral,0.0,False,https://www.moneytimes.com.br/resultado-da-petrobras-mostra-que-o-melhor-ainda-esta-por-vir-diz-xp/
2019-03-14,MoneyTimes,hsbc,"Ação da Petrobras agora é compra, decreta HSBC","A equipe de análise do HSBC Global Research elevou a recomendação para as ações da Petrobras (PETR4) para compra, mostra um relatório enviado a clientes nesta quinta-feira (14) e assinado por Lilyanna Yang. O preço-alvo foi elevado de R$ 28 para R$ 32. O valor corresponde a um potencial de valorização de aproximadamente 14%.",Positive,elevou a recomendação,Neutral,0.0,False,https://www.moneytimes.com.br/acao-da-petrobras-agora-e-compra-decreta-hsbc/
2019-04-03,MoneyTimes,btg,"Enfim, chegou a hora e a vez da Nova Petrobras brilhar na bolsa","A história não contada de crescimento, em quantidade de ativos. Este é a matriz da análise do BTG Pactual para a Petrobras (PETR3; PETR4), em relatório de início de cobertura das ações da estatal, com recomendação de compra e preço-alvo de US$ 20,00 para os ADRs (American Depositary Receipts, ativos da estatal listados em Nova York), upside (potencial […]",Positive,recomendação de compra,Neutral,0.0,False,https://www.moneytimes.com.br/enfim-chegou-a-hora-e-a-vez-da-nova-petrobras-brilhar-na-bolsa/
2019-04-08,MoneyTimes,credit suisse,Última chamada para entrar no voo das ações da Petrobras; Credit Suisse eleva recomendação,"Em um relatório intitulado “Última chamada para o voo do momentum”, o Credit Suisse elevou a recomendação para os papeis da Petrobras (PETR3; PETR4) de neutra para compra. O analista Regis Cardoso também revisou o preço-alvo para os ativos negociados em Nova York de US$ 15 para US$ 21. O valor sugere um potencial de valorização […]",Positive,eleva recomendação,Neutral,0.0,False,https://www.moneytimes.com.br/ultima-chamada-para-entrar-no-voo-das-acoes-da-petrobras-credit-suisse-eleva-recomendacao/
2019-04-08,MoneyTimes,btg,Petrobras: BTG alerta para ponto de entrada nas ações,"O BTG Pactual alerta os investidores para um bom ponto de entrada nas ações da Petrobras (PETR3; PETR4), mostra um relatório enviado a clientes nesta segunda-feira (8). Os analistas Thiago Duarte e Pedro Soares avaliam que a venda da TAG, concretizada na sexta-feira (5) representa outro passo positivo na caminhada da empresa para um perfil mais racional. Última […]",Positive,bom ponto de entrada,Negative,-0.4320581257343292,False,https://www.moneytimes.com.br/petrobras-btg-alerta-para-ponto-de-entrada-nas-acoes/
2019-04-08,MoneyTimes,corretora,Necton divulga recomendações para carteira semanal,"A Necton divulgou a seus clientes nesta segunda-feira (8) as recomendações para a carteira semanal. Desta vez, a corretora optou por apostar nas ações da EDP Brasil (ENBR3), ABC Brasil (ABCB4), Direcional Engenharia (DIRR3), SulAmérica (SULA11) e Qualicorp (QUAL3). Última chamada para entrar no voo das ações da Petrobras; Credit Suisse eleva recomendação >> Invista […]",Positive,eleva recomendação,Neutral,0.0,False,https://www.moneytimes.com.br/necton-divulga-recomendacoes-para-carteira-semanal/
2019-04-08,MoneyTimes,guide,Guide aposta em ações da Petrobras e Sabesp para esta semana,"A Guide Investimentos optou por trocar Bradesco (BBDC4) e Taesa (TAEE11) por Petrobras (PETR4) por Sabesp (SBSP3) na nova composição de sua carteira recomendada semanal, divulgada nesta segunda-feira (8). Última chamada para entrar no voo das ações da Petrobras; Credit Suisse eleva recomendação > Invista em Imóveis de Maneira Inteligente e Seja Dono dos Maiores […]",Positive,eleva recomendação,Neutral,0.0,False,https://www.moneytimes.com.br/guide-aposta-em-acoes-da-petrobras-e-sabesp-para-esta-semana/
2019-04-08,MoneyTimes,credit suisse,Dodge pede que Supremo suspenda reintegração em terra indígena no Paraná,"A procuradora-geral da República, Raquel Dodge, pediu ao Supremo Tribunal Federal (STF) que interrompa uma reintegração de posse determinada pela Justiça Federal nas terras dos índios da etnia Kaingang, da Terra Indígena Apucarana, no Paraná PR). Última chamada para entrar no voo das ações da Petrobras; Credit Suisse eleva recomendação > Invista em Imóveis de […]",Positive,eleva recomendação,Negative,-0.8484919667243958,False,https://www.moneytimes.com.br/dodge-pede-que-supremo-suspenda-reintegracao-em-terra-indigena-no-parana/
2019-04-08,MoneyTimes,credit suisse,"Motoristas brasileiros rodam 12,9 mil km no 1º ano de uso do veículo; veja comparação por estado","A média de quilômetros rodados por um veículo em seu primeiro ano de uso é de 12,9 mil no país, segundo o levantamento feito pela KBB Brasil. Ainda de acordo com a pesquisa, a quilometragem diminui, anualmente, aproximadamente 390 km. Última chamada para entrar no voo das ações da Petrobras; Credit Suisse eleva recomendação > […]",Positive,eleva recomendação,Neutral,0.0,False,https://www.moneytimes.com.br/motoristas-brasileiros-rodam-129-mil-km-no-1o-ano-de-uso-do-veiculo-veja-comparacao-por-estado/
2019-04-08,InfoMoney,analistas,Petrobras: venda bilionária da TAG é considerada marco e analistas recomendam compra das ações,Operação corresponde a um terço do plano de desinvestimentos da estatal e deve continuar valendo a pena no longo prazo,Positive,recomendam compra,Neutral,0.0,False,https://www.infomoney.com.br/negocios/petrobras-venda-bilionaria-da-tag-e-considerada-marco-e-analistas-recomendam-compra-das-acoes/
2019-04-08,MoneyTimes,credit suisse,Notre Dame compra Hospital AMIU por R$ 40 milhões,"A Notre Dame Intermédica (GNDI3) anunciou a aquisição da Assistência Médico Pediátrica de Urgência (Hospital AMIU), atuante na Zona Oeste da cidade do Rio de Janeiro/RJ,por R$ 40 milhões, mostra um comunicado enviado ao mercado nesta segunda-feira (8). Última chamada para entrar no voo das ações da Petrobras; Credit Suisse eleva recomendação O valor pago à […]",Positive,eleva recomendação,Positive,0.4165345728397369,True,https://www.moneytimes.com.br/notre-dame-compra-hospital-amiu-por-r-40-milhoes/
2019-04-11,MoneyTimes,itaú bba,Top 5: Itaú BBA elege nova top pick em carteira recomendada,"O Itaú BBA realizou uma nova mudança em sua carteira recomendada Top 5 para a Bolsa brasileira, mostra um relatório enviado a clientes. O time de estratégia retirou as ações da Petrobras (PETR3; PETR4) para colocar os ativos da Kroton (KROT3). A equipe formada por Lucas Tambellini, Fábio Perina, Larissa Nappo e CNPI Guilherme Reif […]",Positive,top pick,Neutral,0.0,False,https://www.moneytimes.com.br/top-5-itau-bba-elege-nova-top-pick-em-carteira-recomendada/
2019-04-12,MoneyTimes,btg,Petrobras: BTG vê “déjà vu” porém mantém recomendação de compra às ações,"“Déjà vu”. Este é o título de relatório de research do BTG Pactual (BPAC11), no qual o banco avalia a postergação da política de reajuste do diesel proferida pela Petrobras (PETR3; PETR4) na noite da última quinta-feira (11). Como declarar investimentos no IR? Baixe agora o nosso guia completo Os analistas Thiago Duarte e Pedro Soares ponderam a dicotomia […]",Positive,recomendação de compra,Neutral,0.0,False,https://www.moneytimes.com.br/petrobras-btg-ve-deja-vu-porem-mantem-recomendacao-de-compra-as-acoes/
2019-04-13,Exame,corretora,Petrobras continua entre as ações preferidas apesar de incertezas,"Suspensão do aumento dos preços do diesel, a pedido de Bolsonaro, não foi suficiente para que corretoras tirem as ações da estatal da lista de Top Picks",Positive,top pick,Neutral,0.0,False,https://exame.com/invest/mercados/petrobras-continua-entre-as-acoes-preferidas-apesar-de-incertezas/
2019-04-17,MoneyTimes,btg,Agora é a hora: Queda fundamenta ponto de entrada para ações da Petrobras,"Diante da reunião realizada no Palácio do Planalto em torno do reajuste de preços do diesel pela Petrobras (PETR3; PETR4), a equipe de análise do BTG Pactual (BPAC11) divulgou relatório nesta quarta-feira (17), reiterando a recomendação de compra para os ADRs negociados na NYSE, com preço-alvo de US$ 20,00 – upside (potencial de valorização) de 46,2%. Como […]",Positive,recomendação de compra,Negative,-0.4729478061199188,False,https://www.moneytimes.com.br/agora-e-a-hora-queda-fundamenta-ponto-de-entrada-para-acoes-da-petrobras/
2019-05-08,MoneyTimes,btg,Petrobras opera com ganhos; BTG mantém otimismo e recomendação de compra,"Por Investing.com Na abertura dos negócios da manhã desta quarta-feira na bolsa paulista, as ações da Petrobras (PETR4) operam com ganhos de 1,78% a R$ 26,82. Na noite de ontem, a estatal informou que seu lucro líquido caiu 42 por cento entre janeiro e março, ante o mesmo período de 2018, para 4,03 bilhões de […]",Positive,recomendação de compra,Positive,0.8238227963447571,True,https://www.moneytimes.com.br/petrobras-opera-com-ganhos-btg-mantem-otimismo-e-recomendacao-de-compra/
2019-05-21,MoneyTimes,safra,"Petrobras: Ação está barata, aponta banco Safra em início de cobertura","As ações da Petrobras estão baratas na comparação com outras grandes empresas internacionais do setor de petróleo, avalia o banco Safra em um relatório de início de cobertura das ações da estatal divulgado a clientes na noite de segunda-feira (21). A recomendação é de outperform (desempenho acima da média do mercado), o mesmo que compra, […]",Positive,outperform,Neutral,0.0,False,https://www.moneytimes.com.br/petrobras-acao-esta-barata-aponta-banco-safra-em-inicio-de-cobertura/
2019-06-10,MoneyTimes,btg,BTG vê ponto de entrada nas ações da Petrobras com recente queda do petróleo,"O BTG Pactual (BPAC11) divulgou na última semana relatório sobre a Petrobras (PETR4) listando recomendação de compra para os ADRs (American Depositary Receipts), com preço-alvo de US$ 20,00 – o que equivale a um upside (potencial de valorização) de 31,4% em relação ao último fechamento. Para os analistas Thiago Duarte, Pedro Soares e Daniel Guardiola, a decisão […]",Positive,recomendação de compra,Negative,-0.7291476130485535,False,https://www.moneytimes.com.br/btg-ve-ponto-de-entrada-nas-acoes-da-petrobras-com-recente-queda-do-petroleo/
2019-07-03,MoneyTimes,bank of america,Bank of America recomenda compra de Petrobras com alvo em US$ 21,"Por Investing.com  Nesta quarta-feira o Bank of America Merrill Lynch divulgou relatório a clientes informando que retomou a cobertura das ADR das Petrobras (PETR4), com preço-alvo em US$ 21,00 e recomendação de compra, o que representa um upside de 38%, levando em consideração o fechamento da sessão de ontem. Nesta quarta-feira, as ações tiveram ganhos […]",Positive,recomendação de compra,Neutral,0.0,False,https://www.moneytimes.com.br/bank-of-america-recomenda-compra-de-petrobras-com-alvo-em-us-21/
2019-07-22,MoneyTimes,ubs,Termina hoje prazo para reservar ações da BR Distribuidora; UBS e Levante recomendam compra,"Por Arena do Pavini Hoje é o último dia do período de reserva para a oferta subsequente de ações (follow-on) da BR Distribuidora (BRTD3). A oferta é secundária, ou seja, de ações que já estão no mercado, e que pertencem à Petrobras. A estatal vai reduzir sua participação de 71,25% para 45,25% na empresa e os recursos […]",Positive,recomendam compra,Neutral,0.0,False,https://www.moneytimes.com.br/termina-hoje-prazo-para-reservar-acoes-da-br-distribuidora-ubs-e-levante-recomendam-compra/
2019-07-26,MoneyTimes,btg,De olho em Petrobras? BTG atualiza estimativas e dispara: “top pick no setor”,"“Pequeno desapontamento, porém o mix continua a tendência de melhora”. A avaliação é do BTG Pactual, em relatório divulgado nesta sexta-feira (26) sobre os dados operacionais da Petrobras (PETR3; PETR4) no segundo trimestre deste ano. De acordo com os analistas Thiago Duarte, Pedro Soares e Daniel Guardiola, o segmento de exploração e produção deverá apresentar resultados melhores […]",Positive,top pick,Neutral,0.0,False,https://www.moneytimes.com.br/de-olho-em-petrobras-btg-atualiza-estimativas-e-dispara-top-pick-no-setor/
2019-08-01,InfoMoney,xp,XP recomenda compra para ações da Petrobras: “papéis baratos e grandes eventos por vir”,"Analista Gabriel Francisco retomou cobertura para os ativos com visão positiva e apontando que grandes avanços estão acontecendo, mas não estão precificados",Positive,são positiv,Neutral,0.0,False,https://www.infomoney.com.br/negocios/xp-recomenda-compra-para-acoes-da-petrobras-papeis-baratos-e-grandes-eventos-por-vir/
2019-08-02,InfoMoney,analistas,"Além do lucro histórico: o que agradou tanto no balanço da Petrobras que fez a ação subir 3,5%","Desalavancagem e fluxo de caixa forte animaram os analistas, com a grande maioria recomendando compra para os ativos da estatal",Positive,recomendando compra,Positive,0.749393105506897,True,https://www.infomoney.com.br/negocios/alem-do-lucro-historico-o-que-agradou-tanto-no-balanco-da-petrobras-que-fez-a-acao-subir-35/
2019-08-13,MoneyTimes,btg,Petrobras: BTG corta preço-alvo para ações,"O BTG Pactual revisou para baixo o preço-alvo das ações da Petrobras (PETR4) para refletir uma média menor para o valor do petróleo em 2020, além de pequenos ajustes após os resultados recentes, mostra um relatório enviado a clientes nesta terça-feira (13). O valor de R$ 32 sugere um potencial de valorização de aproximadamente 25%. […]",Negative,corta preço-alvo,Negative,-0.7877242565155029,True,https://www.moneytimes.com.br/petrobras-btg-corta-preco-alvo-para-acoes/
2019-08-19,MoneyTimes,corretora,Veja as 9 carteiras recomendadas para esta semana,"O Money Times reuniu as 9 atualizações de carteiras recomendadas semanais, divulgadas pelas corretoras nesta segunda-feira (19). Confira abaixo as novas composições: Terra mantém Klabin, Ultrapar, Metalúrgica Gerdau, Petrobras e Bradesco em carteira semanal – Leia mais XP Investimentos revela nova ação em carteira Top Pick – Leia mais Ativa substitui PetroRio e Duratex por Localiza e […]",Positive,top pick,Neutral,0.0,False,https://www.moneytimes.com.br/veja-as-7-carteiras-recomendadas-para-esta-semana-4/
2019-08-27,MoneyTimes,bradesco bbi,"Petrobras: Ações estão baratas e preferimos ordinárias a preferenciais, diz Bradesco","“Estamos atualizando nossas estimativas para a Petrobras (PETR3; PETR4) e rolando nosso preço-alvo para o final de 2020 para R$ 38,00 por ação”. A afirmação permeia relatório do Bradesco BBI para a Petrobras, no qual os analistas Vicente Falanga e Ricardo França listam recomendação de compra para os papeis, por verem o “múltiplo EV/Ebitda (valor de mercado […]",Positive,recomendação de compra,Neutral,0.0,False,https://www.moneytimes.com.br/petrobras-acoes-estao-baratas-e-preferimos-ordinarias-a-preferenciais-diz-bradesco/
2019-08-29,MoneyTimes,credit suisse,"Petrobras: Novos dividendos são positivos, mas vão ficar para 2021, diz Credit Suisse","O Credit Suisse analisa com viés positivo a nova política de dividendos da Petrobras (PETR3; PETR4). “Existem duas importantes mensagens: desalavancagem é a prioridade principal e a compensação aos acionistas será mais transparente no planejamento da estatal”, afirmam os analistas Regis Cardoso e Victor Schmidt. “Acreditamos que o aumento da transparência nos dividendos futuros é positivo por […]",Positive,são positiv,Neutral,0.0,False,https://www.moneytimes.com.br/petrobras-novos-dividendos-sao-positivos-mas-vao-ficar-para-2021-diz-credit-suisse/
2019-09-04,MoneyTimes,itaú bba,Itaú BBA tira Petrobras de carteira Top Pick e escolhe banco,"O Bradesco (BBDC4) é o novo componente da carteira Top 5 do Itaú BBA, revela um relatório enviado a clientes nesta quarta-feira (4). As ações da Petrobras (PETR4) deixaram o portfolio. A saída, explica o documento, se deve por conta de uma restrição. Isso acontece quando a instituição está participando de algum tipo de operação […]",Positive,top pick,Negative,-0.7112594246864319,False,https://www.moneytimes.com.br/itau-bba-tira-petrobras-de-carteira-top-pick-e-escolhe-banco/
2019-09-06,MoneyTimes,btg,BTG Pactual reitera compra das ADRs da Petrobras com preço-alvo em US$ 17,"Por Investing.com O BTG Pactual (BPAC11) reiterou nesta sexta-feira a recomendação de compra para as ADRs da Petrobras (PETR4), reforçando a tese de o papel parece ser o caso de que está barato e não tem a confiança do mercado, o que pode desencadear uma recuperação forte dos preços. As informações constam de relatório enviado […]",Positive,recomendação de compra,Positive,0.5906025767326355,True,https://www.moneytimes.com.br/btg-pactual-reitera-compra-das-adrs-da-petrobras-com-preco-alvo-em-us-1700/
2019-09-23,MoneyTimes,xp,Top Picks: XP troca Ser Educacional e Magazine Luiza por Eletrobras e M. Dias Branco na semana,"A XP Investimentos trocou dois papéis na atualização de sua carteira recomendada semanal, divulgada nesta segunda-feira (23). As ações da Ser Educacional (SEER3) e Magazine Luiza (MGLU3) saíram para dar lugar às da Eletrobras (ELET3) e M. Dias Branco (MDIA3). A ação da Petrobras tem suportes em R$ 38,83 e R$ 37,58, segundo a XP. […]",Positive,top pick,Negative,-0.4641355574131012,False,https://www.moneytimes.com.br/xp-troca-ser-educacional-e-magazine-luiza-por-eletrobras-e-m-dias-branco-na-carteira-top-picks-da-semana/
2019-10-02,InfoMoney,analistas,As ações preferidas dos analistas para comprar em outubro,Levantamento com 12 casas de análise mostra preferência por varejistas e blue chips como Petrobras e Vale,Positive,para compra,Neutral,0.0,False,https://www.infomoney.com.br/onde-investir/as-acoes-preferidas-dos-analistas-para-comprar-em-outubro/
2019-10-11,MoneyTimes,analistas,"Cessão onerosa não vai ser motivo para ações da Petrobras subirem, apontam analistas","A Bradesco Corretora não espera que o leilão da cessão onerosa seja um gatilho para as ações da Petrobras (PETR4). “Acreditamos que os principais direcionadores sejam a oferta do Banco Nacional de Desenvolvimento Econômico e Social (BNDES) e as vendas das refinarias”, avaliam os analistas Vicente Falanga e Ricardo França, que recomendam compra para as […]",Positive,recomendam compra,Negative,-0.5165441632270813,False,https://www.moneytimes.com.br/cessao-onerosa-nao-vai-ser-motivo-para-acoes-da-petrobras-subirem-apontam-analistas/
2019-10-14,MoneyTimes,xp,XP troca 3 papéis na carteira Top Picks da semana,"A XP Investimentos trocou três das cinco ações de sua carteira Top Picks de Análise Técnica da semana. Os papéis da B3 (B3SA3), Eletrobras (ELET3) e Natura (NATU3) saíram para das lugar aos da Petrobras (PETR4), Engie Brasil (EGIE3) e NotreDame Intermédica (GNDI3). Na semana passada, a carteira desvalorizou 2,75% contra o desempenho positivo de […]",Positive,top pick,Neutral,0.0,False,https://www.moneytimes.com.br/xp-troca-3-papeis-na-carteira-top-picks-da-semana/
2019-10-21,MoneyTimes,guide,Guide substitui Duratex e Cyrela por Petrobras e CCR na carteira recomendada da semana,"A Guide Investimentos alterou duas ações de sua carteira recomendada semanal, divulgada nesta segunda-feira (21). Com isso, os papéis da Duratex (DTEX3) e Cyrela (CYRE3) saíram para dar lugar aos da Petrobras (PETR4) e CCR (CCRO3). “Recentemente, o quadro ficou mais positivo para a companhia, em especial após os acordos com o Ministério Público”, comentou […]",Positive,positivo para a companhia,Neutral,0.0,False,https://www.moneytimes.com.br/guide-substitui-duratex-e-cyrela-por-petrobras-e-ccr-na-carteira-recomendada-da-semana/
2019-11-01,InfoMoney,analista,Investidores ganham 300% em 1 semana com opções de Petrobras,"O analista Fernando Góes, da Clear Corretora, enviou as recomendações de compra para os alunos do curso A Grande Tacada",Positive,recomendações de compra,Positive,0.7664869427680969,True,https://www.infomoney.com.br/mercados/investidores-ganham-300-em-1-semana-com-acoes-de-petrobras/
2019-12-03,InfoMoney,analistas,As ações mais recomendadas pelos analistas para comprar em dezembro,"Levantamento com 13 casas de análise mostra preferência por Petrobras e Vale, além de JBS e B3",Positive,para compra,Neutral,0.0,False,https://www.infomoney.com.br/onde-investir/as-acoes-mais-recomendadas-pelos-analistas-para-comprar-em-dezembro/
2020-01-22,MoneyTimes,itaú bba,"Ação da Petrobras tem potencial de 35% em 2020, indica Itaú BBA","As ações da Petrobras (PETR4) têm um potencial de valorização de 35% em 2020, avalia o Itaú BBA em um relatório enviado a clientes nesta quarta-feira (22) em que estabelece uma nova projeção para os papéis da estatal em R$ 40. A recomendação é de compra (outperform – desempenho acima da média do mercado). O […]",Positive,outperform,Positive,0.7694478631019592,True,https://www.moneytimes.com.br/acao-da-petobras-tem-potencial-de-35-em-2020-indica-itau-bba/
2020-02-03,MoneyTimes,corretora,Confira as 11 carteiras recomendadas para a semana,"O Money Times reuniu as 11 atualizações de carteiras recomendadas semanais, divulgadas pelas corretoras nesta segunda-feira (3). Veja a seguir as ações indicadas por cada uma delas: Bradesco, Ambev, Petrobras, CVC e BRF marcam presença na carteira semanal da Terra – Leia mais Carteira Top Picks: XP substitui brMalls por Minerva na semana – Leia […]",Positive,top pick,Neutral,0.0,False,https://www.moneytimes.com.br/confira-as-10-carteiras-recomendadas-para-a-semana-2/
2020-02-04,InfoMoney,analistas,As ações mais recomendadas pelos analistas para comprar em fevereiro,Levantamento com 12 casas de análise mostra preferência pelas ações da Petrobras; JBS e B3 são novidade,Positive,para compra,Neutral,0.0,False,https://www.infomoney.com.br/onde-investir/as-acoes-mais-recomendadas-pelos-analistas-para-comprar-em-fevereiro/
2020-02-11,MoneyTimes,analistas,Qual é a melhor ação da Petrobras para comprar: PETR3 ou PETR4?,"Que os analistas indicam a compra das ações da Petrobras, isso todo mundo já sabe. Mas qual é a melhor para ter: as ordinárias (PETR3), ou (PETR4)? Em um relatório publicado nesta terça-feira (11), o banco UBS vê as ordinárias “mais atraentes” do que as preferenciais. Nos cálculos dos analistas Luiz Carvalho e Gabriel Barra, […]",Positive,para compra,Neutral,0.0,False,https://www.moneytimes.com.br/qual-e-a-melhor-acao-da-petrobras-para-comprar-petr3-ou-petr4/
2020-02-17,MoneyTimes,corretora,Confira as 11 carteiras recomendadas da semana,"O Money Times reuniu as 11 atualizações de carteiras recomendadas semanais, divulgadas pelas corretoras nesta segunda-feira (17). Veja as principais indicações a curto prazo: Terra atualiza carteira semanal: Bradesco, Ambev, Petrobras, CVC e BRF indicadas – Leia mais XP inclui IRB e B3 em carteira Top Picks semanal; Suzano e Hapvida saem – Leia mais […]",Positive,top pick,Neutral,0.0,False,https://www.moneytimes.com.br/confira-as-10-carteiras-recomendadas-da-semana/
2020-02-19,MoneyTimes,analistas,"Petrobras ganha eficiência e lucra R$ 40 bilhões em 2019, o maior da história","A Petrobras (PETR3; PETR4) teve lucro líquido de R$ 8,15 bilhões no quarto trimestre do ano passado, ante R$ 2,1 bilhões no mesmo período de 2018 (+ 287%), informou a companhia nesta quarta-feira. Os números ficaram abaixo do esperado pelos analistas consultados pela Bloomberg, de R$ 15,979 bilhões. O lucro antes de juros, impostos, amortização […]",Negative,abaixo do esperado,Positive,0.8045020699501038,False,https://www.moneytimes.com.br/lucro-da-petrobras-salta-a-r-40-bilhoes-em-2019-e-e-o-maior-da-historia/
2020-02-19,MoneyTimes,safra,"Ação da Petrobras está com um bom ponto de entrada, indica Banco Safra","As ações da Petrobras (PETR3;PETR4) estão com um bom ponto de entrada, avalia o Banco Safra em um relatório enviado a clientes. Os analistas Kaique Vasconcellos e Daniel Travitzky elevaram o preço-alvo para os papéis da estatal e reforçaram a recomendação de compra. A estimativa para os papéis ordinários PETR3 passou de R$ 36,30 para […]",Positive,elevaram o preço-alvo,Positive,0.7068551778793335,True,https://www.moneytimes.com.br/acao-da-petrobras-esta-com-um-bom-ponto-de-entrada-indica-banco-safra/
2020-03-03,InfoMoney,analistas,As ações mais recomendadas pelos analistas para comprar em março,"Principais apostas recaem sobre as ações de JBS, Petrobras, Lojas Renner, Vale e B3",Positive,para compra,Neutral,0.0,False,https://www.infomoney.com.br/onde-investir/as-acoes-mais-recomendadas-pelos-analistas-para-comprar-em-marco/
2020-03-09,InfoMoney,bradesco bbi,Ativos da Petrobras desabam na Nyse com petróleo e Bradesco BBI corta recomendação; balanço de Hypera e mais destaques,Confira os destaques do noticiário corporativo na sessão desta segunda-feira (9),Negative,corta recomendação,Negative,-0.8363937735557556,True,https://www.infomoney.com.br/mercados/ativos-da-petrobras-desabam-na-nyse-com-petroleo-e-bradesco-bbi-corta-recomendacao-balanco-de-hypera-e-mais-destaques/
2020-03-30,MoneyTimes,bb investimentos,"Há motivos “convincentes” para apostar na Petrobras, diz BB Investimentos","O BB Investimentos saiu bem impressionado da teleconferência que a Petrobras (PETR3; PETR4) promoveu com analistas e investidores na semana passada. Tanto, que publicou relatório, nesta segunda-feira, classificando como outperform (desempenho esperado acima da média do mercado) as ONs e as PNs. Em relatório assinado por Daniel Cobucci, a gestora do Banco do Brasil estabeleceu […]",Positive,outperform,Neutral,0.0,False,https://www.moneytimes.com.br/ha-motivos-convincentes-para-apostar-na-petrobras-diz-bb-investimentos/
2020-04-22,InfoMoney,analistas,"Crise no petróleo pressiona Petrobras, mas empresa está bem preparada para enfrentar queda do preço, dizem analistas","Bradesco BBI diz que estatal “tem um mercado interno mais forte para distribuir sua produção”, enquanto UBS manteve recomendação de compra",Positive,recomendação de compra,Negative,-0.8413625359535217,False,https://www.infomoney.com.br/mercados/crise-no-petroleo-pressiona-petrobras-mas-empresa-esta-bem-preparada-para-superar-queda-do-preco-dizem-analistas/
2020-05-08,MoneyTimes,corretora,Ágora vê Petrobras bem posicionada no mercado e altera recomendação do papel para compra,"A Ágora Investimentos atualizou nesta sexta-feira (8) a recomendação da Petrobras (PETR4) para compra e elevou o preço-alvo da ação de R$ 18,50 para R$ 29. A corretora acredita que as notícias sobre o setor petrolífero devem ganhar um tom positivo com a flexibilização das restrições de deslocamento e a indicação de cortes na produção. […]",Positive,elevou o preço-alvo,Neutral,0.0,False,https://www.moneytimes.com.br/agora-ve-petrobras-bem-posicionada-no-mercado-e-altera-recomendacao-do-papel-para-compra/
2020-05-15,InfoMoney,analistas,"Não se engane pelo estrondoso prejuízo de R$ 48,5 bi: resultado da Petrobras foi muito positivo, dizem analistas",Ebitda e baixos custos de extração foram apontados como os fatores positivos reportados pela companhia no 1º trimestre,Positive,foi muito positiv,Negative,-0.7901322245597839,False,https://www.infomoney.com.br/mercados/nao-se-engane-pelo-estrondoso-prejuizo-de-r-485-bi-resultado-da-petrobras-foi-muito-positivo-dizem-analistas/
2020-05-18,MoneyTimes,analistas,Petrobras: comprar as ações ordinárias ou preferenciais?,"A recomendação de compra das ações da Petrobras (PETR3; PETR4) é quase unânime entre os analistas, mas qual das classes é a mais indicada? Para os analistas do Bradesco BBI, dado praticamente nenhuma chance de dividendos este ano, os papéis ordinários (PETR3) estão mais atraentes do que os preferenciais (PETR4). “Eles normalmente apresentam melhor desempenho […]",Positive,recomendação de compra,Neutral,0.0,False,https://www.moneytimes.com.br/petrobras-comprar-as-acoes-ordinarias-ou-preferenciais/
2020-05-21,MoneyTimes,btg,"Petrobras: para BTG Pactual, o pior já passou, e preço-alvo é elevado","A Petrobras (PETR3; PETR4) está deixando para trás o pior momento dos últimos tempos, marcado pela queda da cotação internacional do petróleo, na esteira da briga entre árabes e russos, e da retração do consumo causada pela pandemia de coronavírus. A avaliação é do BTG Pactual (BPAC11), que elevou o preço-alvo das ADRs (American Depositary […]",Positive,elevou o preço-alvo,Negative,-0.8149421811103821,False,https://www.moneytimes.com.br/petrobras-para-btg-pactual-o-pior-ja-passou-e-preco-alvo-e-elevado/
2020-06-04,MoneyTimes,guide,Guide: reajuste do preço do GLP é positivo para a Petrobras,"A Guide Investimentos avaliou, nesta quinta-feira (4), que o reajuste de 5% no preço médio do gás liquefeito de petróleo (GLP) é positivo para a Petrobras (PETR4). O reajuste, que teve início hoje, fará com que o valor seja equivalente a R$ 24,08 por botijão de 13 quilos (kg). No acumulado do ano, a redução […]",Positive,é positiv,Positive,0.4974792301654815,True,https://www.moneytimes.com.br/guide-reajuste-do-preco-do-glp-e-positivo-para-a-petrobras/
2020-06-15,MoneyTimes,santander,"Ação da Petrobras terá recuperação em forma de “J”, avalia Santander","Os papéis da Petrobras (PETR3; PETR4) terão recuperação acentuada, em formato de “J”, após a Covid-19, avalia o Santander em relatório enviado a clientes nesta segunda-feira (15). O banco tem recomendação de compra para as ações ordinárias, PETR3, com preço-alvo de R$ 24. A corretora realizou uma conferência com o CEO da Petrobras, Roberto Castello Branco, […]",Positive,recomendação de compra,Positive,0.7052249312400818,True,https://www.moneytimes.com.br/acao-da-petrobras-tera-recuperacao-em-forma-de-j-avalia-santander/
2020-09-08,MoneyTimes,xp investimentos,Ação da Petrobras está com um desconto de 37% e é oportunidade de compra,"A Petrobras (PETR3; PETR4) tem lidado muito bem com os preços baixos do petróleo Brent, desde a derrocada da commodity, e na visão da XP Investimentos há um risco-retorno positivo para as ações da petroleira brasileira. Com a retomada da cobertura da empresa, o analista Gabriel Francisco cita ao menos dois fatores que têm proporcionado […]",Positive,positivo para as ações,Positive,0.7031558156013489,True,https://www.moneytimes.com.br/acao-da-petrobras-esta-com-um-desconto-de-37-e-e-oportunidade-de-compra/
2020-10-22,MoneyTimes,btg,"Petrobras é uma das melhores ações para comprar atualmente, afirma BTG Pactual","O BTG Pactual vê as ações da Petrobras (PETR4) como uma das melhores opções para comprar atualmente, de acordo com o relatório enviado ao mercado. “Como os riscos legais envolvendo a privatização de refinarias são agora muito menos importantes, esperamos que esse desconto diminua à medida que continua a fornecer melhorias operacionais e entrega na […]",Positive,para compra,Positive,0.5561087727546692,True,https://www.moneytimes.com.br/petrobras-e-uma-das-melhores-acoes-para-comprar-atualmente-afirma-btg-pactual/
2020-10-28,InfoMoney,analistas,Petrobras muda política para acionistas e abre caminho para se tornar boa pagadora de dividendos,"Analistas avaliam medida como positiva para a empresa que, contudo, segue repercutindo a aversão ao risco do mercado e viu suas ações caírem forte na sessão",Positive,positiva para a empresa,Neutral,0.0,False,https://www.infomoney.com.br/mercados/petrobras-muda-politica-para-acionistas-e-abre-caminho-para-se-tornar-boa-pagadora-de-dividendos/
2020-11-24,MoneyTimes,bank of america,BofA vê “céu mais claro” para Petrobras e eleva recomendação para ‘compra’,"O Bank of America elevou a recomendação das ações da Petrobras (PETR3;PETR4) para ‘compra’, bem como o preço-alvo para 38 reais no caso dos papéis negociados na B3 (de 28 reais antes) e 14 dólares para os ADRs transacionados em Nova York (de 10,50 dólares antes), conforme relatório a clientes. “A melhora no mercado de petróleo […]",Positive,eleva recomendação,Positive,0.5076560378074646,True,https://www.moneytimes.com.br/bofa-ve-ceu-mais-claro-para-petrobras-e-eleva-recomendacao-para-compra/
2020-11-25,Petronoticias,levante,GESTORA DE FUNDOS FAZ PROPOSTA DE US$ 90 MILHÕES PELO CAMPO DE PAPA-TERRA,"A gestora de fundos Starborad Asset, que possui participação relevante na petroleira 3R, ofereceu US$ 90 milhões para comprar o campo de Papa-Terra, da Petrobrás. A estatal brasileira confirmou a proposta e disse que as negociações estão em andamento, mas sem prazo para conclusão. Em nota, a Petrobrás lembrou que uma eventual assinatura dos contratos […]",Positive,para compra,Neutral,0.0,False,https://petronoticias.com.br/gestora-de-fundos-faz-proposta-de-us-90-milhoes-pelo-campo-de-papa-terra/
2020-12-01,MoneyTimes,btg,Petrobras: dividendos são animadores e BTG eleva preço-alvo,"O banco de investimento BTG Pactual (BPAC11) elevou nesta terça-feira o preço-alvo para as ações da Petrobras (PETR3;PETR4), após detalhamento na véspera do plano de negócios de cinco anos da empresa, que reforçou aposta em ativos de classe mundial e de baixo custo como o pré-sal e aumentou o programa de desinvestimentos. O preço-alvo do American Depositary Receipts […]",Positive,eleva preço-alvo,Positive,0.6081640720367432,True,https://www.moneytimes.com.br/petrobras-dividendos-sao-animadores-e-btg-eleva-preco-alvo/
2020-12-02,MoneyTimes,bb investimentos,"Plano estratégico reforça que Petrobras está no caminho certo, diz BB","O plano estratégico da Petrobras (PETR3;PETR4) para 2021 a 2025 reforçou a visão positiva do BB Investimentos em relação ao futuro da maior companhia do Brasil. O evento, que contou com a participação do CEO, Roberto Castello Branco, e demais membros da diretoria executiva, reiterou a ideia de que a empresa segue com o seu […]",Positive,são positiv,Neutral,0.0,False,https://www.moneytimes.com.br/plano-estrategico-reforca-que-petrobras-esta-no-caminho-certo-diz-bb/
2021-01-05,MoneyTimes,xp,XP eleva preço-alvo da Petrobras após acordo da Opep+,"A XP classificou como positivo o acordo fechado entre os membros da Opep+ para o corte da produção de petróleo. Os preços do Brent dispararam 4,99%, a US$ 53,64 o barril, após a notícia. Com o acordo, a Arábia Saudita carregará o maior fardo dos cortes na produção, enquanto outros países não farão mudanças ou […]",Positive,eleva preço-alvo,Positive,0.6577478647232056,True,https://www.moneytimes.com.br/xp-eleva-preco-alvo-da-petrobras-apos-acordo-da-opep/
2021-01-06,InfoMoney,xp,Aneel cobra explicações da Equatorial após blecaute no Piauí; XP eleva preço-alvo de Petrobras com Opep+ e mais notícias,Confira os destaques do noticiário corporativo na sessão desta quarta-feira (6),Positive,eleva preço-alvo,Negative,-0.8174326419830322,False,https://www.infomoney.com.br/mercados/aneel-cobra-explicacoes-da-equatorial-apos-blecaute-no-piaui-xp-eleva-preco-alvo-de-petrobras-com-opep-e-mais-noticias/
2021-01-06,InfoMoney,analistas,Acordo da Opep+ surpreende e impulsiona preços do petróleo: qual o impacto para a Petrobras e para outras ações?,"Além da petroleira estatal, BBI destaca impacto para ações da São Martinho; visão dos analistas é positiva para o preço da commodity após 2020 difícil",Positive,é positiv,Negative,-0.4254501760005951,False,https://www.infomoney.com.br/mercados/acordo-da-opep-surpreende-e-impulsiona-precos-do-petroleo-qual-o-impacto-para-a-petrobras-e-para-outras-acoes/
2021-01-19,MoneyTimes,credit suisse,Credit Suisse eleva preço-alvo de ADR da Petrobras com expectativa de alta do petróleo,"Analistas do Credit Suisse elevaram o preço-alvo dos ADRs da Petrobras (PETR3; PETR4) para 16 dólares, de 15 dólares antes, e reiteraram recomendação ‘outperform’, citando previsões melhores para os preços do petróleo Brent, de acordo com relatório a clientes nesta terça-feira. “O Sr. Brent é um homem temperamental (figurativamente falando). Os preços do petróleo oscilam frequentemente entre […]",Positive,eleva preço-alvo,Positive,0.5028004050254822,True,https://www.moneytimes.com.br/credit-suisse-eleva-preco-alvo-de-adr-da-petrobras-com-expectativa-de-alta-do-petroleo/
2021-02-03,InfoMoney,santander,"Produção da Petrobras, BBI eleva preço-alvo para Méliuz e vê potencial de alta de 46%, balanço do Santander e mais",Confira os destaques do noticiário corporativo na sessão desta quarta-feira (3),Positive,eleva preço-alvo,Positive,0.7368053793907166,True,https://www.infomoney.com.br/mercados/producao-da-petrobras-bbi-eleva-preco-alvo-para-meliuz-e-ve-potencial-de-alta-de-46-balanco-do-santander-e-mais/
2021-02-08,InfoMoney,analistas,"Petrobras: dilema do diesel, pouca confiança na política de preços e recomendações rebaixadas fazem ação cair 4%",Analistas não viram como positivos os recentes anúncios da estatal; XP e BBI reduziram a recomendação para equivalente à neutra,Negative,reduziram a recomendação,Negative,-0.8527947068214417,True,https://www.infomoney.com.br/mercados/petrobras-dilema-do-diesel-desconfianca-na-politica-de-precos-e-recomendacoes-rebaixadas-fazem-acao-cair-ate-5/
2021-02-08,MoneyTimes,bradesco bbi,Bradesco BBI corta recomendação de Petrobras para ‘neutra’: “o dilema do diesel está de volta”,"Analistas do Bradesco BBI cortaram a recomendação das ações da Petrobras (PETR4) para ‘neutra’, bem como o preço-alvo para 34 reais por papel, citando riscos relacionados à situação dos caminhoneiros no Brasil. No caso dos ADRs, o preço-alvo passou para 13 dólares. “Embora a Petrobras controle o ‘timing’ de seus ajustes de preço do diesel, a situação […]",Negative,corta recomendação,Negative,-0.8136582970619202,True,https://www.moneytimes.com.br/bradesco-bbi-corta-recomendacao-de-petrobras-para-neutra-o-dilema-do-diesel-esta-de-volta/
2021-02-08,MoneyTimes,bradesco bbi,Veja as 11 principais notícias que mexerão com seu dinheiro e com o Brasil nesta segunda-feira,"Olá, leitor do Money Times! Selecionamos as principais notícias que impactam o dia. Confira: 1 – Mercado vê inflação mais alta em 2021 e crescimento menor Leia mais » 2 – Bradesco BBI corta recomendação de Petrobras para ‘neutra’: “o dilema do diesel está de volta” Leia mais » 3 – Mubadala vence disputa por refinaria […]",Negative,corta recomendação,Neutral,0.0,False,https://www.moneytimes.com.br/veja-as-11-principais-noticias-para-comecar-o-dia-bem-informado-14/
2021-02-10,Exame,analistas,Examinando a Bolsa: BBI tira Petrobras e inclui 3 ações em portfólio para Brasil,"Programa diário da EXAME Invest no IGTV traz ainda entre os destaques as ações da Sabesp, em dia de realização após alta de 7% na véspera; analistas dizem que papéis estão atrativos",Positive,estão atrativ,Negative,-0.6466013193130493,False,https://exame.com/invest/mercados/examinando-a-bolsa-bbi-exclui-petrobras-e-inclui-3-acoes-em-portfolio-para-brasil/
2021-02-22,Poder360,btg,BTG rebaixa avaliação para ações da Petrobras após troca de comando,"Tira recomendação para compra
Há preocupação com refinarias",Positive,recomendação para compra,Negative,-0.7897014617919922,False,https://www.poder360.com.br/economia/btg-rebaixa-avaliacao-para-acoes-da-petrobras-apos-troca-de-comando/
2021-02-22,InfoMoney,xp investimentos,Os bancos e casas de análise que cortaram a recomendação para a Petrobras (e os que seguem indicando compra),"XP Investimentos, Credit Suisse e Bradesco BB cortaram fortemente a recomendação e o preço-alvo, enquanto o Morgan suspendeu a recomendação",Negative,cortaram a recomendação,Negative,-0.7881148457527161,True,https://www.infomoney.com.br/mercados/petrobras-os-analistas-que-ja-reduziram-a-recomendacao-para-as-acoes-em-meio-a-intervencao/
2021-02-22,InfoMoney,j.p.morgan,J.P.Morgan corta recomendação para títulos de dívida da Petrobras,"Banco rebaixou os bonds da estatal de “overweight” para “neutro”, diante do risco de aumento da interferência do governo",Negative,corta recomendação,Negative,-0.7936511635780334,True,https://www.infomoney.com.br/onde-investir/j-p-morgan-rebaixa-recomendacao-para-titulos-de-divida-da-petrobras/
2021-02-22,MoneyTimes,analistas,Petrobras vê analistas cortarem recomendação para ações após Bolsonaro indicar CEO,"Analistas de mercado rebaixaram suas recomendações para as ações da estatal  Petrobras (PETR4) nos últimos dias, após o presidente Jair Bolsonaro ter anunciado na sexta-feira a indicação de um novo presidente-executivo para a companhia. Bolsonaro disse que pretende nomear o general Joaquim Silva e Luna como novo CEO da Petrobras ao final do mandato do atual […]",Negative,cortarem recomendação,Negative,-0.8287293314933777,True,https://www.moneytimes.com.br/petrobras-ve-analistas-cortarem-recomendacao-para-acoes-apos-bolsonaro-indicar-ceo/
2021-02-22,Exame,morgan stanley,Morgan Stanley corta recomendação para títulos do Brasil após troca na Petrobras,"As declarações e atitudes do presidente Jair Bolsonaro elevaram preocupações entre agentes financeiros com o risco político do país, bem como com a ingerência governamental em estatais",Negative,corta recomendação,Negative,-0.7993683218955994,True,https://exame.com/invest/mercados/morgan-stanley-corta-recomendacao-para-titulos-do-brasil-apos-troca-na-petrobras/
2021-02-22,MoneyTimes,safra,Safra reduz preço-alvo da Petrobras e aposta que impacto negativo nas ações deve durar,"O Banco Safra reduziu o preço-alvo da Petrobras (PETR4) nesta segunda-feira (22) apostando que o impacto negativo que estamos vendos nos papéis deve durar por mais um tempo, já que foi confirmada a intenção do governo de alterar a gestão da companhia. Agora, a estimativa para as ações ficou em R$ 29,50, o que corresponde […]",Negative,reduziu o preço-alvo,Negative,-0.834905207157135,True,https://www.moneytimes.com.br/safra-reduz-preco-alvo-da-petrobras-e-aposta-que-impacto-negativo-nas-acoes-deve-durar/
2021-02-22,MoneyTimes,analistas,Petrobras: troca de comando eleva percepção de risco e gera dúvidas sobre venda de refinarias,"A Ágora Investimentos entrou para a lista das instituições que cortaram suas recomendações para os papéis da Petrobras (PETR4) após o presidente Jair Bolsonaro anunciar que indicou o general Joaquim Silva e Luna para ser o novo CEO da estatal, em substituição a Roberto Castello Branco. Os analistas da Ágora rebaixaram a recomendação para venda, […]",Negative,rebaixaram a recomendação,Negative,-0.831838071346283,True,https://www.moneytimes.com.br/petrobras-troca-de-comando-eleva-percepcao-de-risco-e-gera-duvidas-sobre-venda-de-refinarias/
2021-02-22,MoneyTimes,ubs,"UBS recomenda compra das ações da Petrobras, já que estratégia não mudou","Enquanto grande parte do mercado reage à mudança de comando na Petrobras (PETR3; PETR4) orquestrada pelo presidente Jair Bolsonaro, há quem ainda mantenha recomendação de compra das ações da estatal à medida que a estratégia de longo prazo da empresa parece conservada. “Apesar da influência do governo federal, a questão-chave está fincada na estratégia de […]",Positive,recomendação de compra,Neutral,0.0,False,https://www.moneytimes.com.br/ubs-recomenda-compra-das-acoes-da-petrobras-ja-que-estrategia-nao-mudou/
2021-02-22,MoneyTimes,analistas,BofA corta Brasil para ‘marketweight’ em portfólio de ações na América Latina,"Analistas do Bank of America cortaram a recomendação para Brasil para ‘marketweight’ em portfólio de ações na América Latina, bem como reduziram exposição a companhias de controle estatal, citando “maior incerteza”. O BofA também excluiu Petrobras (PETR3; PETR4) e Eletrobras (ELET3) de seu portfólio, enquanto incluiu Klabin (KLBN11), Cosan (CSAN3) e Natura (NATU3). “Nós gostamos do setor financeiro, comércio eletrônico, empresas […]",Negative,cortaram a recomendação,Negative,-0.7401098608970642,True,https://www.moneytimes.com.br/bofa-corta-brasil-para-marketweight-em-portfolio-de-acoes-na-america-latina/
2021-02-23,MoneyTimes,ubs,UBS insiste que tombo da Petrobras foi um baita exagero e dá 5 motivos para ter calma,"Depois de surpreender o mercado ontem (22), mantendo sua recomendação de compra para as ações da Petrobras (PETR3; PETR4), enquanto os papéis tombavam na B3 e analistas diziam para os investidores venderem os papéis, o UBS BB voltou à carga nesta terça-feira (23) com um novo relatório. Segundo a instituição, o mercado exagerou bastante no […]",Positive,recomendação de compra,Negative,-0.8264355063438416,False,https://www.moneytimes.com.br/ubs-insiste-tombo-da-petrobras-foi-um-baita-exagero-e-da-5-motivos-para-ter-calma/
2021-02-23,Exame,ubs,UBS aponta 5 razões para comprar Petrobras mesmo com troca de CEO,"Na visão de analistas do banco suíço, há razões operacionais e de governança, além do próprio preço da ação, que justificam comprar os papeis preferenciais",Positive,para compra,Neutral,0.0,False,https://exame.com/invest/mercados/ubs-aponta-5-razoes-para-comprar-petrobras-mesmo-com-troca-de-ceo/
2021-02-23,Poder360,ubs,Banco suíço UBS vai contra a maré e recomenda comprar ações da Petrobras,"Banco acredita em reação “exagerada”
“Fluxo de notícias” provocou a queda
Governo anunciou troca no comando",Positive,recomenda compra,Negative,-0.6586757898330688,False,https://www.poder360.com.br/brasil/banco-suico-ubs-vai-contra-a-mare-e-recomenda-comprar-acoes-da-petrobras/
2021-02-23,MoneyTimes,ubs,3 coisas que fariam o UBS BB retirar seu apoio às ações da Petrobras,"Em meio ao pânico generalizado do mercado com a intervenção do presidente Jair Bolsonaro na Petrobras (PETR3; PETR4), o UBS BB se destacou pela convicção com que manteve a recomendação de compra dos papéis ontem (22). Sua posição foi reafirmada em um novo relatório nesta terça-feira (23), no qual listou cinco motivos para ainda acreditar […]",Positive,recomendação de compra,Negative,-0.8120839595794678,False,https://www.moneytimes.com.br/3-coisas-que-fariam-o-ubs-bb-retirar-seu-apoio-as-acoes-da-petrobras/
2021-02-23,MoneyTimes,corretora,"Aumento do preço do etanol pode estar em risco, e Ágora rebaixa recomendação da São Martinho","A Ágora Investimentos rebaixou a recomendação da São Martinho (SMTO3) de compra para neutra diante da possibilidade de troca no comando da Petrobras (PETR3;PETR4). Na avaliação da corretora, o aumento dos preços de etanol para a São Martinho pode estar em risco. “Seguindo a solicitação de mudança do CEO da Petrobras e as preocupações sobre […]",Negative,rebaixa recomendação,Negative,-0.8498630523681641,True,https://www.moneytimes.com.br/aumento-do-preco-do-etanol-pode-estar-em-risco-e-agora-rebaixa-recomendacao-da-sao-martinho/
2021-02-25,InfoMoney,analistas,"Impecável ou decepcionante? Entre divergências sobre números, futuro da Petrobras intriga mais os analistas do que balanço",A grande dúvida para a estatal segue a mesma para os analistas desde o final da semana passada: o que esperar da nova gestão com Castello Branco de saída?,Negative,decepcion,Negative,-0.8251986503601074,True,https://www.infomoney.com.br/mercados/impecavel-ou-decepcionante-entre-divergencias-sobre-numeros-futuro-da-petrobras-intriga-mais-os-analistas-do-que-balanco/
2021-03-02,MoneyTimes,analistas,"Coluna do TradingView: Analises de compra — PETR4, PCAR, USIM e POMO","Mesmo com o mercado balançando ultimamente, os analistas do TradingView enxergam algumas oportunidades de compra no mercado, confira. Lucas Bento Sampaio No âmbito da análise técnica, também existem alguns problemas para os comprados que se destacam: 1) o cruzamento baixista da média móvel simples de 20 com a de 50, indicando venda; 2) as médias […]",Positive,enxergam algumas oportunidade,Neutral,0.0,False,https://www.moneytimes.com.br/coluna-do-tradingview-analises-de-compra-petr4-pcar-usim-e-pomo/
2021-03-12,InfoMoney,bradesco bbi,"Ação da PetroRio se destaca cada vez mais em meio à turbulência na Petrobras, mas ela tem espaço para novas altas?","Nesta semana, Bradesco BBI elevou recomendação para as ações PRIO3, enquanto BBA iniciou cobertura com recomendação equivalente à compra",Positive,elevou recomendação,Positive,0.5344536900520325,True,https://www.infomoney.com.br/mercados/acao-da-petrorio-se-destaca-cada-vez-mais-em-meio-a-turbulencia-na-petrobras-mas-ela-tem-espaco-para-novas-altas/
2021-03-15,InfoMoney,itaú bba,"Bancos colocam Petrobras de volta ao radar após turbulência, mas ação fica para trás entre as preferências do setor","BofA elevou recomendação, enquanto Itaú BBA e Morgan Stanley retomam cobertura com recomendação neutra; BofA e Morgan preferem agora Ecopetrol",Positive,elevou recomendação,Neutral,0.0,False,https://www.infomoney.com.br/mercados/bancos-colocam-petrobras-de-volta-ao-radar-apos-turbulencia-mas-acao-fica-para-tras-entre-as-preferencias-do-setor/
2021-03-25,MoneyTimes,xp investimentos,"Petrobras: com saída de diretores e lentidão em reajustes, percepção de risco continuará elevada","A percepção de risco da Petrobras (PETR3;PETR4) continuará elevada até a transição do comando na empresa, afirmou a XP Investimentos. A corretora reforçou a recomendação de venda para as ações (ordinárias e preferenciais), com preço-alvo de 12 meses de R$ 24, após quatro membros da diretoria executiva comunicarem que deixarão a companhia por discordância com […]",Negative,recomendação de venda,Negative,-0.8434404134750366,True,https://www.moneytimes.com.br/petrobras-com-saida-de-diretores-e-lentidao-em-reajustes-percepcao-de-risco-continuara-elevada/
2021-04-05,InfoMoney,analistas,"Barrar venda da Rlam seria revés para a Petrobras e para a segurança energética do Brasil, apontam analistas da XP","Venda da refinaria na Bahia foi alvo de polêmica recente por conta do valor abaixo do esperado, mas analistas destacam importância do desinvestimento",Negative,abaixo do esperado,Negative,-0.8470514416694641,True,https://www.infomoney.com.br/mercados/barrar-venda-da-rlam-seria-reves-para-a-petrobras-e-para-a-seguranca-energetica-do-brasil-apontam-analistas-da-xp/
2021-05-01,MoneyTimes,analistas,Petrobras merece voto de confiança e analistas projetam alta de 34% para as ações,"O novo conselho da Petrobras (PETR3;PETR4), composto por nomes técnicos, aliado a um real mais valorizado, que pode diminuir os preços de combustíveis e a pressão dos caminhoneiros, fizeram com que a Ágora Investimentos elevasse a recomendação dos papéis da maior estatal brasileira de venda para neutra. A empresa sofreu grande baque após o presidente […]",Positive,elevasse a recomendação,Positive,0.4814105629920959,True,https://www.moneytimes.com.br/petrobras-merece-voto-de-confianca-e-analistas-projetam-alta-de-34-para-as-acoes/
2021-05-14,InfoMoney,itaú bba,"Sinais de dividendos e de políticas pró-mercado: os fatores que fizeram a Petrobras ganhar R$ 15,7 bi após o balanço","Contudo, BBI, Credit e Morgan seguem cautelosos com companhia, enquanto Itaú BBA elevou recomendação e se mostrou mais otimista",Positive,elevou recomendação,Neutral,0.0,False,https://www.infomoney.com.br/mercados/petrobras-balanco-eleva-otimismo-e-coloca-estatal-na-trilha-de-boa-pagadora-de-dividendos-mas-cautela-com-gestao-persiste/
2021-05-17,InfoMoney,itaú bba,"Após Itaú BBA, Bradesco BBI eleva recomendação para Petrobras e diz que “hora de comprar ação é agora”","“Pelo valuation atual, vale a pena correr o risco, em nossa visão”, apontam os analistas do BBI, que elevaram o preço-alvo para a ação PN para R$ 35",Positive,eleva recomendação,Neutral,0.0,False,https://www.infomoney.com.br/mercados/apos-itau-bba-bradesco-bbi-eleva-recomendacao-para-petrobras-e-diz-que-hora-de-comprar-acao-e-agora/
2021-05-18,MoneyTimes,corretora,Petrobras: administração acerta no discurso – está na hora de comprar as ações,"Está na hora de adquirir as ações da Petrobras (PETR4), afirmou a Ágora Investimentos. A corretora revisou a recomendação do papel de neutra para compra, com preço-alvo de R$ 35, depois que a estatal sinalizou perspectivas positivas para a política de dividendos e à estratégia de desinvestimento de ativos. Durante a teleconferência de resultados do […]",Positive,para compra,Neutral,0.0,False,https://www.moneytimes.com.br/petrobras-administracao-acerta-no-discurso-esta-na-hora-de-comprar-as-acoes/
2021-05-21,InfoMoney,analistas,"Bolsonaro nega canetada, mas diz que há “certos preços na Petrobras que não podem continuar” e volta a acionar fator de risco","Analistas viram como positivas últimas declarações da nova gestão da companhia e elevaram recomendação, ainda que com cautela sobre futuro da estatal",Positive,elevaram recomendação,Negative,-0.748330295085907,False,https://www.infomoney.com.br/mercados/bolsonaro-nega-canetada-mas-diz-que-ha-certos-precos-na-petrobras-que-nao-podem-continuar-e-volta-a-acionar-fator-de-risco/
2021-05-28,MoneyTimes,analistas,"Petrobras: ação ordinária ou preferencial? Por ora, nenhuma das duas","Na hora de escolher um papel para comprar, sempre cai a dúvida: preferenciais ou ordinárias? Qual dará mais retorno? Para a Ágora Investimentos, no caso da Petrobras, é melhor esperar um pouco para tê-las. Segundo os analistas Vicente Falanga e Ricardo França, as ações preferenciais (PETR4) tem sido negociadas com um prêmio sobre as ordinárias […]",Positive,para compra,Neutral,0.0,False,https://www.moneytimes.com.br/petrobras-acoes-ordinarias-ou-preferenciais-por-ora-nenhum-das-duas/
2021-05-28,MoneyTimes,jpmorgan,Ibovespa fecha em alta e renova máximas históricas com Petrobras,"O Ibovespa (IBOV) fechou em alta de 1% nesta sexta-feira, renovando máximas históricas, apoiado principalmente no salto de Petrobras (PETR4) após o JPMorgan elevar recomendação para ‘overweight’, enquanto Sabesp (SBSP3) capitaneou as perdas em meio a comentários do governo de São Paulo sobre a companhia. Índice de referência do mercado acionário brasileiro, o Ibovespa subiu […]",Positive,elevar recomendação,Positive,0.8493114709854126,True,https://www.moneytimes.com.br/ibovespa-fecha-em-alta-e-renova-maximas-historicas-com-petrobras/
2021-07-01,Exame,credit suisse,"BR Distribuidora pode subir 46% após saída da Petrobras, diz Credit Suisse","Visando menor interferência estatal, analistas elevam preço-alvo em relatório desta semana",Positive,elevam preço-alvo,Negative,-0.5322997570037842,False,https://exame.com/invest/mercados/br-distribuidora-pode-subir-46-apos-saida-da-petrobras-diz-credit-suisse/
2021-07-01,InfoMoney,analistas,"Sem ter mais a Petrobras como sócia, o que esperar da BR Distribuidora? Analistas destacam perspectivas positivas para a empresa","Expectativa do mercado está em torno dos ganhos com a nova gestão da BR Distribuidora, que está sob o comando de Wilson Ferreira Júnior",Positive,positivas para a empresa,Positive,0.4968340694904327,True,https://www.infomoney.com.br/mercados/sem-ter-mais-a-petrobras-como-socia-o-que-esperar-da-br-distribuidora-analistas-destacam-perspectivas-positivas-para-a-empresa/
2021-07-06,MoneyTimes,ubs,"BR Distribuidora: ação está barata e empresa mais eficiente, aponta UBS","A venda de 37,5% da participação da Petrobras (PETR3;PETR4) na BR Distribuidora (BRDT3) deverá tirar uma pedra das costas da empresa e destravar valor para o acionista, aponta o UBS em relatório enviado a clientes e obtido pelo Money Times. Com isso, o banco suíço elevou o preço-alvo das ações da companhia de R$ 30 […]",Positive,elevou o preço-alvo,Neutral,0.0,False,https://www.moneytimes.com.br/br-distribuidora-acao-esta-barata-e-empresa-mais-eficiente-aponta-ubs/
2021-07-28,MoneyTimes,levante,"Compass fecha acordo para comprar fatia da Petrobras na Gaspetro por R$ 2,03 bi","A Compass, empresa de gás e energia do grupo Cosan (CSAN3), informou nesta quarta-feira que fechou contrato para aquisição da fatia de 51% da Petrobras (PETR4) na Gaspetro, holding que detém participações em 19 distribuidoras de gás canalizado no Brasil, conforme fato relevante. O valor do investimento para a compra do ativo é de 2,03 […]",Positive,para compra,Positive,0.6629786491394043,True,https://www.moneytimes.com.br/compass-fecha-acordo-para-comprar-fatia-da-petrobras-na-gaspetro-por-r-203-bi/
2021-08-04,InfoMoney,analistas,"Petrobras reverte prejuízo e registra lucro líquido de R$ 42,855 bilhões no 2º trimestre de 2021, bem acima do esperado","A média das projeções dos analistas apontava para um lucro líquido de R$ 30,67 bilhões, segundo dados compilados pela Refinitiv.",Positive,acima do esperado,Negative,-0.5593317151069641,False,https://www.infomoney.com.br/mercados/petrobras-reverte-prejuizo-e-registra-lucro-liquido-de-r-42855-bilhoes-no-2o-trimestre-de-2021/
2021-08-05,MoneyTimes,credit suisse,Petrobras: Credit Suisse indica a compra das ações e eleva projeção em 27%,"O Credit Suisse elevou a recomendação da ADR da Petrobras (PETR4) de “neutra” para “outperform” e subiu o preço-alvo para 14 dólares, de 11 dólares, após a estatal divulgar na véspera um lucro de 42,86 bilhões de reais no segundo trimestre, superando com folga estimativas. “Reconhecemos que existem riscos significativos no horizonte. No entanto, acreditamos que […]",Positive,elevou a recomendação,Neutral,0.0,False,https://www.moneytimes.com.br/petrobras-credit-suisse-indica-a-compra-das-acoes-e-eleva-projecao-em-27/
2021-08-05,InfoMoney,analistas,"Petrobras ganha R$ 30,7 bi de valor com altos dividendos “emocionando” investidores; analistas destacam que mais está por vir","Após balanço e dividendos, Credit elevou recomendação e BBI subiu preço-alvo; riscos políticos seguem, mas valuation e visão de bons proventos se destacam",Positive,elevou recomendação,Positive,0.5585156083106995,True,https://www.infomoney.com.br/mercados/petrobras-faz-as-pazes-com-acionistas-com-altos-dividendos-acoes-saltam-bancos-sobem-projecoes-e-apontam-mais-esta-por-vir/
2021-08-06,Petronoticias,levante,AUDITORIA DO TCU APONTA PARA RISCOS NO ABASTECIMENTO E AUMENTO DE PREÇOS DEVIDO À VENDA DE REFINARIAS,"Uma auditoria elaborada pelo Tribunal de Contas da União (TCU) chamou a atenção para “turbulências” que podem ocorrer no curto prazo após a venda de refinarias que está sendo promovida pela Petrobrás. O tribunal acredita ser baixa a chance de desabastecimento de combustíveis líquidos, mas enxerga um risco relevante de interrupções de fornecimento de GLP, […]",Negative,enxerga um risco,Neutral,0.0,False,https://petronoticias.com.br/auditoria-do-tcu-aponta-para-riscos-no-abastecimento-e-aumento-de-precos-devido-a-venda-de-refinarias/
2021-09-02,MoneyTimes,corretora,10 ações para comprar hoje e ter chance de lucrar no fim do mês,"A MyCap realizou 5 trocas em sua carteira recomendada de ações para setembro, mostra relatório publicado pela corretora e obtido pelo Money Times nesta quinta-feira (2). Os analistas retiram as ações da brMalls (BRML3), Petrobras (PETR4), Sequoia (SEQL3), Locaweb (LWSA3) e B3 (B3SA3) para a entrada de Rede D’or (RDOR3), Weg (WEGE3), Alupar (ALUP11), PetroRio […]",Positive,para compra,Neutral,0.0,False,https://www.moneytimes.com.br/10-acoes-para-comprar-hoje-e-ter-chance-de-lucrar-no-fim-do-mes/
2021-09-29,Exame,analistas,"Petrobras, PetroRio ou 3R: qual a melhor ação com a alta do petróleo?","Analistas avaliam se as ações da Petrobras, em meio a persistentes riscos de interferência política, estão atrativas em relação às petroleiras privadas",Positive,estão atrativ,Neutral,0.0,False,https://exame.com/invest/mercados/petrobras-petrorio-ou-3r-qual-acao-para-aproveitar-a-alta-do-petroleo/
2021-10-14,InfoMoney,credit suisse,"Mudança de cálculo do ICMS para combustíveis é positiva para a Petrobras, aponta Credit Suisse",Analistas apontam que medida endereça debate politico sobre os preços dos combustíveis sem interferir nos preços de mercado da refinaria,Positive,é positiv,Neutral,0.0,False,https://www.infomoney.com.br/mercados/mudanca-de-calculo-do-icms-para-combustiveis-e-positiva-para-a-petrobras-aponta-credit-suisse/
2021-11-19,InfoMoney,bradesco bbi,Bradesco BBI coloca Petrobras (PETR4) como ação preferida do setor – pelo menos até aproximação das eleições,"Analistas trocaram preferências de  PetroRio, Petrobras e Vibra para Petrobras, Vibra e PetroRio, mas mantendo recomendação outperform para ativos",Positive,outperform,Neutral,0.0,False,https://www.infomoney.com.br/mercados/bradesco-bbi-coloca-petrobras-petr4-como-acao-preferida-do-setor-pelo-menos-ate-aproximacao-das-eleicoes/
2021-11-22,InfoMoney,xp,"Por que XP, Itaú e Minerva estão entre as empresas preferidas do Morgan Stanley na América Latina?","Petrobras, Vale e Gerdau também estão entre os “top picks” do banco de investimentos",Positive,top pick,Positive,0.6188724637031555,True,https://www.infomoney.com.br/mercados/por-que-xp-itau-e-minerva-estao-entre-as-empresas-preferidas-do-morgan-stanley-na-america-latina/
2021-11-26,MoneyTimes,santander,Petrobras: Santander pede calma com “oba-oba” após novo plano estratégico,"O Santander está na contramão dos mercados quando o assunto é indicar a compra dos papéis da Petrobras (PETR3; PETR4), apesar de ter elevado o preço-alvo de R$ 28 para R$ 34 para o fim de 2022. Os analistas Rodrigo Almeida e Christian Audi preferiram continuar com a recomendação de manutenção para os papéis. A […]",Positive,elevado o preço-alvo,Negative,-0.5151410102844238,False,https://www.moneytimes.com.br/petrobras-santander-pede-calma-com-oba-oba-apos-novo-plano-estrategico/
2021-12-03,MoneyTimes,corretora,Dividendos da Petrobras valem o risco de se investir na estatal?,"A Nu invest, divisão do Nubank, emitiu um relatório recomendando a compra das ações da Petrobras (PETR4), após o recente anúncio de dividendos, apesar de a estatal ser alvo de pressões políticas por conta de sua política de preços. Segundo a corretora, a companhia é negociada com um “valuation atrativo” (2,3 vezes EV/Ebitda projetado para […]",Positive,recomendando a compra,Neutral,0.0,False,https://www.moneytimes.com.br/dividendos-da-petrobras-valem-o-risco-de-se-investir-em-uma-estatal/
2021-12-27,InfoMoney,xp,Petrobras (PETR3;PETR4): XP retoma cobertura com recomendação de compra,"Para os analistas da corretora, valuation atrativo, dividendos e qualidade de ativos se sobrepõem a riscos políticos",Positive,recomendação de compra,Neutral,0.0,False,https://www.infomoney.com.br/mercados/petrobras-xp-retoma-cobertura-com-recomendacao-de-compra/
2021-12-27,MoneyTimes,xp,Ação da Petrobras está “barata demais para ignorar”; XP retoma cobertura com indicação de compra,"A XP Investimentos retomou a cobertura das ações da Petrobras com recomendação de compra e preços-alvo de R$ 45,30 para os papéis negociados no Brasil (PETR3;PETR4) e US$ 16,40 às ADRs (American Depositary Receipts, recibos de ações de uma empresa estrangeira negociada nos Estados Unidos – PBR). Na opinião da corretora, a empresa está “barata […]",Positive,recomendação de compra,Negative,-0.5292037129402161,False,https://www.moneytimes.com.br/acao-da-petrobras-esta-barata-demais-para-ignorar-xp-retoma-cobertura-com-indicacao-de-compra/
2022-01-06,InfoMoney,analistas,"Credit vê petróleo mais caro, eleva preço-alvo de PetroRio (PRIO3) e projeta dividendo de US$ 18 bi para Petrobras (PETR4) em 2022","Para analistas do banco, petróleo brent chegará ao fim do ano a US$ 75 o barril, ante projeção anterior de US$ 69 o barril",Positive,eleva preço-alvo,Negative,-0.6686509847640991,False,https://www.infomoney.com.br/mercados/credit-ve-petroleo-mais-alto-eleva-preco-alvo-de-petrorio-prio3-e-projeta-dividendo-de-us-18-bi-para-petrobras-petr4-em-2022/
2022-01-15,MoneyTimes,xp,XP faz troca tática em carteira semanal; veja a composição,"A XP realizou uma troca em sua carteira recomendada semanal, mostra relatório. Com isso, a ação da Cyrela (CYRE3) saiu para a entrada de Marfrig (MRFG3).  Na semana, a carteira Top Picks Arena valorizou 5,06%, enquanto o Ibovespa (IBOV) saltou 4,1%. A maior contribuição foi da Petrobras, que disparou 11,6%. Nenhuma ação teve desempenho negativo.  […]",Positive,top pick,Neutral,0.0,False,https://www.moneytimes.com.br/xp-faz-troca-tatica-em-carteira-semanal-veja-a-composicao/
2022-01-19,MoneyTimes,corretora,"Dividendos: 10 ações para comprar agora, com rentabilidade que chega a 17%","O Inter Research não realizou nenhuma alteração em sua carteira de dividendos para janeiro publicada nesta semana. Segundo a corretora, apesar da queda do Ibovespa, as empresas conseguiram entregar resultados, com destaque para o setor de siderurgia e mineração, com forte contribuição da Vale (VALE3), além de óleo e gás, com Petrobras (PETR3;PETR4), beneficiadas pelo […]",Positive,para compra,Positive,0.6453491449356079,True,https://www.moneytimes.com.br/dividendos-10-acoes-para-comprar-agora-com-rentabilidade-que-chega-a-17/
2022-01-31,InfoMoney,credit suisse,"Petrobras (PETR3;PETR4): dados de reservas provadas foram muito positivos para estatal, diz Credit Suisse","Após seis anos de reservas estagnadas ou em declínio, a Petrobras reverteu a tendência com a maior adição de reservas em um ano em sua história",Positive,foram muito positiv,Positive,0.7273256778717041,True,https://www.infomoney.com.br/mercados/petrobras-petr3petr4-dados-de-reservas-provadas-foram-muito-positivos-para-estatal-diz-credit-suisse/
2022-02-02,MoneyTimes,santander,"Ibovespa cai com peso de bancos, Petrobras e com Copom no radar","O principal índice da bolsa brasileira caiu nesta quarta-feira, sob pressão das ações de bancos, contaminadas pelo resultado abaixo do esperado do Santander Brasil (SANB11), e com a pressão dos papéis da Petrobras (PETR4). Investidores aguardam a decisão de política monetária do Banco Central (BC), em especial o tom de seu comunicado. O Ibovespa (IBOV) […]",Negative,abaixo do esperado,Negative,-0.7067928910255432,True,https://www.moneytimes.com.br/ibovespa-cai-com-peso-de-bancos-e-petrobras-antes-de-decisao-do-copom/
2022-02-02,InfoMoney,analistas,As ações mais recomendadas pelos analistas para comprar em fevereiro; Vale lidera e Renner entra na seleção,"Itaú e Petrobras também estão no topo, com celulose, varejo e indústria dividindo as demais posições",Positive,para compra,Neutral,0.0,False,https://www.infomoney.com.br/onde-investir/as-acoes-mais-recomendadas-pelos-analistas-para-comprar-em-fevereiro-vale-lidera-e-renner-entra-na-selecao/
2022-02-03,MoneyTimes,btg,"“Hora de se expor”: Veja as ações para comprar agora e aproveitar a recuperação da bolsa, segundo o BTG","O BTG elevou a régua e realizou sete alterações para se expor mais ao risco e aproveitar a recuperação do Ibovespa, que disparou 7% em janeiro.  Segundo a corretora, mesmo após o forte desempenho do mês passado, os valuations no Brasil continuam muito atrativos, com as ações locais (sem Petrobras (PETR3;PETR4) e Vale (VALE3)) negociadas […]",Positive,para compra,Neutral,0.0,False,https://www.moneytimes.com.br/hora-de-se-expor-veja-as-acoes-para-comprar-agora-e-aproveitar-a-recuperacao-da-bolsa-segundo-o-btg/
2022-02-18,MoneyTimes,bank of america,"Petrobras (PETR4): Bank of America eleva preço-alvo, à espera de 4T21 forte","O Bank of America (BofA) elevou o preço-alvo das ADRs (American Depositary Receipts, recibo de ação de uma empresa estrangeira negociada nos Estados Unidos) da companhia de US$ 14,50 (R$ 40,50 por ação) para US$ 16,50 (R$ 46,50 por ação), acompanhando estimativas maiores. Analistas ajustaram as projeções para o quarto trimestre de 2021 após a […]",Positive,eleva preço-alvo,Positive,0.501546323299408,True,https://www.moneytimes.com.br/petrobras-petr4-bank-of-america-eleva-preco-alvo-a-espera-de-4t21-forte/
2022-03-02,MoneyTimes,xp,Veja as 5 ações escaladas pela XP para a semana encurtada pelo Carnaval,"A carteira Top Picks semanal da XP Investimentos segue com os cinco ativos indicados na última semana. As ações de Bradesco (BBDC4), Cyrela (CYRE3), Ser Educacional (SEER3), Light (LIGT3) e Petrobras (PETR4) foram mantidas no portfólio, cada uma com peso de 20%. Empresa Ticker Peso Bradesco BBDC4 20% Cyrela CYRE3 20% Light LIGT3 20% Petrobras […]",Positive,top pick,Neutral,0.0,False,https://www.moneytimes.com.br/veja-as-5-acoes-escaladas-pela-xp-para-a-semana-encurtada-pelo-carnaval/
2022-03-14,MoneyTimes,btg,"Petrobras (PETR4), Azul (AZUL4) e outras ações para vender nesta segunda, segundo Ágora e BTG","Se o BTG Pactual (BPAC11) e a Ágora Investimentos indicaram a Weg (WEGE3) como parte das ações recomendadas para esta segunda-feira (14), outras ações bastante conhecidas figuram a lista de venda para o investidor. Entre elas estão Petrobras (PETR4) e Azul (AZUL4). Ambas corretoras divulgaram suas recomendações de venda para o dia. As ações sugeridas […]",Negative,recomendações de venda,Neutral,0.0,False,https://www.moneytimes.com.br/petrobras-petr4-azul-azul4e-outras-acoes-para-vender-nesta-segunda-segundo-agora-e-btg/
2022-03-25,MoneyTimes,xp,Carteira semanal da XP ganha nova ação com retirada da Marfrig (MRFG3); confira,"A XP Investimentos realizou uma mudança em sua carteira Top Picks semanal. Para o período entre 25 de março e 1º de abril, a corretora optou por substituir a ação da Marfrig (MRFG3), que deixa o portfólio após a entrada da Porto Seguro (PSSA3). Os papéis de Bradesco (BBDC4), Vale (VALE3), Copel (CPLE6) e Petrobras […]",Positive,top pick,Neutral,0.0,False,https://www.moneytimes.com.br/carteira-semanal-da-xp-ganha-nova-acao-com-retirada-da-marfrig-mrfg3-confira/
2022-03-26,MoneyTimes,btg,"Veja 5 ações para comprar na próxima semana, de acordo com PagBank","O banco digital PagBank atualizou sua carteira recomendada semanal. Com a atualização, o portfólio passa a ter maior peso a ações ligadas a petróleo. Os cinco papéis indicados para o período entre 25 de março e 1º de abril, todos com peso igual de 20%, são: BTG Pactual (BPAC11), Fleury (FLRY3), Petrobras (PETR4), Transmissão Paulista […]",Positive,para compra,Neutral,0.0,False,https://www.moneytimes.com.br/veja-5-acoes-para-comprar-na-proxima-semana-de-acordo-com-pagbank/
2022-03-30,InfoMoney,xp,"Petrobras (PETR3;PETR4): por valuation e dividendo, XP eleva preço-alvo para ações e mantém recomendação de compra","Analistas revisaram estimativas, mas destacaram no título do documento:  “quanto mais as coisas mudam, mais elas permanecem as mesmas”",Positive,eleva preço-alvo,Positive,0.5959556698799133,True,https://www.infomoney.com.br/mercados/petrobras-petr3petr4-por-valuation-e-dividendo-xp-eleva-preco-alvo-para-acoes-e-mantem-recomendacao-de-compra/
2022-03-30,MoneyTimes,xp,Petrobras (PETR4): XP eleva preço-alvo para a ação e prevê ‘alto rendimento de dividendos’,"A XP Investimentos elevou o preço-alvo para as ações da Petrobras (PETR4) dois dias após o governo confirmar a troca de CEOs na companhia, mostra relatório desta quarta-feira (30). A corretora cita a expectativa por “alto rendimento de dividendos“, de cerca de 23% para 2022 e de 100% somando os próximos cinco anos. O preço-alvo […]",Positive,eleva preço-alvo,Positive,0.6124637722969055,True,https://www.moneytimes.com.br/petrobras-petr4-xp-eleva-preco-alvo-para-a-acao-e-fala-em-alto-rendimento-de-dividendos/
2022-04-08,MoneyTimes,xp investimentos,XP Investimentos recomenda 5 ações para comprar agora e poder lucrar na semana da páscoa,"A XP Investimentos realizou uma troca em sua carteira recomendada semanal de ações. A corretora retirou os papéis da SLC Agrícola (SLCE3) para a entrada de CCR (CCRO3). Os analistas mantiveram as ações do Bradesco (BBDC4), Marfrig (MRFG3), Bradespar (BRAP4) e Petrobras (PETR4) em suas recomendações validas de 8 a 15 de abril. Carteira da […]",Positive,para compra,Neutral,0.0,False,https://www.moneytimes.com.br/xp-investimentos-recomenda-5-acoes-para-comprar-agora-e-poder-lucrar-na-semana-da-pascoa/
2022-04-14,MoneyTimes,xp investimentos,XP Investimentos recomenda 5 ações para comprar agora e poder lucrar em uma semana,"A XP Investimentos não realizou trocas em sua carteira recomendada semanal de ações. A corretora manteve as 5 ações indicadas para comprar na semana anterior. Os analistas mantiveram as ações do Bradesco (BBDC4), Marfrig (MRFG3), Bradespar (BRAP4), CCR (CCRO3) e Petrobras (PETR4) em suas recomendações validas de 14 a 22 de abril. Carteira da XP […]",Positive,para compra,Neutral,0.0,False,https://www.moneytimes.com.br/xp-investimentos-recomenda-5-acoes-para-comprar-agora-e-poder-lucrar-em-uma-semana/
2022-04-22,MoneyTimes,xp,"Itaúsa (ITSA4), Petrobras (PETR4) e mais ações que XP sugere comprar na próxima semana","A atualização da carteira Top Picks semanal da XP Investimentos marca a entrada de três novos ativos na composição. A corretora excluiu Bradesco (BBDC4), Marfrig (MRFG3) e Bradespar (BRAP4) do portfólio. No lugar, foram incluídas as ações de Itaúsa (ITSA4), Copel (CPLE6) e Raia Drogasil (RADL3), cada uma com peso igual de 20%. Ficaram apenas […]",Positive,top pick,Neutral,0.0,False,https://www.moneytimes.com.br/itausa-itsa4-petrobras-petr4-e-mais-acoes-que-xp-sugere-comprar-na-proxima-semana/
2022-05-02,MoneyTimes,analistas,"5 ações boas pagadoras de dividendos para comprar em maio, segundo o PagBank","O PagBank escalou cinco ações boas pagadoras de dividendos para compor sua carteira recomendada em maio. O banco fez três trocas de ativos para o mês. Os analistas optaram por retirar as ações da Petrobras (PETR4), CPFL (CPFE3) e Energias do Brasil (ENBR3) das indicações de compra. As únicas ações focadas no pagamento de dividendos […]",Positive,para compra,Neutral,0.0,False,https://www.moneytimes.com.br/5-acoes-boas-pagadoras-de-dividendos-para-comprar-em-maio-segundo-o-pagbank/
2022-05-04,MoneyTimes,itaú bba,"Petrobras (PETR4) e os destaques em óleo e gás no 1T22, segundo Itaú BBA","O Itaú BBA calcula resultados fortes para as empresas de óleo e gás no 1T22, com destaque positivo para a Petrobras (PETR4), a 3R Petroleum (RRRP3) e a PetroRecôncavo (RECV3). Segundo o banco, o setor se beneficia dos preços do petróleo mais altos no trimestre e margens ainda fortes no segmento de distribuição de combustíveis. […]",Positive,positivo para a petrobras,Neutral,0.0,False,https://www.moneytimes.com.br/petrobras-petr4-e-os-destaques-em-oleo-e-gas-no-1t22-segundo-itau-bba/
2022-05-06,MoneyTimes,analistas,Petrobras (PETR4) sobe após balanço e mais dividendos; veja o que dizem analistas,"As ações Petrobras (PETR3;PETR4) sobem 2,5% nesta sexta-feira (6), a R$ 32,82, após a estatal divulgar lucro acima do esperado no primeiro trimestre, de R$ 43,3 bilhões, e com o CEO da companhia José Mauro Coelho, reiterando a política de preços de combustíveis.  Analistas seguem apontando o fator político como limitador para os preços dos […]",Positive,acima do esperado,Neutral,0.0,False,https://www.moneytimes.com.br/petrobras-petr4-sobe-dividendos-balanco-analise/
2022-05-19,MoneyTimes,analista,"Petrobras (PETR4): Com ou sem Brasília, dividendos serão grandes demais para ignorar, diz analista","A Ativa Investimentos elevou o preço-alvo da Petrobras (PETR3;PETR4) de R$ 38 para R$ 41 e manteve a recomendação de compra. De acordo com a corretora, mesmo com a efervescência política, os dividendos serão grandes demais para ignorar. “Sua capacidade de geração de caixa atual, a posição de dívida equalizada e a intenção em remunerar […]",Positive,elevou o preço-alvo,Negative,-0.6866937279701233,False,https://www.moneytimes.com.br/petrobras-petr4-com-ou-sem-brasilia-dividendos-serao-grande-demais-para-ignorar-diz-analista/
2022-05-20,MoneyTimes,btg,"Day Trade: Localiza (RENT3), Suzano (SUZB3), JBS (JBSS3) e outras ações para vender nesta manhã, segundo Ágora, BTG e PagBank","O BTG Pactual (BPAC11), a Ágora Investimentos e o PagBank indicaram a compra das ações da Petrobras (PETR4) para esta sexta-feira (20). Mas outras ações bastante conhecidas figuram a lista de vendas para o investidor, entre elas estão os ativos da Localiza (RENT3), Suzano (SUZB3) e JBS (JBSS3). As corretoras divulgaram suas recomendações de venda para […]",Negative,recomendações de venda,Neutral,0.0,False,https://www.moneytimes.com.br/day-trade-localiza-rent3-suzano-suzb3-jbs-jbss3-e-outras-acoes-para-vender-nesta-manha-segundo-agora-btg-e-pagbank/
2022-05-24,MoneyTimes,xp investimentos,Petrobras (PETR4): Chegou a hora de vender as ações da estatal?,"As primeiras análises sobre a nova troca de CEOs na Petrobras (PETR4) citam um desconforto e até medo por parte do acionistas minoritários, mas ressaltam a importância da governança da empresa e da Lei das Estatais. Entre os grandes bancos, a XP Investimentos segue com recomendação de compra para os papéis, enquanto o BTG Pactual […]",Positive,recomendação de compra,Neutral,0.0,False,https://www.moneytimes.com.br/petrobras-petr4-chegou-a-hora-de-vender-as-acoes-da-estatal/
2022-05-25,MoneyTimes,empiricus,"Petrobras (PETR4): Mesmo liberal, Caio de Andrade pode mudar política de preços","A nova troca de presidente da Petrobras (PETR4) em pouco tempo é negativa e levanta sinais de possíveis intervenções do governo na política de preços de combustíveis adotada pela companhia. Essa é a avaliação de Felipe Miranda, CEO e estrategista da Empiricus. “Parece que agora há um esforço mais sistemático e institucionalizado no sentido de […]",Negative,é negativ,Neutral,0.0,False,https://www.moneytimes.com.br/petrobras-petr4-mesmo-liberal-caio-de-andrade-pode-mudar-politica-de-precos/
2022-05-25,Exame,moody's,"Petrobras: troca de CEOs atrapalha crédito e exige vigilância, diz Moody's",Agência vê risco de interferência do governo em controles internos da estatal e pede independência de conselheiros,Negative,vê risco,Negative,-0.8459967970848083,True,https://exame.com/invest/mercados/petrobras-troca-de-ceos-atrapalha-credito-e-exige-vigilancia-diz-moodys/
2022-05-31,MoneyTimes,analistas,Coluna do TradingView: Ibovespa abre semana pesado,"Embora ontem foi feriado nos EUA, as bolsas Europeias e os Futuros Americanos fecharam sessão positiva, enquanto Bancos, Varejo e Petrobras pesaram nosso índice para próximo doas 111mil pontos. Confira as ideias dos analistas do TradingView. Caique Stein O que esperar nas próximas semanas para nosso Índice Bovespa. De cara, o que não podemos negar é a […]",Positive,são positiv,Neutral,0.0,False,https://www.moneytimes.com.br/coluna-do-tradingview-ibovespa-abre-semana-pesado/
2022-06-01,InfoMoney,ubs,Petrobras (PETR3 PETR4): UBS alerta para “potencial” escassez de combustíveis no Brasil,"O relatório, porém, não vê um risco de desabastecimento estrutural em todo o país, mas em locais com logística mais desafiadora",Negative,vê um risco,Negative,-0.835455596446991,True,https://www.infomoney.com.br/mercados/petrobras-petr3-petr4-ubs-brasil-escassez-combustiveis/
2022-06-20,InfoMoney,analistas,Petrobras (PETR4): ainda vale a pena comprar as ações em meio ao turbilhão na estatal?,"Analistas se dividem, com Eleven e Morgan com recomendação neutra, enquanto Goldman e XP mantêm recomendação de compra",Positive,recomendação de compra,Neutral,0.0,False,https://www.infomoney.com.br/mercados/petrobras-petr4-vale-a-pena-comprar-as-acoes-em-meio-ao-turbilhao-na-estatal/
2022-06-22,MoneyTimes,bradesco bbi,"Petrobras (PETR4) vira recomendação cada vez mais arriscada, diz Bradesco BBI","O Bradesco BBI diz reconhecer que a recomendação de compra das ações da Petrobras (PETR4) tem se tornado cada vez mais arriscada. O comentário é feito em um momento em que a classe política avança sobre a política de preços da empresa, diante da forte alta dos combustíveis.  O BBI diz estar surpreso ao ver que […]",Positive,recomendação de compra,Neutral,0.0,False,https://www.moneytimes.com.br/petrobras-petr4-vira-recomendacao-cada-vez-mais-arriscada-diz-bradesco-bbi/
2022-06-24,InfoMoney,bradesco bbi,Petrobras (PETR4) sai da lista do Bradesco BBI de top picks do setor de petróleo e gás; Vibra (VBBR3) é a preferida,Fatores para mudança são perspectivas de  potencial estagflação nos Estados Unidos e volatilidade com eleição presidencial no Brasil,Positive,top pick,Neutral,0.0,False,https://www.infomoney.com.br/mercados/acao-petrobras-petr4-sai-lista-top-picks-bradesco-bbi-petroleo-gas-vibra-vbbr3-preferida/
2022-06-27,Exame,itaú bba,Itaú BBA (ITUB4) recomenda compra de ações da Petrobras (PETR3),"Segundo o Itaú BBA, uma possível mudança na política de preços da Petrobras pode ter impactos consideráveis sobre o balanço da empresa, mas é um cenário improvável",Positive,recomenda compra,Neutral,0.0,False,https://exame.com/invest/mercados/itau-bba-itub4-outperform-petrobras-petr3/
2022-06-27,InfoMoney,itaú bba,Petrobras (PETR4): Itaú BBA reitera recomendação de compra e diz que pressão sobre política de preços já “alcançou pico”,Companhia deve surfar ainda preço do petróleo mais altos mas recuo da commodity no médio prazo deve diminuir a pressão política,Positive,recomendação de compra,Negative,-0.7015929818153381,False,https://www.infomoney.com.br/mercados/petrobras-petr4-itau-bba-reitera-recomendacao-de-compra-e-diz-que-pressao-sobre-politica-de-precos-ja-alcancou-pico/
2022-06-27,MoneyTimes,itaú bba,Itaú BBA retoma cobertura de Petrobras com ‘outperform’,"Analistas do Itaú BBA retomaram a cobertura de Petrobras (PETR3; PETR4) com recomendação ‘outperform’, com preço-alvo de 43 reais para as ações preferenciais e de 16,4 dólares para os ADRs. “Apesar de sermos sensíveis ao fluxo intenso de notícias sobre a empresa, ajustamos nossas lentes para focar nos fortes fundamentos da empresa e no sólido desempenho operacional”, […]",Positive,outperform,Positive,0.7444168329238892,True,https://www.moneytimes.com.br/itau-bba-retoma-cobertura-de-petrobras-com-outperform/
2022-07-01,InfoMoney,analistas,"As ações mais recomendadas pelos analistas para comprar em julho; Vale lidera, BB e Multiplan deixam lista","Petrobras e Suzano, com duas estreias cada, reforçam o time das commodities",Positive,para compra,Neutral,0.0,False,https://www.infomoney.com.br/onde-investir/as-acoes-mais-recomendadas-pelos-analistas-para-comprar-em-julho-vale-lidera-bb-e-multiplan-deixam-lista/
2022-07-01,MoneyTimes,santander,"10 ações de dividendos para comprar agora, segundo o Santander","A carteira de dividendos do Santander Corretora não teve alterações para o mês de julho. O BTG Pactual (BPAC11), a Vale (VALE3) e a Petrobras (PETR3) seguem sendo as ações com maiores pesos para este mês, com 15%, 13% e 12%, respectivamente. Em junho, a carteira de dividendos teve um desempenho negativo, de 9,30%, ante queda de 11,55% […]",Positive,para compra,Neutral,0.0,False,https://www.moneytimes.com.br/10-acoes-de-dividendos-para-comprar-agora-segundo-o-santander/
2022-07-08,MoneyTimes,xp,XP tira Petrobras (PETR4) e mais duas ações da carteira semanal; veja os papéis que entraram,"A XP Investimentos retirou Petrobras (PETR4) e outros dois papéis da carteira Top Picks Arena semanal. Além da estatal, deixam o portfólio as ações da WEG (WEGE3) e da CSN (CSNA3). No lugar, a corretora incluiu as petroleiras 3R Petroleum (RRRP3) e Enauta (ENAT3), além da companhia aérea Gol (GOLL4). Completam a carteira as ações […]",Positive,top pick,Negative,-0.7573208212852478,False,https://www.moneytimes.com.br/xp-tira-petrobras-petr4-e-mais-duas-acoes-da-carteira-semanal-veja-os-papeis-que-entraram/
2022-07-12,Exame,btg,BTG Pactual (BPAC11) reitera compra de ações da Prio (PRIO3) com negociação de Albacora,Os analistas do BTG Pactual reafirmaram a recomendação de compra de papéis da antiga PetroRio por conta da negociação com a Petrobras pelo Campo de Albacora,Positive,recomendação de compra,Positive,0.6300257444381714,True,https://exame.com/invest/mercados/btg-pactual-bpac11-prio3-petrorio-compra-albacora/
2022-07-15,MoneyTimes,santander,"Ação da 3R Petroleum (RRRP3) pode virar foguete e disparar 245%, estima Santander","O Santander iniciou a cobertura das ações da 3R Petroleum (RRRP3) com recomendação de compra e preço-alvo de R$ 100 até o final de 2023, o que implica potencial de alta de 245%. De acordo com a corretora, o M&A (fusões e aquisições) da 3R é impressionante, principalmente depois da compra dos ativos da Petrobras […]",Positive,recomendação de compra,Neutral,0.0,False,https://www.moneytimes.com.br/acao-da-3r-petroleum-rrrp3-pode-virar-foguete-e-disparar-245-estima-santander/
2022-07-19,MoneyTimes,btg,"Day Trade: Vale (VALE3), CSN (CSNA3) e outras ações para vender hoje, segundo Ágora, BTG e PagBank","A Ágora Investimentos, o BTG Pactual (BPAC11) e o PagBank indicaram a compra das ações da Petrobras (PETR3) para esta segunda-feira (18). No entanto, outras ações bastante conhecidas figuram a lista de vendas para o investidor, entre elas estão os ativos da CSN (CSNA3). As corretoras divulgaram suas recomendações de venda para o dia. As […]",Negative,recomendações de venda,Neutral,0.0,False,https://www.moneytimes.com.br/day-trade-vale-vale3-csn-csna3-e-outras-acoes-para-vender-hoje-segundo-agora-btg-e-pagbank/
2022-07-21,MoneyTimes,santander,"Day Trade: Petrobras (PETR4), Santander (SANB11) e outras ações para vender hoje, segundo Ágora, BTG e PagBank","A Ágora Investimentos, o BTG Pactual e o PagBank indicaram a compra das ações da Magazine Luíza (MGLU3) para esta quinta-feira (21). No entanto, outras ações bastante conhecidas figuram a lista de vendas para o investidor, entre elas estão os ativos da Santander (SANB11) e Petrobras (PETR4). As corretoras divulgaram suas recomendações de venda para o […]",Negative,recomendações de venda,Neutral,0.0,False,https://www.moneytimes.com.br/day-trade-petrobras-petr4-santander-sanb11-e-outras-acoes-para-vender-hoje-segundo-agora-btg-e-pagbank/
2022-07-22,Exame,analistas,Petrobras (PETR3/PETR4): Credit aumenta preço-alvo e vê upside de 57% após prévia,Analistas avaliam que alta no Ebitda e no pagamento de dividendos torna empresa atrativa apesar dos riscos,Positive,aumenta preço-alvo,Positive,0.6985060572624207,True,https://exame.com/invest/mercados/petrobras-petr3-petr4-credit-aumenta-preco-alvo-e-ve-upside-de-56-apos-previa/
2022-07-25,MoneyTimes,btg,"Day Trade: Petrobras (PETR4), CSN (CSNA3) e mais 6 ações para comprar hoje e buscar até 3,64%","A Ágora Investimentos, o BTG Pactual, e o PagBank divulgaram as suas recomendações de investimento para esta sexta-feira (22). As ações sugeridas são de analistas gráficos, que usam uma metodologia que busca antecipar as tendências de curtíssimo prazo. As ações indicadas Lembre-se de que todo investimento envolve riscos e, portanto, não há garantia de retorno. […]",Positive,para compra,Neutral,0.0,False,https://www.moneytimes.com.br/day-trade-petrobras-petr4-csn-csna3-e-mais-6-acoes-para-comprar-hoje-e-buscar-ate-364/
2022-07-25,MoneyTimes,santander,"Day Trade: Banco do Brasil (BBAS3), Santander (SANB11) e outras ações para vender hoje, segundo Ágora, BTG e PagBank","A Ágora Investimentos, o BTG Pactual e o PagBank indicaram a compra das ações da Petrobras (PETR4) para esta segunda-feira (25). No entanto, outras ações bastante conhecidas figuram a lista de vendas para o investidor, entre elas estão os ativos do Banco do Brasil (BBAS3) e Santander (SANB11). As corretoras divulgaram suas recomendações de venda para […]",Negative,recomendações de venda,Neutral,0.0,False,https://www.moneytimes.com.br/day-trade-banco-do-brasil-bbas3-santander-sanb11-e-outras-acoes-para-vender-hoje-segundo-agora-btg-e-pagbank/
2022-07-26,MoneyTimes,bradesco bbi,"Com gasolina em alta, Petrobras (PETR4) deve pagar US$ 12 bilhões em dividendos, diz Bradesco BBI","A Petrobras (PETR4) pode anunciar o pagamento de US$ 12 bilhões em dividendos ao divulgar o balanço do segundo trimestre deste ano, segundo o Bradesco BBI. O valor equivaleria a R$ 64,3 bilhões e um rendimento em proventos de 16%. “Esperamos que os resultados do 2T22 sejam principalmente positivos para as companhias de petróleo, já […]",Positive,positivos para as companhia,Negative,-0.7236467599868774,False,https://www.moneytimes.com.br/com-gasolina-em-alta-petrobras-petr4-deve-pagar-us-12-bilhoes-em-dividendos-diz-bradesco/
2022-07-27,MoneyTimes,bank of america,"Ação de “petroleira esquecida” pode saltar 48% ainda em 2022, estima BofA","Longe dos holofotes da Petrobras (PETR3;PETR4), PetroRio (PRIO3) e até da 3R Petroleum (RRRP3), a Enauta (ENAT3) pode surpreender e saltar 48% ainda em 2022, estima o Bank of America em relatório enviado a clientes. O banco tem recomendação de compra para as ações, com preço-alvo de R$ 26. “Esperamos que a ação se beneficie […]",Positive,recomendação de compra,Negative,-0.7572510838508606,False,https://www.moneytimes.com.br/acao-de-petroleira-esquecida-pode-saltar-48-ainda-em-2022-estima-bofa/
2022-07-28,MoneyTimes,corretora,"Petrobras (PETR4): Dividendos pegam mercado de surpresa e ações disparam; “Muito acima da expectativa”, diz Ativa","A Petrobras (PETR4) pegou o mercado de surpresa ao anunciar dividendos de R$ 87 bilhões, segundo cálculos da Ativa, ou R$ 6,73 por ação. De acordo com a corretora, o valor ficou consideravelmente superior às expectativas. Após o anúncio, a ação da Petrobras ganhou fôlego e saltou mais de 3%, empurrando o Ibovespa. A ação […]",Positive,acima da expectativa,Negative,-0.6648890972137451,False,https://www.moneytimes.com.br/petrobras-petr4-dividendos-pegam-mercado-de-surpresa-e-acoes-disparam-muito-acima-da-expectativa-diz-ativa/
2022-07-28,MoneyTimes,itaú bba,"Petrobras (PETR4) pagará R$ 6,73 em dividendos","A Petrobras (PETR3; PETR4) pagará R$ 6,73 por ação em dividendos, mostra documento enviado ao mercado nesta quinta-feira (28). O número ficou acima do esperado pelo mercado. O Itaú BBA, por exemplo, aguardava dividendos de R$ 4 por ação. ‘Máquina de fazer dinheiro’, euforia com Petrobras (PETR4) pode minar com as eleições presidenciais? Libere um relatório […]",Positive,acima do esperado,Negative,-0.7251783013343811,False,https://www.moneytimes.com.br/petrobras-petr4-pagara-r-673-em-dividendos/
2022-07-28,MoneyTimes,analistas,Petrobras (PETR4): Ainda dá tempo de embolsar os dividendos estratosféricos?,"Os investidores que tiverem as ações da Petrobras (PETR3; PETR4) na carteira até o dia 11 de agosto terão direito aos dividendos de R$ 6,73 por ação, anunciados pela companhia em documento enviado ao mercado nesta quinta-feira (28). Após a divulgação, os analistas da Ativa Investimentos seguem recomendando a compra das ações da petrolífera, mas […]",Positive,recomendando a compra,Neutral,0.0,False,https://www.moneytimes.com.br/petrobras-petr4-ainda-da-tempo-de-embolsar-os-dividendos-estratosfericos/
2022-07-29,MoneyTimes,s&p,Ibovespa ultrapassa os 103 mil pontos; Veja o que mexe com os mercados,"O Ibovespa opera em alta nesta sexta-feira (29) repercutindo o resultado da Petrobras (PETR4), que além de divulgar números acima do esperado, também anunciou dividendos recordes. Por volta das 12h17, o principal índice da bolsa brasileira subia 0,61%, a 103.214,77. Em Wall Street: Nasdaq tem alta de 0,97; S&P 500 sobe 0,72%; O último pregão […]",Positive,acima do esperado,Positive,0.5221902132034302,True,https://www.moneytimes.com.br/ibovespa-sobe-e-encosta-nos-103-mil-pontos-veja-o-que-mexe-com-os-mercados/
2022-07-29,MoneyTimes,s&p,Ibovespa (IBOV) avança com disparada de Petrobras (PETR4) e NY em alta,"O Ibovespa (IBOV) operava em alta nesta sexta-feira (29), repercutindo o resultado da Petrobras (PETR4), que divulgou números acima do esperado e anunciou o pagamento de dividendos. Por volta das 14h05, o principal índice da Bolsa brasileira subia 0,76%, aos 103,3 mil pontos. Em Wall Street, Nasdaq tinha alta de 1,31% e o S&P 500 avançava […]",Positive,acima do esperado,Positive,0.4990650117397308,True,https://www.moneytimes.com.br/ibovespa-ibov-avanca-com-disparada-de-petrobras-petr4-e-ny-em-alta/
2022-08-01,InfoMoney,analistas,As ações mais recomendadas pelos analistas para comprar em agosto; Assaí e Lojas Renner entram e BTG Pactual e Suzano saem,Vale segue na liderança; Itaú e Petrobras se mantêm entre os destaques,Positive,para compra,Neutral,0.0,False,https://www.infomoney.com.br/onde-investir/as-acoes-mais-recomendadas-pelos-analistas-para-comprar-em-agosto-assai-e-lojas-renner-entram-e-btg-pactual-e-suzano-saem/
2022-08-01,MoneyTimes,corretora,"5 ações de dividendos para comprar agora, segundo a MyCap","A MyCap manteve a carteira recomendada de dividendos para agosto sem alterações. Permanecem no portfólio Eletrobras (ELET3), Vivo (VIVT3), Banco do Brasil (BBAS3), CSN (CSNA3) e Petrobras (PETR4). Em julho, o desempenho da carteira foi melhor que do índice IDividendos, com rentabilidade de 4,18% contra 1,98% do índice. A corretora destaca que a Petrobras se provou uma […]",Positive,para compra,Neutral,0.0,False,https://www.moneytimes.com.br/5-acoes-de-dividendos-para-comprar-agora-segundo-a-mycap/
2022-08-02,InfoMoney,goldman sachs,Goldman Sachs prevê que Petrobras (PETR4) pagará mais US$ 13 bilhões em dividendos no 3º trimestre de 2022,"Banco elevou preço-alvo para ações da companhia, mantendo recomendação de compra para PETR3 e PETR4",Positive,elevou preço-alvo,Negative,-0.730498194694519,False,https://www.infomoney.com.br/mercados/goldman-sachs-preve-que-petrobras-petr4-pagara-mais-us-13-bilhoes-em-dividendos-no-3o-trimestre-de-2022/
2022-08-02,MoneyTimes,btg,Ações baratas e com retornos de até 18% de dividendos: BTG elenca 10 ações para comprar em agosto,"O BTG Pactual trocou os papéis da Vale (VALE3), Cyrela (CYRE3) e Energisa (ENGI11) por Petrobras (PETR3;PETR4), Cosan (CSAN3) e Minerva (BEEF3) para a carteira recomendada de dividendos de agosto, mostra relatório enviado a clientes. Os analistas dizem que optaram por retirar Vale devido aos receios com retomada da atividade na China (mercado imobiliário segue […]",Positive,para compra,Neutral,0.0,False,https://www.moneytimes.com.br/acoes-baratas-e-com-retornos-de-ate-18-de-dividendos-btg-elenca-10-acoes-para-comprar-em-agosto/
2022-08-02,MoneyTimes,btg,"Day Trade: Petrobras (PETR4), Banco do Brasil (BBAS3) e outras ações para vender hoje, segundo Ágora, BTG e PagBank","A Ágora Investimentos, o BTG Pactual e o PagBank indicaram a compra das ações da Taurus (TASA4) para esta terça-feira (2). No entanto, outras ações bastante conhecidas figuram a lista de vendas para o investidor, entre elas estão os ativos do Petrobras (PETR4) e Banco do Brasil (BBAS3). As corretoras divulgaram suas recomendações de venda para […]",Negative,recomendações de venda,Neutral,0.0,False,https://www.moneytimes.com.br/day-trade-petrobras-petr4-banco-do-brasil-bbas3-e-outras-acoes-para-vender-hoje-segundo-agora-btg-e-pagbank/
2022-08-04,MoneyTimes,btg,"Day Trade: Petrobras (PETR4), BRF (BRFS3) e mais 6 ações para comprar hoje e buscar até 3,45%","A Ágora Investimentos, o BTG Pactual, e o PagBank divulgaram as suas recomendações de investimento para esta quinta-feira (4). As ações sugeridas são de analistas gráficos, que usam uma metodologia que busca antecipar as tendências de curtíssimo prazo. As ações indicadas Lembre-se de que todo investimento envolve riscos e, portanto, não há garantia de retorno. […]",Positive,para compra,Neutral,0.0,False,https://www.moneytimes.com.br/day-trade-petrobras-petr4-brf-brfs3-e-mais-6-acoes-para-comprar-hoje-e-buscar-ate-345/
2022-08-11,MoneyTimes,bank of america,"PetroRio pode ganhar R$ 10 por ação com aquisição de campo, diz BofA","O Bank of America (BofA) elevou o preço-alvo de PetroRio de R$ 35,50 para R$ 37 por ação ordinária com recomendação de compra mantida prevendo ganhos de R$ 10 por papel com a incorporação do campo Albacora Leste, vendido pela Petrobras em abril.  A elevação do preço-alvo, dizem os analistas Frank McGann e Leonardo Marcondes, […]",Positive,elevou o preço-alvo,Positive,0.6929976940155029,True,https://www.moneytimes.com.br/petrorio-pode-ganhar-r-10-por-acao-com-aquisicao-de-campo-diz-bofa/
2022-08-23,MoneyTimes,btg,"Day Trade: Petrobras (PETR4), Petrorio (PRIO3) e mais 6 ações para comprar hoje e buscar até 3,99%","A Ágora Investimentos, o BTG Pactual, e o PagBank divulgaram as suas recomendações de investimento para esta terça-feira (23). As ações sugeridas são de analistas gráficos, que usam uma metodologia que busca antecipar as tendências de curtíssimo prazo. As ações indicadas Lembre-se de que todo investimento envolve riscos e, portanto, não há garantia de retorno. […]",Positive,para compra,Neutral,0.0,False,https://www.moneytimes.com.br/day-trade-petrobras-petr4-petrorio-prio3-e-mais-6-acoes-para-comprar-hoje-e-buscar-ate-399/
2022-08-23,MoneyTimes,btg,"Day Trade: 9 ações para vender hoje e buscar até 3,73%, segundo Ágora, BTG e PagBank","A Ágora Investimentos, o BTG Pactual e o PagBank indicaram a compra das ações da Petrobras (PETR4) para esta terça-feira (23). No entanto, outras ações bastante conhecidas figuram a lista de vendas para o investidor, entre elas estão os ativos de B3 (B3SA3) e CSN (CSNA3). As corretoras divulgaram suas recomendações de venda para o dia. […]",Negative,recomendações de venda,Neutral,0.0,False,https://www.moneytimes.com.br/day-trade-9-acoes-para-vender-hoje-e-buscar-ate-373-segundo-agora-btg-e-pagbank/
2022-08-29,MoneyTimes,btg,Petrobras (PETR4) e Braskem (BRKM3) negam operação de venda,"A Petrobras (PETR3;PETR4) disse neste domingo (28) que não é verdadeira a informação de que recusou uma proposta do BTG Pactual (BPAC11) para compra da Braskem (BRKM3). A petroquímica também negou a informação. Agora, há apenas dois lances firmes na mesa: uma da gestora americana Apollo por 100% da Braskem e outra da Unipar focada […]",Positive,para compra,Negative,-0.8102325201034546,False,https://www.moneytimes.com.br/petrobras-petr4-e-braskem-brkm3-negam-operacao-de-venda/
2022-08-30,InfoMoney,itaú bba,Petrobras (PETR4): Itaú BBA corta recomendação e preço-alvo para ação após forte alta e com mudanças macroeconômicas,"Equipe de análise do BBA projeta dividendos menores, mas ainda sólidos, para o segundo semestre de 2022",Negative,corta recomendação,Negative,-0.7995191812515259,True,https://www.infomoney.com.br/mercados/bba-corta-recomendacao-petrobras-petr4-apos-forte-retorno-acionista-mudancas-macroeconomicas/
2022-08-30,MoneyTimes,btg,"Day Trade: Petrobras (PETR4), Banco do Brasil (BBAS3) e mais 6 ações para comprar hoje e buscar até 4%","A Ágora Investimentos, o BTG Pactual, e o PagBank divulgaram as suas recomendações de investimento para esta terça-feira (30). As ações sugeridas são de analistas gráficos, que usam uma metodologia que busca antecipar as tendências de curtíssimo prazo. As ações indicadas QUASE 1000% EM CERCA DE 3 MESES: receba indicações de day trade diária de […]",Positive,para compra,Neutral,0.0,False,https://www.moneytimes.com.br/day-trade-petrobras-petr4-banco-do-brasil-bbas3-e-mais-6-acoes-para-comprar-hoje-e-buscar-ate-4/
2022-08-30,MoneyTimes,btg,"Day Trade: Taurus (TASA4), Weg (WEGE3) e mais 6 ações para vender nesta terça e buscar até 3,07%","A Ágora Investimentos, o BTG Pactual e o PagBank indicaram a compra das ações da Petrobras (PETR4) para esta terça-feira (30). No entanto, outras ações bastante conhecidas figuram a lista de vendas para o investidor, entre elas estão os ativos de Weg (WEGE3) e Petz (PETZ3). As corretoras divulgaram suas recomendações de venda para o dia. […]",Negative,recomendações de venda,Neutral,0.0,False,https://www.moneytimes.com.br/day-trade-taurus-tasa4-weg-wege3-e-mais-6-acoes-para-vender-nesta-terca-e-buscar-ate-307/
2022-08-31,MoneyTimes,btg,"Day Trade: Petrobras (PETR4), Marfrig (MRFG3) e mais 6 ações para vender hoje e buscar até 3,25%","A Ágora Investimentos, o BTG Pactual e o PagBank indicaram a compra das ações da Usiminas (USIM5) para esta quarta-feira (31). No entanto, outras ações bastante conhecidas figuram a lista de vendas para o investidor, entre elas estão os ativos de Petrobras (PETR4) e Marfrig (MRFG3). As corretoras divulgaram suas recomendações de venda para o dia. […]",Negative,recomendações de venda,Neutral,0.0,False,https://www.moneytimes.com.br/day-trade-petrobras-petr4-marfrig-mrfg3-e-mais-6-acoes-para-vender-hoje-e-buscar-ate-325/
2022-09-02,MoneyTimes,btg,"Day Trade: Vale (VALE3), JBS (JBSS3) e mais 6 ações para vender hoje e buscar até 3,43%","A Ágora Investimentos, o BTG Pactual e o PagBank indicaram a compra das ações da Petrobras (PETR4) para esta sexta-feira (2). No entanto, outras ações bastante conhecidas figuram a lista de vendas para o investidor, entre elas estão os ativos de Vale (VALE3) e JBS (JBSS3). As corretoras divulgaram suas recomendações de venda para o dia. […]",Negative,recomendações de venda,Neutral,0.0,False,https://www.moneytimes.com.br/day-trade-vale-vale3-jbs-jbss3-e-mais-6-acoes-para-vender-hoje-e-buscar-ate-343/
2022-09-02,MoneyTimes,btg,"Day Trade: Petrobras (PETR4), Weg (WEGE3) e mais 7 ações para comprar hoje e buscar até 3,51%","A Ágora Investimentos, o BTG Pactual, e o PagBank divulgaram as suas recomendações de investimento para esta sexta-feira (2). As ações sugeridas são de analistas gráficos, que usam uma metodologia que busca antecipar as tendências de curtíssimo prazo. As ações indicadas Lembre-se de que todo investimento envolve riscos e, portanto, não há garantia de retorno. […]",Positive,para compra,Neutral,0.0,False,https://www.moneytimes.com.br/day-trade-petrobras-petr4-weg-wege3-e-mais-7-acoes-para-comprar-hoje-e-buscar-ate-351/
2022-09-08,MoneyTimes,btg,"Day Trade: Petrobras (PETR4), Banco do Brasil (BBAS3) e mais 6 ações para comprar hoje e buscar até 3,26%","A Ágora Investimentos, o BTG Pactual, e o PagBank divulgaram as suas recomendações de investimento para esta quinta-feira (8). As ações sugeridas são de analistas gráficos, que usam uma metodologia que busca antecipar as tendências de curtíssimo prazo. As ações indicadas PagBank Empresa Ticker Entrada (R$) 1º alvo (R$) Potencial de ganho 2º alvo (R$) […]",Positive,para compra,Neutral,0.0,False,https://www.moneytimes.com.br/day-trade-petrobras-petr4-banco-do-brasil-bbas3-e-mais-6-acoes-para-comprar-hoje-e-buscar-ate-326/
2022-09-09,MoneyTimes,analistas,PRIO (PRIO3): Crescimento está em risco com negociação fracassada de Albacora Oeste?,"O fato de a Petrobras (PETR4) desistir de vender o Campo Albacora Oeste é negativo para o case de crescimento da PRIO (PRIO3), disseram analistas da Genial Investimentos. Apesar disso, as ações não devem sentir impacto. Segundo a Genial, nos preços atuais, a aquisição de Albacora Leste sequer está devidamente precificada. A Terra Investimentos destaca que a […]",Negative,é negativ,Negative,-0.8385240435600281,True,https://www.moneytimes.com.br/prio-prio3-crescimento-esta-em-risco-com-negociacao-fracassada-de-albacora-oeste/
2022-09-13,MoneyTimes,btg,"Day Trade: Petrobras (PETR4) e mais 8 ações para vender nesta terça, segundo Ágora, BTG e PagBank","A Ágora Investimentos, o BTG Pactual e o PagBank indicaram a compra das ações do TG Pactual (BPAC11) para esta terça-feira (13). No entanto, outras ações bastante conhecidas figuram a lista de vendas, entre elas estão Petrobras (PETR4) e BB Seguridade (BBSE3). As corretoras divulgaram suas recomendações de venda para o dia. As ações sugeridas são […]",Negative,recomendações de venda,Neutral,0.0,False,https://www.moneytimes.com.br/day-trade-petrobras-petr4-e-mais-8-acoes-para-vender-nesta-terca-segundo-agora-btg-e-pagbank/
2022-09-19,MoneyTimes,credit suisse,Petrobras (PBR): Dividendos volumosos compensam risco eleitoral; Credit Suisse vê alta de 52% para ADR,"O Credit Suisse elevou o preço-alvo do ADR (American Depositary Receipt) da Petrobras (PBR), de US$ 18 para US$ 20, e reiterou sua recomendação de “outperform” (desempenho esperado acima da média do mercado, equivalente a “compra”). O novo preço-alvo para o ADR implica um potencial de valorização de 52,6% em relação à cotação do último […]",Positive,elevou o preço-alvo,Negative,-0.3438307344913482,False,https://www.moneytimes.com.br/petrobras-pbr-dividendos-volumosos-compensam-risco-eleitoral-credit-suisse-ve-alta-de-52-para-adr/
2022-09-20,MoneyTimes,btg,"Day Trade: Petrobras (PETR4), Vale (VALE3) e mais 6 ações para comprar hoje e buscar até 3,61%","A Ágora Investimentos, o BTG Pactual, e o PagBank divulgaram as suas recomendações de investimento para esta terça-feira (20). As ações sugeridas são de analistas gráficos, que usam uma metodologia que busca antecipar as tendências de curtíssimo prazo. As ações indicadas PagBank Empresa Ticker Entrada (R$) 1º alvo (R$) Potencial de ganho 2º alvo (R$) […]",Positive,para compra,Neutral,0.0,False,https://www.moneytimes.com.br/day-trade-petrobras-petr4-vale-vale3-e-mais-6-acoes-para-comprar-hoje-e-buscar-ate-361/
2022-09-20,MoneyTimes,btg,"Day Trade: 7 ações para vender nesta terça e buscar até 3,44%, segundo Ágora, BTG e PagBank","A Ágora Investimentos, o BTG Pactual e o PagBank indicaram a compra das ações de Petrobras (PETR4) para esta terça-feira (20). No entanto, outras ações bastante conhecidas figuram a lista de vendas, entre elas estão Enauta (ENAT3) e Klabin (KLBN11). As corretoras divulgaram suas recomendações de venda para o dia. As ações sugeridas são de analistas […]",Negative,recomendações de venda,Neutral,0.0,False,https://www.moneytimes.com.br/day-trade-7-acoes-para-vender-nesta-terca-e-buscar-ate-344-segundo-agora-btg-e-pagbank/
2022-09-26,MoneyTimes,analistas,Não invista na Petrobras (PETR4) nesta semana eleitoral; 12 analistas sugerem uma outra opção,"Nesta semana que antecede o primeiro turno das eleições 2022 no Brasil, as ações da Petrobras (PETR4) foram varridas das mesas de análise dos profissionais de mercado, sem angariarem nenhuma indicação de compra, de acordo com levantamento feito com 12 carteiras recomendadas. O Money Times contabilizou 48 empresas com ao menos uma recomendação de compra […]",Positive,recomendação de compra,Neutral,0.0,False,https://www.moneytimes.com.br/nao-invista-na-petrobras-petr4-nesta-semana-eleitoral-o-melhor-de-12-carteiras-recomendadas/
2022-09-26,MoneyTimes,btg,"Day Trade: Petrobras (PETR4), Azul (AZUL4) e outras ações para vender hoje e lucrar até 3,40%","A Ágora Investimentos, o BTG Pactual e o PagBank indicaram a compra das ações de Fleury (FLRY3) para esta segunda-feira (26). No entanto, outros papéis figuram a lista de vendas, entre eles estão Vale (VALE3) e CVC (AZUL4). As corretoras divulgaram suas recomendações de venda para o dia. As ações sugeridas são de analistas gráficos, que […]",Negative,recomendações de venda,Positive,0.5331668257713318,False,https://www.moneytimes.com.br/day-trade-petrobras-petr4-azul-azul4-e-outras-acoes-para-vender-hoje-e-lucrar-ate-340/
2022-09-28,MoneyTimes,btg,"Day Trade: Petrobras (PETR4), Cielo (CIEL3) e mais 7 ações para comprar hoje e buscar até 3,79%","A Ágora Investimentos, o BTG Pactual, e o PagBank divulgaram as suas recomendações de investimento para esta quarta-feira (28). As ações sugeridas são de analistas gráficos, que usam uma metodologia que busca antecipar as tendências de curtíssimo prazo. As ações indicadas PagBank Empresa Ticker Entrada (R$) 1º alvo (R$) Potencial de ganho 2º alvo (R$) […]",Positive,para compra,Neutral,0.0,False,https://www.moneytimes.com.br/day-trade-petrobras-petr4-cielo-ciel3-e-mais-7-acoes-para-comprar-hoje-e-buscar-ate-379/
2022-10-07,MoneyTimes,btg,"Day Trade: Petrobras (PETR4), Eletrobras (ELET6) e mais 6 ações para comprar hoje e buscar até 3,60%","A Ágora Investimentos, o BTG Pactual, e o PagBank divulgaram as suas recomendações de investimento para esta sexta-feira (7). As ações sugeridas são de analistas gráficos, que usam uma metodologia que busca antecipar as tendências de curtíssimo prazo. As ações indicadas PagBank Empresa Ticker Entrada (R$) 1º alvo (R$) Potencial de ganho 2º alvo (R$) […]",Positive,para compra,Neutral,0.0,False,https://www.moneytimes.com.br/day-trade-petrobras-petr4-eletrobras-elet6-e-mais-6-acoes-para-comprar-hoje-e-buscar-ate-360/
2022-10-17,InfoMoney,credit suisse,Petrobras (PETR3;PETR4): Credit Suisse corta recomendação para ADR e entra no modo “esperar para ver” resultado da eleição,"Analistas veem que fundamentos fornecem bases para atual preço das ações, mas que assimetria de curto prazo levando em conta a eleição não é mais favorável",Negative,corta recomendação,Negative,-0.7756166458129883,True,https://www.infomoney.com.br/mercados/petrobras-petr3-petr4-credit-suisse-corta-recomendacao-para-adr-e-entra-no-modo-esperar-para-ver-eleicao/
2022-10-17,MoneyTimes,corretora,"Ação de petroleira tem potencial de saltar 80% e deixar seus concorrentes no chinelo, prevê Inter","O Inter Research iniciou a cobertura das chamadas petroleiras juniores (PRIO3, 3R Petroleum e PetroRecôncavo), ou seja, empresas com produção menor que a Petrobras (PETR3;PETR4), mas que não necessariamente são companhias pequenas. Mesmo recomendando compra nas três empresas, a corretora enxerga potencial de alta muito maior para a 3RPetroleum, com preço-alvo de R$ 74 (disparada […]",Positive,recomendando compra,Positive,0.3728965222835541,True,https://www.moneytimes.com.br/acao-de-petroleira-tem-potencial-de-saltar-80-e-deixar-seus-concorrentes-no-chinelo-preve-inter/
2022-10-18,MoneyTimes,corretora,Por que a PetroRecôncavo (REVC3) é a petroleira mais segura da bolsa?,"O Inter Research iniciou a cobertura das chamadas petroleiras juniores (PRIO, 3R Petroleum e PetroRecôncavo), ou seja, empresas com produção menor que a Petrobras (PETR3;PETR4), mas que não necessariamente são companhias pequenas. Apesar de recomendar compra nas três empresas, a corretora enxerga potencial de alta muito maior para a 3RPetroleum, com preço-alvo de R$ 74 (disparada de 82% ante o fechamento […]",Positive,recomendar compra,Positive,0.6872320175170898,True,https://www.moneytimes.com.br/por-que-a-petroreconcavo-revc3-e-a-petroleira-mais-segura-da-bolsa/
2022-11-01,InfoMoney,analistas,As ações mais recomendadas pelos analistas para comprar em novembro; VALE3 sai do topo da lista pela 1ª vez em 2022,"Itaú Unibanco (ITUB4) assume a liderança das recomendações; Prio (PRIO3) e Totvs (TOTS3) são novidades, enquanto Ambev, Eletrobras e Petrobras deixam lista",Positive,para compra,Neutral,0.0,False,https://www.infomoney.com.br/onde-investir/as-acoes-mais-recomendadas-pelos-analistas-para-comprar-em-novembro-vale3-perde-o-topo-pela-1a-vez-em-2022/
2022-11-04,MoneyTimes,goldman sachs,Petrobras (PETR4): Goldman Sachs rebaixa recomendação por incertezas políticas nos próximos anos,"O Goldman Sachs rebaixou a recomendação para as ações da Petrobras (PETR3; PETR4) de “compra” para “neutro”, devido ao aumento da incerteza em torno das políticas a serem adotadas nos próximos anos. Segundo Bruno Amorim e equipe do Goldman, os pagamentos de dividendos têm sido um foco dos investidores. Entretanto, o presidente eleito, Lula (PT), e outros […]",Negative,rebaixa recomendação,Negative,-0.8381369709968567,True,https://www.moneytimes.com.br/petrobras-petr4-goldman-sachs-rebaixa-recomendacao-por-incertezas-politicas-nos-proximos-anos/
2022-11-05,MoneyTimes,analistas,Petrobras (PETR4): O alerta de analistas para os megadividendos; ‘Podem ter sido os últimos’,"Analistas continuam revisando as estimativas da Petrobras (PETR4) para encaixar o presidente eleito Luiz Inácio Lula da Silva na equação. E, até o momento, o cenário tem sido de pessimismo com o novo governo. Após o Goldman rebaixar a empresa, Ativa e Inter Research também seguiram parte do mercado e cortaram a recomendação da estatal de […]",Negative,cortaram a recomendação,Negative,-0.7149304747581482,True,https://www.moneytimes.com.br/petrobras-petr4-o-alerta-de-analistas-para-os-megadividendos-podem-ter-sido-os-ultimos/
2022-11-13,MoneyTimes,analistas,"BBDC4 após resultado, PRIO3 em vez de PETR4 e mais destaques em Comprar ou Vender da última semana","O Bradesco (BBDC4) movimentou os mercados na última semana após divulgar queda de mais de 20% no lucro líquido recorrente do terceiro trimestre. A ação do banco derreteu 17,38% como resposta aos números decepcionantes e foi destaque de busca no Money Times. Confira as recomendações de analistas sobre o papel e outros assuntos que movimentaram […]",Negative,decepcion,Neutral,0.0,False,https://www.moneytimes.com.br/bbdc4-apos-resultado-prio3-em-vez-de-petr4-e-mais-destaques-em-comprar-ou-vender-da-ultima-semana/
2022-11-16,MoneyTimes,btg,"Day Trade: Petrobras (PETR4), BB Seguridade (BBSE3) e mais 7 ações para comprar hoje e buscar até 6,05%","O BTG Pactual e o PagBank divulgaram as suas recomendações de investimento para esta quarta-feira (16). As ações sugeridas são de analistas gráficos, que usam uma metodologia que busca antecipar as tendências de curtíssimo prazo. As ações indicadas Ágora Empresa Ticker Entrada (R$) 1º alvo (R$) Potencial de ganho 2º alvo (R$) Potencial de ganho […]",Positive,para compra,Neutral,0.0,False,https://www.moneytimes.com.br/day-trade-petrobras-petr4-bb-seguridade-bbse3-e-mais-7-acoes-para-comprar-hoje-e-buscar-ate-605/
2022-11-22,MoneyTimes,ubs,CEO da Petrobras (PETR4): Veja 3 nomes no radar de Lula,"A Petrobras (PETR4) é destaque de baixa entre as ações do Ibovespa após o UBS corta o preço-alvo da petroleira. O temor, com o esperado, é que a nova gestão petista mude a política da companhia de desinvestimento, diminuição da dívida e pagamento de dividendos. Segundo o senador Jean Paul Prates (PT-RN), o presidente eleito Luiz Inácio Lula da […]",Negative,corta o preço-alvo,Neutral,0.0,False,https://www.moneytimes.com.br/ceo-da-petrobras-petr4-veja-3-nomes-no-radar-de-lula/
2022-11-22,MoneyTimes,ubs,Ibovespa: Petrobras (PETR3;PETR4) recua 4%; CSN (CSNA3) sobe 5% e lidera altas,"O Ibovespa tinha queda de 0,19% nesta terça-feira (22), enquanto o mercado aguarda o texto final da PEC da Transição. Por volta das 12h30, os papéis da Petrobras (PETR3; PETR4) recuavam 4,85% e 4,38%, respectivamente. O movimento de venda das ações acontece depois que o UBS BB rebaixou a recomendação para a empresa, indicando a […]",Negative,rebaixou a recomendação,Negative,-0.8269442319869995,True,https://www.moneytimes.com.br/ibovespa-petrobras-petr3petr4-recua-4-csn-csna3-sobe-5-e-lidera-altas/
2022-11-22,InfoMoney,ubs,"Petrobras (PETR4): UBS faz duplo rebaixamento, recomenda venda e corta preço-alvo em 53%; ação chega a cair 5%, mas ameniza","Banco reduz recomendação com base em visão sobre preços dos combustíveis, investimentos e despesas gerais",Negative,corta preço-alvo,Negative,-0.8355729579925537,True,https://www.infomoney.com.br/mercados/petrobras-petr4-ubs-bb-faz-duplo-rebaixamento-recomenda-venda-da-acao-e-corta-preco-alvo-em-53-fenix-volta-ao-ninho/
2022-11-24,MoneyTimes,btg,"Day Trade: Petrobras (PETR4), Itaúsa (ITSA4) e mais 7 ações para comprar em dia de baixa liquidez e buscar até 4,17%","A Ágora, o BTG Pactual e o PagBank divulgaram as suas recomendações de investimento para esta quinta-feira (24). As ações sugeridas são de analistas gráficos, que usam uma metodologia que busca antecipar as tendências de curtíssimo prazo. As ações indicadas PagBank Empresa Ticker Entrada (R$) 1º alvo (R$) Potencial de ganho 2º alvo (R$) Potencial […]",Positive,para compra,Negative,-0.4788446724414825,False,https://www.moneytimes.com.br/day-trade-petrobras-petr4-itausa-itsa4-e-mais-7-acoes-para-comprar-em-dia-de-pouca-liquidez-e-buscar-ate-417/
2022-12-01,InfoMoney,analistas,As ações mais recomendadas pelos analistas para comprar em dezembro; PETR4 e WEGE3 entram e VALE3 lidera,"Petrobras (PETR4) e Weg (WEGE3) figuram entre as novidades, ao passo que Renner e Totvs deixam a relação",Positive,para compra,Neutral,0.0,False,https://www.infomoney.com.br/onde-investir/as-acoes-mais-recomendadas-pelos-analistas-para-comprar-em-dezembro-petr4-e-wege3-entram-e-vale3-lidera/
2022-12-05,InfoMoney,analistas,5 ações que pagam bons dividendos para investir em dezembro; EGIE3 e BEEF3 substituem PETR4 e VBBR3,Vale (VALE3) termina o ano como preferida dos analistas,Positive,preferida dos analistas,Neutral,0.0,False,https://www.infomoney.com.br/onde-investir/5-acoes-que-pagam-bons-dividendos-para-investir-em-dezembro-egie3-e-beef3-substituem-petr4-e-vbbr3/
2022-12-05,InfoMoney,analistas,"Ação da Petrobras (PETR4) teve alta em novembro, apesar de cortes de projeções e sinalizações negativas: o que explica?","Recuperação do petróleo e alguns sinais de transição gradual na companhia guiaram desempenho; alguns analistas seguem recomendando compra, mas com cautela",Positive,recomendando compra,Positive,0.6310346722602844,True,https://www.infomoney.com.br/mercados/acao-da-petrobras-petr4-teve-alta-em-novembro-apesar-de-cortes-de-projecoes-e-sinalizacoes-negativas-o-que-explica/
2022-12-07,MoneyTimes,s&p,"Revés do IRB (IRBR3), avanço da Petrobras (PETR4) e dividendos da Alupar (ALUP11); veja destaques","Um novo revés para o IRB (IRBR3), o início de mais um processo de venda pela Petrobras (PETR4) e o anúncio de pagamento de dividendos pela Alupar (ALUP11) são alguns dos destaques desta quarta-feira (7). A agência de classificação de risco S&P rebaixou o rating do IRB de AAA para AA, com perspectiva negativa. Segundo a agência, a empresa […]",Negative,rebaixou o rating,Negative,-0.8104807734489441,True,https://www.moneytimes.com.br/o-reves-do-irb-irbr3-o-avanco-da-petrobras-petr4-e-um-pagamento-de-dividendos/
2022-12-11,MoneyTimes,jpmorgan,Veja quantos bilhões de dólares a Petrobras (PETR4) pode pagar de dividendos em 2023,"O JPMorgan calcula que a Petrobras (PETR4) irá gerar um caixa de US$ 17 bilhões em 2023, ou rendimento de dividendos de 23%. Trata-se de uma redução de 54% ante os US$ 37 bilhões desde ano, mas ainda grande comparado com outras companhias. Mesmo com a cifra, o JP não recomenda compra em Petrobras, com […]",Positive,recomenda compra,Neutral,0.0,False,https://www.moneytimes.com.br/veja-quantos-bilhoes-de-dolares-a-petrobras-petr4-pode-pagar-de-dividendos-em-2023/
2022-12-13,Exame,bradesco bbi,Bradesco BBI vê risco à política de preços e dividendos da Petrobras (PETR4) e rebaixa ação,"Entre os riscos estão possíveis mudanças na política de dividendos e de preços, congelamento de desinvestimentos e alteração na Lei das Estatais",Negative,vê risco,Negative,-0.847961962223053,True,https://exame.com/invest/mercados/bradesco-bbi-ve-risco-a-politica-de-precos-e-dividendos-da-petrobras-petr4-e-rebaixa-acao/
2022-12-13,MoneyTimes,bradesco bbi,Petrobras (PETR4): Bradesco BBI faz corte drástico em preço-alvo,"O Bradesco BBI rebaixou nesta terça-feira (13) as ações da Petrobras (PETR4) para “underperform” – equivalente à venda – e reduziu o preço-alvo ao final de 2023, de R$ 53 (US$ 20/ADR) para R$ 26 (US$ 10/ADR). O banco cita entre os motivos para a avaliação o fluxo de notícias “cada vez mais negativo” e […]",Negative,reduziu o preço-alvo,Negative,-0.8094130754470825,True,https://www.moneytimes.com.br/petrobras-petr4-bradesco-bbi-faz-corte-drastico-em-preco-alvo/
2022-12-13,InfoMoney,bradesco bbi,"Petrobras (PETR4): Bradesco BBI rebaixa recomendação para neutra e corta preço-alvo em 50%, com fluxo contínuo de notícias ruins","Última notícia negativa foi sobre possível revogação da lei das estatais, que pode impactar e muito a governança corporativa das empresas",Negative,rebaixa recomendação,Negative,-0.8505378365516663,True,https://www.infomoney.com.br/mercados/petrobras-petr4-bradesco-bbi-rebaixa-recomendacao-acao-neutra-e-corta-preco-alvo-em-50-com-fluxo-continuo-de-noticias-ruins/
2022-12-20,InfoMoney,morgan stanley,"Petrobras (PETR4): Morgan Stanley corta preço-alvo de ADR, mas olha o passado para não recomendar venda do ativo","Segundo analista do banco, ação reflete boa parte dos maiores riscos de intervenção aos quais a Petrobras estará exposta",Negative,corta preço-alvo,Negative,-0.7559928894042969,True,https://www.infomoney.com.br/mercados/petrobras-petr4-morgan-stanley-corta-preco-alvo-de-adr-mas-olha-o-passado-para-nao-recomendar-venda-do-ativo/
2022-12-20,MoneyTimes,goldman sachs,Petrobras (PETR4): Goldman Sachs corta preço-alvo da ação,"A ação da Petrobras (PETR4) ainda pode subir cerca de 20%, a R$ 26,90, segundo o Goldman Sachs. A nova estimativa, no entanto, representa uma queda de 14% frente ao preço-alvo anterior. Além disso, o banco segue com recomendação “neutra” para os papéis da companhia. Segundo o Goldman Sachs, a estimativa para a estatal agora […]",Negative,corta preço-alvo,Negative,-0.8126624226570129,True,https://www.moneytimes.com.br/petrobras-petr4-o-que-ainda-esperar-da-estatal-segundo-o-goldman-sachs/
2022-12-28,MoneyTimes,analistas,Estatais em 2023: É hora de vender Petrobras (PETR4) e BB (BBAS3) para comprar Copel (CPLE6) e Sabesp (SBSP3)?,"As estatais terminam 2022 no positivo, mesmo em um ano eleitoral. De acordo com índice de estatais da Teva, com mais de 15 ações, entre elas Banco do Brasil (BBAS3), Petrobras (PETR4), Copel (CPLE6) e Sabesp (SBSP3), as empresas valorizaram 24% neste ano. Para analistas ouvidos pelo Money Times, o motivo da alta dos papéis […]",Positive,para compra,Negative,-0.4884543716907501,False,https://www.moneytimes.com.br/estatais-e-hora-de-vender-petrobras-petr4-e-bb-bbas3-para-comprar-copel-cple6-e-sabesp-sbsp3/
2023-01-06,InfoMoney,analista,"Petrobras (PETR4): Morgan eleva preço-alvo de ADR, mas segue cautela ao ver mudança em dividendos apenas como questão de tempo","“A política de dividendos está entre as mudanças mais fáceis de serem implementadas por uma nova equipe de gestão”, aponta o analista do banco",Positive,eleva preço-alvo,Neutral,0.0,False,https://www.infomoney.com.br/mercados/petrobras-petr4-morgan-eleva-preco-alvo-adr-cautela-continua-politica-dividendos-primeira-mudar/
2023-01-19,MoneyTimes,btg,"Day Trade: Petrobras (PETR4), Itaú (ITUB4) e outras 7 ações para comprar hoje e buscar até 3,41%","A Ágora, o BTG Pactual e o PagBank divulgaram suas recomendações de investimento para esta quinta-feira (19). As ações sugeridas são de analistas gráficos, que usam uma metodologia que busca antecipar as tendências de curtíssimo prazo. As ações indicadas PagBank Empresa Ticker Entrada (R$) 1º alvo (R$) Potencial de ganho 2º alvo (R$) Potencial de ganho Stop […]",Positive,para compra,Neutral,0.0,False,https://www.moneytimes.com.br/day-trade-petrobras-petr4-itau-itub4-e-outras-7-acoes-para-comprar-hoje-e-buscar-ate-341/
2023-01-20,MoneyTimes,btg,"Day Trade: Banco do Brasil (BBAS3), Petrobras (PETR4) e mais 7 ações para comprar hoje e lucrar até 4,08%","A Ágora, o BTG Pactual e o PagBank divulgaram suas recomendações de investimento para esta sexta-feira (20). As ações sugeridas são de analistas gráficos, que usam uma metodologia que busca antecipar as tendências de curtíssimo prazo. As ações indicadas PagBank Empresa Ticker Entrada (R$) 1º alvo (R$) Potencial de ganho 2º alvo (R$) Potencial de ganho Stop […]",Positive,para compra,Positive,0.5101500749588013,True,https://www.moneytimes.com.br/day-trade-banco-do-brasil-bbas3-petrobras-petr4-e-mais-7-acoes-para-comprar-hoje-e-lucrar-ate-408/
2023-02-13,MoneyTimes,bb investimentos,"Itaúsa (ITSA4), WEG (WEGE3) e mais 3 ações para comprar na semana pré-carnaval e buscar até 11%, segundo BB","A BB Investimentos fez três alterações em sua carteira de ações recomendadas para o período de 13 a 17 de fevereiro. A corretora substituiu as posições em Petrobras (PETR4), Raia Drogasil (RADL3) e Cemig (CMIG4) por Itaúsa (ITSA4), Cielo (CIEL3) e CSN (CSNA3). Além das novas integrantes, CSN Mineração (CMIN3) e WEG (WEGE3) compõem o portfólio. Na semana passada, os […]",Positive,para compra,Neutral,0.0,False,https://www.moneytimes.com.br/itausa-itsa4-weg-wege3-e-mais-3-acoes-para-comprar-na-semana-pre-carnaval-e-buscar-ate-11-segundo-bb/
2023-02-24,MoneyTimes,analistas,"Day Trade: Vale (VALE3), Petrobras (PETR4) e outras ações para comprar hoje e buscar até 3,61%","O PagBank e a Ágora divulgaram suas recomendações de investimento para esta sexta-feira (24), último pregão da semana do Carnaval. As ações sugeridas são de analistas gráficos, que usam uma metodologia que busca antecipar as tendências de curtíssimo prazo. As ações indicadas Ágora Empresa Ticker Entrada (R$) 1º alvo (R$) Potencial de ganho 2º alvo (R$) […]",Positive,para compra,Neutral,0.0,False,https://www.moneytimes.com.br/day-trade-vale-vale3-petrobras-petr4-e-outras-acoes-para-comprar-hoje-e-buscar-ate-361/
2023-03-06,MoneyTimes,corretora,"Petrobras (PETR4) e outras 4 ações para superar o Ibovespa nesta semana, segundo a MyCap","A carteira recomendada semanal de ações da MyCap não passou por alterações. A corretora segue recomendando a compra dos papéis de Randon (RAPT4), WEG (WEGE3), Movida (MOVI3), Minerva (BEEF3) e Petrobras (PETR4). Na última semana, a carteira ficou do lado negativo, em recuo de 1,15%, enquanto o índice Ibovespa (IBOV) também teve desvalorização, de 1,83%. […]",Positive,recomendando a compra,Positive,0.4770781397819519,True,https://www.moneytimes.com.br/petrobras-petr4-e-outras-4-acoes-para-superar-o-ibovespa-nesta-semana-segundo-a-mycap/
2023-03-06,InfoMoney,goldman sachs,"Goldman Sachs reitera PRIO (PRIO3) como top pick de petróleo, após semana tumultuada para setor","Criação de impostos sobre exportação de petróleo, pedido de suspensão de venda de ativos da Petrobras e balanços movimentaram o setor na semana passada",Positive,top pick,Negative,-0.3963478207588196,False,https://www.infomoney.com.br/mercados/goldman-sachs-reitera-prio-prio3-como-top-pick-no-setor-de-petroleo-apos-semana-tumultuada-para-setor-de-oleo-e-gas/
2023-03-13,InfoMoney,itaú bba,Petrobras (PETR4): Itaú BBA e Genial cortam preço-alvo e mantêm visão cautelosa para ações após últimos desdobramentos,"Redução foi motivada por um maior custo de capital, expectativa de queda nos preços do petróleo, alteração da política de dividendos, entre outros fatores",Negative,cortam preço-alvo,Negative,-0.7641194462776184,True,https://www.infomoney.com.br/mercados/petrobras-petr4-itau-bba-e-genial-cortam-preco-alvo-e-mantem-visao-cautelosa-para-acoes-apos-ultimos-desdobramentos/
2023-03-17,MoneyTimes,analistas,"Day Trade: Petrobras (PETR4), Gerdau (GGBR4) e outras ações para comprar hoje e buscar até 3,73%","O PagBank e a Ágora Investimentos divulgaram suas recomendações de investimento para esta sexta-feira (17). As ações sugeridas são de analistas gráficos, que usam uma metodologia que busca antecipar as tendências de curtíssimo prazo. As ações indicadas   PagBank Empresa Ticker Entrada (R$) 1º alvo (R$) Potencial de ganho 2º alvo (R$) Potencial de ganho Stop […]",Positive,para compra,Neutral,0.0,False,https://www.moneytimes.com.br/day-trade-petrobras-petr4-gerdau-ggbr4-e-outras-acoes-para-comprar-hoje-e-buscar-ate-373/
2023-03-20,MoneyTimes,btg,"Day Trade: Petrobras (PETR4), Prio (PRIO3) e outras ações para comprar hoje e buscar até 3,66%","O PagBank, o BTG e a Ágora Investimentos divulgaram suas recomendações de investimento para esta segunda-feira (20). As ações sugeridas são de analistas gráficos, que usam uma metodologia que busca antecipar as tendências de curtíssimo prazo. As ações indicadas   PagBank Empresa Ticker Entrada (R$) 1º alvo (R$) Potencial de ganho 2º alvo (R$) Potencial […]",Positive,para compra,Neutral,0.0,False,https://www.moneytimes.com.br/day-trade-petrobras-petr4-prio-prio3-e-outras-acoes-para-comprar-hoje-e-buscar-ate-366/
2023-04-04,MoneyTimes,btg,"Day Trade: Petrobras (PETR4), Ambev (ABEV3) e mais 7 ações para comprar hoje e buscar até 4%","O PagBank, o BTG Pactual e a Ágora divulgaram suas recomendações de investimento para esta terça-feira (4). As ações sugeridas são de analistas gráficos, que usam uma metodologia que busca antecipar as tendências de curtíssimo prazo. As ações indicadas Ágora Empresa Ticker Entrada (R$) 1º alvo (R$) Potencial de ganho 2º alvo (R$) Potencial de ganho […]",Positive,para compra,Neutral,0.0,False,https://www.moneytimes.com.br/day-trade-petrobras-petr4-ambev-abev3-e-mais-7-acoes-para-comprar-hoje-e-buscar-ate-4/
2023-04-06,MoneyTimes,btg,"Day Trade: Petrobras (PETR4), Magazine Luiza (MGLU3) e mais 6 ações para comprar hoje e buscar até 3,78%","O BTG Pactual e a Ágora divulgaram suas recomendações de investimento para esta quinta-feira (6). As ações sugeridas são de analistas gráficos, que usam uma metodologia que busca antecipar as tendências de curtíssimo prazo. As ações indicadas Ágora Empresa Ticker Entrada (R$) 1º alvo (R$) Potencial de ganho 2º alvo (R$) Potencial de ganho Stop (R$) […]",Positive,para compra,Neutral,0.0,False,https://www.moneytimes.com.br/day-trade-petrobras-petr4-magazine-luiza-mglu3-e-mais-6-acoes-para-comprar-pre-pascoa-e-buscar-ate-378/
2023-04-16,MoneyTimes,genial,"PETR4, PRIO3, RRRP3 e RECV3: Genial indica duas ações para comprar, uma para manter e outra para vender","Após a publicação do relatório de certificação de reservas, a PRIO (PRIO3) emerge como a grande campeã do setor de óleo e gás, avalia a Genial Investimentos, em relatório divulgado na noite de sexta-feira (14). A corretora, que destaca o aumento de volumes recuperáveis e queda do capex (investimentos), menciona outro ponto importante nas operações […]",Positive,para compra,Neutral,0.0,False,https://www.moneytimes.com.br/petr4-prio3-rrrp3-e-recv3-genial-indica-duas-acoes-para-comprar-uma-para-manter-e-outra-para-vender/
2023-04-25,InfoMoney,analistas,Petrobras (PETR4) quer voltar para distribuição e retomar marca BR da Vibra (VBBR3): o que isso sinaliza para as ações?,"Analistas do Goldman Sachs apontam que notícia é negativa para Vibra, dada importância da marca, enquanto indica maior capex da Petrobras",Negative,é negativ,Neutral,0.0,False,https://www.infomoney.com.br/mercados/petrobras-petr4-quer-voltar-para-distribuicao-combustiveis-e-retomar-marca-br-da-vibra-vbbr3-o-que-isso-sinaliza-para-as-acoes/
2023-04-26,MoneyTimes,btg,"Day Trade: PETR4, BBAS3, WEGE3 e mais 5 ações para comprar nesta quarta (26) e lucrar até 3,4%","O PagBank, BTG Pactual e a Ágora divulgaram suas recomendações de investimento para esta quarta-feira (26). As ações sugeridas são de analistas gráficos, que usam uma metodologia que busca antecipar as tendências de curtíssimo prazo. As ações indicadas Ágora Empresa Ticker Entrada (R$) 1º alvo (R$) Potencial de ganho 2º alvo (R$) Potencial de ganho Stop […]",Positive,para compra,Positive,0.5415534973144531,True,https://www.moneytimes.com.br/day-trade-petr4-bbas3-wege3-e-mais-5-acoes-para-comprar-nesta-quarta-25-e-lucrar-ate-34/
2023-05-04,InfoMoney,analistas,Petrobras (PETR4): dados de produção e vendas trazem sinais positivos para 1º tri e analistas fazem projeções para dividendos,Analistas especulam se haverá manutenção da política de dividendo e destacam surpresa positiva com vendas,Positive,surpresa positiv,Positive,0.7557233572006226,True,https://www.infomoney.com.br/mercados/petrobras-petr4-dados-de-producao-e-vendas-trazem-sinais-positivos-para-1o-tri-e-analistas-fazem-projecoes-para-dividendos/
2023-05-08,MoneyTimes,bradesco bbi,"Casamento entre Braskem (BRKM5) e árabes pode ser infeliz, diz Bradesco BBI","A Braskem (BRKM5) voltou ao centro do noticiário após receber uma proposta da estatal árabe Abu Dhabi National Oil Company (Adnoc) para comprar a participação da Novonor, antiga Odebrecht, na companhia. Atualmente, a Novonor detém 50,1% do capital votante da empresa. Os outros 36,1% são da Petrobras (PETR4). E aí que mora o problema, diz o […]",Positive,para compra,Negative,-0.6888821125030518,False,https://www.moneytimes.com.br/casamento-entre-braskem-brkm5-e-arabes-pode-nao-ser-feliz-diz-bradesco-bbi/
2023-05-11,MoneyTimes,bank of america,"Dividendos: Petrobras (PETR4) deve pagar R$ 2 por ação, diz BofA; banco corta preço-alvo às vésperas do 1T23","O Bank of America (BofA) reduziu o preço-alvo das ações da Petrobras (PETR3; PETR4) de R$ 30 para R$ 28, às vésperas dos resultados do primeiro trimestre de 2023 (1T23). O banco reiterou a recomendação neutra para os papéis. O corte é explicado pelas “tendências macroeconômicas mais fracas”, de acordo com o analista, Leonardo Marcondes. A […]",Negative,corta preço-alvo,Negative,-0.7955011129379272,True,https://www.moneytimes.com.br/dividendos-petrobras-petr4-deve-pagar-r-2-por-acao-diz-bofa-banco-corta-preco-alvo-as-vesperas-do-1t23/
2023-05-16,MoneyTimes,analistas,"Petrobras (PETR4): Com nova política de preços, é hora de comprar as ações?","Mesmo com o pior cenário desenhado para a Petrobras (PETR4) ficando para trás, analistas seguem com a mesma avaliação final sobre a companhia. Segundo TradeMap, a empresa continua com nove recomendações de manter, três de compra e três de venda. A XP Investimentos, que recomenda a compra das ações, afirmou que a estratégia comercial baseada […]",Positive,recomenda a compra,Neutral,0.0,False,https://www.moneytimes.com.br/petrobras-petr4-com-nova-politica-de-precos-e-hora-de-comprar-as-acoes/
2023-05-17,MoneyTimes,analistas,Como a Petrobras (PETR4) impulsiona as ações de Azul (AZUL4) e Gol (GOLL4),"As ações das companhias aéreas Azul e Gol lideravam as altas do Ibovespa (IBOV) no pregão desta quarta-feira (17). Por volta das 13h30, AZUL4 disparava 12,78%, a R$ 13,94, enquanto GOLL4 subia 7,94%, a R$ 8,02. A valorização os papéis acompanha a visão positiva do mercado sobre a inflação e o preço dos combustíveis, dizem analistas. […]",Positive,são positiv,Positive,0.7540748119354248,True,https://www.moneytimes.com.br/como-a-petrobras-petr4-impulsiona-as-acoes-de-azul-azul4-e-gol-goll4/
2023-05-26,InfoMoney,bradesco bbi,Vibra (VBBR3): o que pode acontecer com ações se Petrobras (PETR4) e Previ quiserem comprar uma fatia da companhia?,"Bradesco BBI apontou que rumores ganharam força e que Petrobras pode contar com a ajuda do Previ para comprar fatia, destacando cenários para ativos",Positive,para compra,Neutral,0.0,False,https://www.infomoney.com.br/mercados/vibra-vbbr3-o-que-pode-acontecer-com-acoes-se-a-petrobras-petr4-e-a-previ-quiserem-comprar-uma-fatia-da-companhia/
2023-05-27,MoneyTimes,ubs,"Petrobras (PETR4): Ação pode encolher 18% em meses, alerta bancão gringo","Apesar de elevar o preço-alvo da ação preferencial da Petrobras (PETR4) de R$ 20 para R$ 22 nos próximos 12 meses, o UBS-BB vê com ceticismo o recente rali do papel, que dispara 22% neste ano. O preço implica potencial de queda de 17,9% ante o último fechamento. A recomendação é de venda. Petrobras (PETR4): […]",Positive,elevar o preço-alvo,Negative,-0.8371644616127014,False,https://www.moneytimes.com.br/petrobras-petr4-acao-pode-encolher-18-em-meses-alerta-bancao-gringo/
2023-06-02,MoneyTimes,btg,"Day Trade: Petrobras (PETR4), Vale (VALE3) e mais 7 ações para comprar hoje e buscar lucros de até 3,6%","O PagBank, BTG Pactual e a Ágora divulgaram suas recomendações de investimento para esta sexta-feira (2). As ações sugeridas são de analistas gráficos, que usam uma metodologia que busca antecipar as tendências de curtíssimo prazo. As ações indicadas PagBank Empresa Ticker Entrada (R$) 1º alvo (R$) Potencial de ganho 2º alvo (R$) Potencial de ganho Stop (R$) […]",Positive,para compra,Neutral,0.0,False,https://www.moneytimes.com.br/day-trade-petrobras-petr4-vale-vale3-e-mais-7-acoes-para-comprar-nesta-terca-2-e-lucrar-ate-36/
2023-06-07,InfoMoney,analistas,Petrobras (PETR4): recomendação elevada para compra por dividendos e alta do petróleo puxam alta de 3% das ações,Analistas do banco americano veem sinalizações mais positivas da nova gestão e agora veem um pagamento de proventos de 40% do fluxo de caixa livre,Positive,para compra,Positive,0.4821612238883972,True,https://www.infomoney.com.br/mercados/petrobras-petr4-acoes-morgan-stanley-eleva-recomendacao-de-adr-para-compra-com-visao-positiva-para-dividendos-da-estatal/
2023-06-12,InfoMoney,jpmorgan,Petrobras (PETR4): JPMorgan eleva recomendação de ações para compra e vê três pilares da estatal “no lugar”,"Após Morgan Stanley, agora foi a vez do JPMorgan revisar recomendação para a estatal petroleira para uma visão mais positiva",Positive,eleva recomendação,Neutral,0.0,False,https://www.infomoney.com.br/mercados/petrobras-petr4-jpmorgan-eleva-recomendacao-de-acoes-para-compra-e-ve-tres-pilares-da-estatal-no-lugar/
2023-06-12,Exame,jpmorgan,JPMorgan eleva recomendação da Petrobras e destaca pagamento de dividendos,"Em relatório publicado nesta segunda-feira, o JPMorgan elevou a recomendação de Petrobras de neutra para compra",Positive,eleva recomendação,Neutral,0.0,False,https://exame.com/invest/mercados/jp-morgan-eleva-recomendacao-da-petrobras-e-destaca-pagamento-de-dividendos/
2023-06-12,MoneyTimes,analistas,"Petrobras (PETR4), Vale (VALE3) e mais 8 ações para comprar esta semana, segundo Mirae","A Mirae trocou as ações de JHSF (JHSF3) por Iochpe-Maxion (MYPK3) em sua carteira para os dias 12 a 16 de junho. A troca foi feita para buscar retorno diferenciado no curto prazo, dizem os analistas. Além a nova integrante, Bradespar (BRAP4), Petrobras (PETR4), Multiplan (MULT3), Localiza (RENT3), Vale (VALE3), Itaú (ITUB4), CSU Digital (CSUD3), Sinqia (SQIA3) e Gerdau (GGBR4) compõem o portfólio. […]",Positive,para compra,Neutral,0.0,False,https://www.moneytimes.com.br/petrobras-petr4-vale-vale3-e-mais-8-acoes-para-comprar-esta-semana-segundo-mirae/
2023-06-20,MoneyTimes,jpmorgan,Petrobras (PETR4): Mais um bancão gringo recomenda compra e vê ‘risco Lula’ menor,"Dias após o JPMorgan elevar a Petrobras (PETR4) para compra, agora é a vez do Goldman Sachs coroar o bom momento da estatal. Em documento enviado a clientes nesta terça-feira (20), o bancão mudou a recomendação de neutra para compra, com preço-alvo para as ações preferenciais de R$ 41, potencial de ganhos de 34%, e de […]",Positive,recomenda compra,Neutral,0.0,False,https://www.moneytimes.com.br/petrobras-petr4-mais-um-bancao-gringo-recomenda-compra-veja-3-pontos-de-otimismo/
2023-06-20,Exame,jpmorgan,"Otimismo com a Petrobras: depois de JPMorgan, Goldman Sachs recomenda compra da ação","Banco destacou a política de dividendos e a de preços, além da alocação de investimentos",Positive,recomenda compra,Neutral,0.0,False,https://exame.com/invest/mercados/otimismo-com-a-petrobras-depois-de-jpmorgan-goldman-sachs-recomenda-compra-da-acao/
2023-06-21,InfoMoney,goldman sachs,"Petrobras (PETR4): Goldman Sachs é mais um “bancão” a elevar ação para compra, apesar do rali no ano; ação sobe forte",Goldman atribui a mudança à redução de riscos residuais após alguns esclarecimentos sobre as políticas a serem adotadas pelo novo governo,Positive,para compra,Positive,0.4769841730594635,True,https://www.infomoney.com.br/mercados/petrobras-petr4-goldman-sachs-e-mais-um-bancao-a-elevar-acao-para-compra-apesar-do-rali-de-50-no-ano/
2023-06-21,MoneyTimes,bank of america,Ibovespa: Por que Yduqs (YDUQ3) dispara? Petrobras (PETR4) avança e mineradoras caem,"O Ibovespa (IBOV) opera com ganhos no pregão desta quarta-feira (21), após desvalorização de 0,20% na última sessão. Por volta das 12h50, as ações de Yduqs (YDUQ3) disparavam 6,90%, a R$ 20,79. A disparada acontece após o Bank of America elevar a recomendação para os papéis, indo de “neutra” para “compra“, ao preço-alvo de R$ 11 […]",Positive,elevar a recomendação,Negative,-0.6835857629776001,False,https://www.moneytimes.com.br/ibovespa-por-que-yduqs-yduq3-dispara-petrobras-petr4-avanca-e-mineradoras-caem/
2023-06-26,InfoMoney,xp,"XP eleva preço-alvo de ação da Petrobras (PETR4), mas reitera PRIO (PRIO3) como preferida após rali da estatal","“Acreditamos que é hora de um retorno para as juniores, já que a Petrobras se aproxima de sua máxima de cinco anos”, aponta a XP",Positive,eleva preço-alvo,Positive,0.5441384315490723,True,https://www.infomoney.com.br/mercados/xp-eleva-preco-alvo-de-acao-da-petrobras-petr4-mas-reitera-prio-prio3-como-preferida-apos-rali-da-estatal/
2023-06-26,MoneyTimes,xp,"PETR4, PRIO3, RECV3 e RRRP3: O que esperar das petroleiras e qual é a melhor para investir, segundo XP","A XP Investimentos atualizou suas estimativas para o setor de óleo e gás com recomendação de compra para todas as companhias do setor sob sua cobertura, sendo elas a Petrobras (PETR4) e as júniores Prio (PRIO3), PetroRecôncavo (RECV3) e 3R Petroleum (RRRP3). Analistas da casa de análise chamam atenção para as petroleiras júniores, que foram atingidas por fatores […]",Positive,recomendação de compra,Neutral,0.0,False,https://www.moneytimes.com.br/petr4-prio3-recv3-e-rrrp3-o-que-esperar-das-petroleiras-e-qual-e-a-melhor-para-investir-segundo-xp/
2023-06-26,MoneyTimes,jpmorgan,Ibovespa: Por que Locaweb (LWSA3) despenca quase 10%? Petrobras (PETR3;PETR4) avança,"O Ibovespa (IBOV) opera em desvalorização no pregão desta segunda-feira (26) à espera da ata do Copom e da reunião do Conselho Monetário Nacional (CMN). Por volta de 13h, as ações de Locaweb (LWSA3) despencavam 9,37%, a R$ 8,50. O movimento acontece em paralelo à análise do JPMorgan de cortar a recomendação do papel para […]",Negative,cortar a recomendação,Negative,-0.8407312631607056,True,https://www.moneytimes.com.br/ibovespa-por-que-locaweb-lwsa3-despenca-quase-10-petrobras-petr3petr4-avanca/
2023-06-29,MoneyTimes,btg,"Day Trade: Petrobras (PETR3), Magazine Luiza (MGLU3) e mais 7 ações para comprar hoje e buscar até 3,8%","O PagBank, o BTG Pactual e a Ágora divulgaram suas recomendações de investimento para esta quinta-feira (29). As ações sugeridas são de analistas gráficos, que usam uma metodologia que busca antecipar as tendências de curtíssimo prazo. As ações indicadas PagBank Empresa Ticker Entrada (R$) 1º alvo (R$) Potencial de ganho 2º alvo (R$) Potencial de ganho Stop (R$) Embraer EMBR3 18,27 […]",Positive,para compra,Neutral,0.0,False,https://www.moneytimes.com.br/day-trade-petrobras-petr3-magazine-luiza-mglu3-e-mais-7-acoes-para-comprar-hoje-e-buscar-ate-38/
2023-07-04,MoneyTimes,analistas,"Petrobras (PETR4): Apesar de salto de 30% no semestre, é outra petroleira que ‘rouba coração’ de analistas; veja qual","A Petrobras (PETR4) encerrou o primeiro semestre de 2023 em valorização de mais de 34%. No entanto, a petroleira não é a favorita entre analistas. Apesar de pontuarem aspectos positivos para a estatal, as petroleiras juniores são vistas com bons olhos por especialistas do setor, em especial, a Prio (PRIO3). Rafael Winalda, analista de equity […]",Positive,positivos para a estatal,Negative,-0.3667216897010803,False,https://www.moneytimes.com.br/petrobras-petr4-apesar-de-salto-de-30-no-semestre-e-outra-petroleira-que-rouba-coracao-de-analistas-veja-qual/
2023-07-14,MoneyTimes,jpmorgan,Tempo Real: Ibovespa (IBOV) cai nesta sexta (14) após queda nas vendas do varejo; semana também é negativa,"RESUMO: O Ibovespa (IBOV) engatou viés de baixa nesta sexta-feira (14), sem Petrobras (PETR4) para ajudar e com um desempenho pouco animador em Wall Street, apesar de o JPMorgan reportar salto no lucro do segundo trimestre do ano. O índice de referência da Bolsa brasileira recuou 1,30%, a 117.710,54 pontos. Com isso, o Ibovespa acumulou […]",Negative,é negativ,Negative,-0.8412682414054871,True,https://www.moneytimes.com.br/tempo-real-ibovespa-ibov-busca-repetir-alta-com-acoes-de-commodities/
2023-07-14,MoneyTimes,btg,"Day Trade: Petrobras (PETR4), 3R Petroleum (RRRP3) e mais 6 ações para comprar hoje e buscar até 3,5%","O PagBank, o BTG Pactual e a Ágora divulgaram suas recomendações de investimento para esta sexta-feira (14). As ações sugeridas são de analistas gráficos, que usam uma metodologia que busca antecipar as tendências de curtíssimo prazo. As ações indicadas PagBank Empresa Ticker Entrada (R$) 1º alvo (R$) Potencial de ganho 2º alvo (R$) Potencial de ganho Stop (R$) SLC Agrícola SLCE3 […]",Positive,para compra,Neutral,0.0,False,https://www.moneytimes.com.br/day-trade-petrobras-petr4-3r-petroleum-rrrp3-e-mais-6-acoes-para-comprar-hoje-e-buscar-ate-35/
2023-07-14,InfoMoney,analistas,"Goldman recomenda compra para Petrobras (PETR4) tendo dividendo entre os temas, mas vê outra petroleira se destacar no 2º semestre","Analistas veem colombiana Ecopetrol como maior petroleira pagadora na 2ª metade do ano na AL, mas têm recomendação neutra para essas ações",Positive,recomenda compra,Neutral,0.0,False,https://www.infomoney.com.br/mercados/goldman-recomenda-compra-para-petrobras-petr4-tendo-dividendo-entre-os-temas-mas-ve-outra-petroleira-se-destacar-no-2o-semestre/
2023-07-20,MoneyTimes,btg,"Day Trade: Petrobras (PETR4), Vale (VALE3) e mais 6 ações para comprar hoje e buscar até 3%","O PagBank, o BTG Pactual e a Ágora divulgaram suas recomendações de investimento para esta quinta-feira (20). As ações sugeridas são de analistas gráficos, que usam uma metodologia que busca antecipar as tendências de curtíssimo prazo. As ações indicadas PagBank Empresa Ticker Entrada (R$) 1º alvo (R$) Potencial de ganho 2º alvo (R$) Potencial de ganho Stop (R$) Minerva BEEF3 9,78 […]",Positive,para compra,Neutral,0.0,False,https://www.moneytimes.com.br/day-trade-hoje-compra-vale3-petr4-quinta-feira-20-07-2023/
2023-07-25,InfoMoney,jpmorgan,"JPMorgan corta projeção para o petróleo e revisa preço-alvo para Petrobras (PETR4), PRIO (PRIO3) e mais companhias","Banco cortou estimativas para o petróleo de US$ 80 para US$ 75 por barril até 2024, cortando preço-alvo para diversas companhias",Negative,cortando preço-alvo,Negative,-0.7653332948684692,True,https://www.infomoney.com.br/mercados/jpmorgan-corta-projecao-para-o-petroleo-e-revisa-preco-alvo-para-petrobras-petr4-prio-prio3-e-mais-companhias/
2023-07-29,InfoMoney,fitch,Fitch eleva ratings de Petrobras (PETR4) e várias empresas brasileiras após melhora em nota soberana; veja a lista,"Segundo a agência, a mudança foi motivada pelo desempenho macroeconômico e fiscal do soberano brasileiro melhor do que o esperado",Positive,eleva rating,Positive,0.420438140630722,True,https://www.infomoney.com.br/mercados/fitch-eleva-ratings-de-petrobras-petr4-e-varias-empresas-brasileiras-apos-melhora-em-nota-soberana-veja-a-lista/
2023-07-29,Exame,fitch,Fitch eleva ratings de Petrobras e várias empresas brasileiras após melhora em nota soberana,"Segundo a agência de avaliação de risco, a mudança foi motivada pelo desempenho macroeconômico e fiscal do soberano brasileiro melhor do que o esperado em meio aos choques, assim como ""políticas proativas e reformas""",Positive,eleva rating,Positive,0.4847638607025146,True,https://exame.com/invest/mercados/fitch-eleva-ratings-de-petrobras-e-varias-empresas-brasileiras-apos-melhora-em-nota-soberana/
2023-07-30,MoneyTimes,bb investimentos,"Tendência de alta? Petrobras (PETR4), Copom e outros pontos de atenção para o Ibovespa nos próximos dias","O Ibovespa fechou a última semana praticamente no zero a zero, tendo apresentado um leve recuo de 0,02% – sinal de que o mercado está cauteloso no curto prazo, na avaliação do BB Investimentos. Além do balanço decepcionante de Vale (VALE3), o mercado repercutiu dados de produção e vendas da Petrobras (PETR4) e a nova […]",Negative,decepcion,Neutral,0.0,False,https://www.moneytimes.com.br/tendencia-de-alta-petrobras-petr4-copom-e-outros-pontos-de-atencao-para-o-ibovespa-nos-proximos-dias/
2023-08-01,MoneyTimes,genial,Suzano (SUZB3) ou Klabin (KLAB11)? Genial destaca 5 pontos para cada ação e escolhe ‘top pick’,"A Genial Investimentos iniciou a cobertura de duas das principais ações do setor de papel & celulose nesta semana. Vale lembrar que, nesta terça-feira (1º) e na quarta (2), serão anunciados os resultados da Klabin (KLAB11) e Suzano (SUZB3), respectivamente. A corretora destacou os cinco principais pontos sobre os papéis do setor. Confira: Petrobras (PETR4) aprova nova […]",Positive,top pick,Neutral,0.0,False,https://www.moneytimes.com.br/suzano-suzb3-ou-klabin-klab11-genial-destaca-5-pontos-para-cada-acao-e-escolhe-top-pick/
2023-08-01,MoneyTimes,btg,"Day Trade: PETR4, MGLU3, VALE3 e mais 6 ações para comprar no 1º pregão de agosto e buscar até 3,8%","(Imagem: REUTERS/Amanda Perobelli) O PagBank, BTG Pactual e a Ágora divulgaram suas recomendações de investimento para esta terça-feira (1). As ações sugeridas são de analistas gráficos, que usam uma metodologia que busca antecipar as tendências de curtíssimo prazo. As ações indicadas Ágora Empresa Ticker Entrada (R$) 1º alvo (R$) Potencial de ganho 2º alvo (R$) Potencial de ganho Stop (R$) […]",Positive,para compra,Neutral,0.0,False,https://www.moneytimes.com.br/day-trade-hoje-comprar-petr4-mglu3-vale3-01-08-2023/
2023-08-02,MoneyTimes,btg,"Day Trade: Petrobras (PETR4), B3 (B3SA3) e mais 6 ações para comprar em dia de Copom e buscar até 4%","(Imagem: REUTERS/Amanda Perobelli) O PagBank, BTG Pactual e a Ágora divulgaram suas recomendações de investimento para esta quarta-feira (2). As ações sugeridas são de analistas gráficos, que usam uma metodologia que busca antecipar as tendências de curtíssimo prazo. As ações indicadas Ágora Empresa Ticker Entrada (R$) 1º alvo (R$) Potencial de ganho 2º alvo (R$) Potencial de ganho Stop (R$) […]",Positive,para compra,Neutral,0.0,False,https://www.moneytimes.com.br/day-trade-hoje-comprar-petr4-b3sa3-02-08-2023/
2023-08-04,MoneyTimes,btg,"Petrobras (PETR4), Vale (VALE3) e mais 9 ações com dividendos de até 15,5% para comprar em agosto, segundo BTG","O BTG Pactual incluiu duas ações em sua carteira de dividendos para o mês de agosto: Cemig (CMIG4) e JBS (JBSS3). Vibra (VBBR3) e Minerva (BEEF3) saíram do portfólio para dar espaço às novas integrantes. De acordo com os analistas do banco, as operações da Cemig se mostram bastante eficientes, sendo umas das poucas distribuidoras que operam […]",Positive,para compra,Neutral,0.0,False,https://www.moneytimes.com.br/petrobras-petr4-vale-vale3-e-mais-9-acoes-com-dividendos-de-ate-155-para-comprar-em-agosto-segundo-btg/
2023-08-04,MoneyTimes,bradesco bbi,Petrobras (PETR4): O novo preço-alvo do Bradesco BBI após 2T23 e dividendos,"O Bradesco BBI elevou o preço-alvo para as ações da Petrobras (PETR4), de R$ 26 para R$ 38 ao final de 2024, após o anúncio de US$ 28 bilhões de lucro no segundo trimestre e o pagamento de US$ 3 bilhões em dividendos. A recomendação, no entanto, segue neutra. A ação da estatal é negociada […]",Positive,elevou o preço-alvo,Neutral,0.0,False,https://www.moneytimes.com.br/petrobras-petr4-o-novo-preco-alvo-do-bradesco-bbi-apos-2t23-e-dividendos/
2023-08-07,MoneyTimes,analistas,Para lucrar com dividendos: 22 analistas selecionam 8 ações para comprar em agosto; confira,"A lista de ações preferidas para lucrar com dividendos em agosto sofreu algumas mudanças nas carteiras de analistas. Papéis de estatais, como Petrobras (PETR4) e Banco do Brasil (BBAS3), ganharam espaço, enquanto a Vale (VALE3) voltou a liderar a lista, segundo levantamento do Money Times que revirou as carteiras de 22 bancos, corretoras e casas […]",Positive,para compra,Neutral,0.0,False,https://www.moneytimes.com.br/para-lucrar-com-dividendos-22-analistas-selecionam-8-acoes-para-comprar-em-agosto-confira/
2023-08-10,InfoMoney,citi,Petrobras (PETR4): Citi aumenta ceticismo e corta recomendação de ADRs da estatal de compra para neutra,"O banco ainda cortou o preço-alvo dos ADRs PBR (equivalentes ao PETR3) de US$ 19 para US$ 14, vendo pouco espaço para altas",Negative,corta recomendação,Negative,-0.8314264416694641,True,https://www.infomoney.com.br/mercados/petrobras-petr4-acoes-citi-corta-recomendacao-adrs-compra-neutra-mais-cetico-estrategia-estatal/
2023-08-15,InfoMoney,analistas,Reajustes da Petrobras acima do esperado levam projeções do IPCA de 2023 para acima de 5%,"Maior parte dos analistas veem inflação de 2023 em 5,1%; mediana da projeção no Boletim Focus está em 4,84% há duas semanas",Positive,acima do esperado,Negative,-0.7336156368255615,False,https://www.infomoney.com.br/economia/reajustes-da-petrobras-acima-do-esperado-levam-projecoes-do-ipca-de-2023-para-acima-de-5/
2023-08-16,InfoMoney,bradesco bbi,Petrobras (PETR4) é elevada para compra por Bradesco BBI após subir preços de combustíveis: “retorno total pode superar 40%”,Banco vê grandes chances de que a maior parte desse aumento dos combustíveis se traduza em dividendos,Positive,para compra,Negative,-0.4455947577953338,False,https://www.infomoney.com.br/mercados/petrobras-petr4-acao-e-elevada-para-compra-por-bradesco-bbi-apos-subir-precos-retorno-total-pode-superar-40/
2023-08-16,MoneyTimes,btg,"Day Trade: Petrobras (PETR4), BRF (BRFS3) e mais 6 ações para comprar hoje (16) e lucrar até 7,7%","(Imagem: REUTERS/Amanda Perobelli) O PagBank, BTG Pactual e a Ágora divulgaram suas recomendações de investimento para esta quarta-feira (16). As ações sugeridas são de analistas gráficos, que usam uma metodologia que busca antecipar as tendências de curtíssimo prazo. As ações indicadas PagBank Empresa Ticker Entrada (R$) 1º alvo (R$) Potencial de ganho 2º alvo (R$) Potencial de ganho Stop (R$) […]",Positive,para compra,Positive,0.5482159852981567,True,https://www.moneytimes.com.br/day-trade-hoje-comprar-petrobras-petr4-brf-brfs3-acoes-16-08-2023/
2023-08-16,MoneyTimes,analistas,"Petrobras (PETR4): Alta dos combustíveis deve abastecer dividendos e pode levar a salto de 40% das ações, diz BBI","Analistas do Bradesco BBI passaram a ver a ação da Petrobras (PETR4) atrativa para compra. A casa elevou a recomendação dos papéis da estatal, com um preço-alvo de R$ 38, de olho no alto potencial de retorno após acontecimentos recentes. A mudança de rating ocorre após o anúncio de reajuste dos preços da gasolina e do […]",Positive,elevou a recomendação,Negative,-0.6726670861244202,False,https://www.moneytimes.com.br/petrobras-petr4-alta-dos-combustiveis-deve-abastecer-dividendos-e-pode-levar-a-salto-de-40-das-acoes-diz-bbi/
2023-08-17,MoneyTimes,xp,"Petrobras (PETR4) ou petroleiras júniores? Saiba qual é o melhor investimento após o 2T23, segundo XP","Passada a safra de resultados do segundo trimestre do ano, as corretoras começaram a fazer o saldo da temporada. Segundo a XP Investimentos, dentro do setor de óleo e gás, uma empresa conseguiu reportar números acima do esperado – e não foi a Petrobras (PETR4). A estatal, inclusive, apresentou um balanço que veio ligeiramente menor […]",Positive,acima do esperado,Neutral,0.0,False,https://www.moneytimes.com.br/petrobras-petr4-ou-petroleiras-juniores-saiba-qual-e-o-melhor-investimento-apos-o-2t23-segundo-xp/
2023-08-23,Exame,btg,Virada na Petrobras: ação sobe quase 6% após BTG e BofA recomendarem compra,Decisão de aumentar o preço dos combustíveis na semana passada pesou na mudança; preço do petróleo e dividendos também estão no radar,Positive,recomendarem compra,Positive,0.5653581023216248,True,https://exame.com/invest/onde-investir/virada-na-petrobras-acao-sobe-5-apos-btg-e-bofa-recomendarem-compra/
2023-08-23,MoneyTimes,bank of america,"Petrobras (PETR4) agora é compra, diz BofA, que prevê alta de 40%","O Bank of America (BofA) elevou a recomendação para a Petrobras (PETR4), de neutro para compra, a um preço-alvo de R$ 45 (ante R$ 33) – o que implica um potencial de alta de cerca de 40%. Mais cedo, o BTG Pactual também alterou a recomendação da Petrobras para compra, a um preço-alvo de US$ […]",Positive,elevou a recomendação,Positive,0.575874924659729,True,https://www.moneytimes.com.br/petrobras-bofa-eleva-compra-23082023/
2023-08-23,InfoMoney,btg,“Agora é compra”: Petrobras (PETR4) ignora petróleo e salta mais de 5% na Bolsa com dois bancos elevando recomendação para ações,"Reajuste de combustíveis da semana passada foi o grande catalisador para BTG elevar recomendação, enquanto BofA aponta dividendos",Positive,elevando recomendação,Negative,-0.6104627251625061,False,https://www.infomoney.com.br/mercados/petrobras-petr4-agora-e-compra-acoes-estatal-ignora-petroleo-e-salta-na-bolsa-com-dois-bancos-elevando-recomendacao/
2023-08-23,MoneyTimes,btg,Por que comprar Petrobras (PETR4)? BTG vê dividendos de US$ 11 bi e mais 2 motivos,"O BTG Pactual elevou a recomendação de Petrobras (PETR3; PETR4) de neutra para compra e reiterou o preço-alvo de US$ 16 para as ADRs. Na análise do banco, o papel tem potencial pagar entregar retorno de 50% nos próximos 12 meses, uma vez que os riscos associados à estatal agora são menores. Os analistas Pedro Soares […]",Positive,elevou a recomendação,Neutral,0.0,False,https://www.moneytimes.com.br/por-que-comprar-petrobras-petr4-btg-ve-dividendos-de-us-11-bi-e-mais-2-porques/
2023-08-24,InfoMoney,ubs,Petrobras (PETR4): UBS BB é o mais novo bancão a elevar ações para compra; “governança prevalece e dividendos emergem”,"Elevação dos preços dos combustíveis foi crucial para elevação do otimismo com a tese, apontam analistas da casa",Positive,para compra,Neutral,0.0,False,https://www.infomoney.com.br/mercados/petrobras-petr4-ubs-bb-e-o-mais-novo-bancao-a-elevar-acoes-para-compra-governanca-prevalece-e-dividendos-emergem/
2023-08-24,MoneyTimes,ubs,"Petrobras (PETR4): A virada de chave que pode destravar dividendos bilionários, segundo UBS BB","O UBS BB elevou a recomendação de Petrobras (PETR3; PETR4) de neutra para compra, além de atualizar o preço-alvo de R$31 para R$ 42 — o que implica potenciais altas de até 30%. Os analistas esperam que a combinação de melhores governança e lucratividade se traduza em retornos contínuos aos acionistas. Luiz Carvalho e a […]",Positive,elevou a recomendação,Neutral,0.0,False,https://www.moneytimes.com.br/petrobras-petr4-a-virada-de-chave-que-pode-desbloquear-dividendos-bilionarios-segundo-ubs-bb/
2023-08-25,MoneyTimes,btg,"Day Trade: Petrobras (PETR4), Prio (PRIO3) e mais 7 ações para comprar hoje (25) e buscar até 3,2%","(Imagem: REUTERS/Amanda Perobelli) O PagBank, BTG Pactuale a Ágoradivulgaram suas recomendações de investimento para esta sexta-feira (25). As ações sugeridas são de analistas gráficos, que usam uma metodologia que busca antecipar as tendências de curtíssimo prazo. As ações indicadas PagBank Empresa Ticker Entrada (R$) 1º alvo (R$) Potencial de ganho 2º alvo (R$) Potencial de ganho Stop (R$) […]",Positive,para compra,Neutral,0.0,False,https://www.moneytimes.com.br/day-trade-hoje-comprar-petrobras-petr4-prio-prio3-acoes-25-08-2023/
2023-08-28,MoneyTimes,corretora,"A petroleira para ter na carteira de ações na última semana de agosto, segundo 9 corretoras","As ações da Prio (PRIO3) são as mais indicadas para investir na última semana de agosto, mostra levantamento do Money Times feito com base nas indicações das carteiras recomendadas semanais de nove corretoras e bancos. A petroleira júnior recebeu quatro recomendações de compra, de BB Investimentos, Mirae Asset, Órama e Warren. Logo atrás estão Vale (VALE3), Petrobras (PETR4) e Klabin […]",Positive,recomendações de compra,Neutral,0.0,False,https://www.moneytimes.com.br/a-petroleira-para-ter-na-carteira-de-acoes-na-ultima-semana-de-agosto-segundo-9-corretoras/
2023-09-06,MoneyTimes,analistas,"Day Trade: Petrobras (PETR4), Pão de Açúcar (PCAR3) e mais 3 ações para comprar hoje (6) e buscar até 3,8%","(Imagem: REUTERS/Amanda Perobelli) O PagBank e a Ágora divulgaram suas recomendações de investimento para esta quarta-feira (06). As ações sugeridas são de analistas gráficos, que usam uma metodologia que busca antecipar as tendências de curtíssimo prazo. As ações indicadas PagBank Empresa Ticker Entrada (R$) 1º alvo (R$) Potencial de ganho 2º alvo (R$) Potencial de ganho Stop (R$) Vivara VIVA3 […]",Positive,para compra,Neutral,0.0,False,https://www.moneytimes.com.br/day-trade-hoje-comprar-petrobras-petr4-pao-de-acucar-pcar3-acoes-06-09-2023/
2023-09-20,MoneyTimes,btg,"Ibovespa: Brakem (BRKM5) despenca, enquanto Azul (AZUL4) e Gol (GOLL4) lideram as altas","O Ibovespa (IBOV) sobe 1,15% nesta quarta-feira (20), depois de encerrar a última sessão em queda de 0,37%. Por volta de 13h, as ações da petroquímica Braskem (BRKM5) despencavam 5,16%, após o BTG Pactual cortar a recomendação dos papéis para “neutra“. Entre as petroleiras, o movimento era de alta, Prio (PRIO3), 3R Petroleum (RRRP3) e Petrobras (PETR4) ganhavam, […]",Negative,cortar a recomendação,Negative,-0.8361351490020752,True,https://www.moneytimes.com.br/ibovespa-hoje-agora-brakem-brkm5-despenca-enquanto-azul-azul4-e-gol-goll4-lideram-as-altas-20-09-2023/
2023-09-21,InfoMoney,jefferies,Petrobras (PETR4): Jefferies inicia cobertura para ação com recomendação de compra e destaca pré-sal e governança,Relatório destaca possibilidades de crescimento da estatal com exploração de pre-sal e vê positivamente governança na companhia,Positive,recomendação de compra,Neutral,0.0,False,https://www.infomoney.com.br/mercados/petrobras-petr4-jefferies-inicia-cobertura-para-acao-com-recomendacao-de-compra-e-destaca-pre-sal-e-governanca/
2023-09-25,MoneyTimes,btg,"Day Trade: Petrobras (PETR4), Cielo (CIEL3) e mais 7 ações para comprar hoje (25) e buscar até 3,3%","O PagBank, o BTG Pactual e a Ágora divulgaram suas recomendações de investimento para esta segunda-feira (25). As ações sugeridas são de analistas gráficos, que usam uma metodologia que busca antecipar as tendências de curtíssimo prazo. As ações indicadas PagBank Empresa Ticker Entrada (R$) 1º alvo (R$) Potencial de ganho 2º alvo (R$) Potencial de ganho Stop (R$) Petrobras PETR4 […]",Positive,para compra,Neutral,0.0,False,https://www.moneytimes.com.br/day-trade-hoje-comprar-petrobras-petr4-cielo-ciel3-acoes-segunda-feira-25-09-2023/
2023-10-02,MoneyTimes,btg,"PETR4, PRIO3, RRRP3: Exposição ainda é pequena, mesmo com petróleo nas alturas; BTG vê oportunidade","A disparada dos preços do petróleo está por trás do forte desempenho das principais empresas de óleo e gás nos últimos meses. Desde as mínimas de julho, o Brent subiu mais de 30% em meio a cortes na oferta, redução de estoques e aumento na demanda. Atualmente, a commodity é negociada acima dos US$ 90 […]",Positive,vê oportunidade,Neutral,0.0,False,https://www.moneytimes.com.br/petr4-prio3-rrrp3-exposicao-ainda-e-pequena-mesmo-com-petroleo-nas-alturas-btg-ve-oportunidade/
2023-10-02,MoneyTimes,btg,"Day Trade: Petrobras (PETR4), CSN Mineração (CMIN3) e mais 7 ações para comprar no 1º pregão de outubro e buscar até 3,6%","O PagBank, o BTG Pactual e a Ágora divulgaram suas recomendações de investimento para esta segunda-feira (2). As ações sugeridas são de analistas gráficos, que usam uma metodologia que busca antecipar as tendências de curtíssimo prazo. As ações indicadas PagBank Empresa Ticker Entrada (R$) 1º alvo (R$) Potencial de ganho 2º alvo (R$) Potencial de ganho Stop (R$) MRV MRVE3 […]",Positive,para compra,Neutral,0.0,False,https://www.moneytimes.com.br/day-trade-hoje-comprar-petrobras-petr4-csn-mineracao-cmin3-acoes-segunda-feira-02-10-2023/
2023-10-05,MoneyTimes,bb investimentos,"Petrobras (PETR4) e mais 9 ações com dividendos para aproveitar em outubro, segundo BB Investimentos","O BB Investimentos selecionou 10 ações com dividendos em agosto para bater o Índice de Dividendos da B3 (IDIV). Na metodologia do banco, a periodicidade de alterações na carteira é trimestral. Portanto, o BB manteve todas as ações do trimestre anterior. A rentabilidade da carteira no mês anterior foi negativa em 0,29%, ante desempenho positivo de 1,32% do […]",Negative,foi negativ,Neutral,0.0,False,https://www.moneytimes.com.br/petrobras-petr4-e-mais-9-acoes-com-dividendos-para-aproveitar-em-outubro-segundo-bb-investimentos/
2023-10-06,MoneyTimes,analistas,Dividendos: 22 analistas elegem os melhores papéis da bolsa para lucrar em outubro; veja seleção,"Se no último mês Vale (VALE3) empatou com Vivo (VIVT3) como preferida dos analistas para buscar dividendos, para outubro a mineradora tomou a frente e se consagrou a mais indicada, com 12 recomendações. A telecom vem logo atrás, com 10. Os papéis de estatais, como Petrobras (PETR4) e Banco do Brasil (BBAS3), também estão entre os destaques de indicações […]",Positive,preferida dos analistas,Neutral,0.0,False,https://www.moneytimes.com.br/dividendos-22-analistas-elegem-os-melhores-papeis-da-bolsa-para-lucrar-em-outubro-veja-selecao/
2023-10-09,InfoMoney,ubs,Vale (VALE3) e Petrobras (PETR4) têm projeções revisadas por bancos; confira as mudanças,"Vale teve recomendação elevada pelo UBS para neutra, enquanto Petrobras teve preço-alvo elevado pelo Itaú BBA, com recomendação neutra",Neutral,recomendação neutr,Neutral,0.0,True,https://www.infomoney.com.br/mercados/vale-vale3-e-petrobras-petr4-tem-projecoes-revisadas-por-bancos-confira-as-mudancas/
2023-10-09,MoneyTimes,itaú bba,"Petrobras (PETR4): Dividendos extraordinários podem subir no telhado, vê Itaú","O Itaú BBA revisou o preço-alvo da Petrobras (PETR4) para R$ 38, antes em R$ 34, até 2024, mas manteve a recomendação de neutralidade para o papel. No documento assinado por Monique Greco, Érico de Mello e Bruna Amorim, os analistas admitem que os riscos da empresa diminuíram. “Os anúncios das novas políticas de preços […]",Neutral,recomendação de neutr,Negative,-0.7150430083274841,False,https://www.moneytimes.com.br/petrobras-petr4-dividendos-extraordinarios-podem-subir-no-telhado-ve-itau/
2023-10-16,MoneyTimes,btg,"Day Trade: Petrobras (PETR4), CSN Mineração (CMIN3) e mais ações para comprar hoje (16) e buscar até 3,4%","O BTG Pactual e a Ágora divulgaram suas recomendações de investimento para esta segunda-feira (16). As ações sugeridas são de analistas gráficos, que usam uma metodologia que busca antecipar as tendências de curtíssimo prazo. As ações indicadas PagBank Empresa Ticker Entrada (R$) 1º alvo (R$) Potencial de ganho 2º alvo (R$) Potencial de ganho Stop (R$) Cielo CIEL3 3,74  3,80 […]",Positive,para compra,Neutral,0.0,False,https://www.moneytimes.com.br/day-trade-hoje-comprar-petrobras-petr4-csn-mineracao-cmin3-acoes-segunda-feira-16-10-2023/
2023-10-18,MoneyTimes,btg,"Day Trade: Prio (PRIO3), Petrobras (PETR4) e mais 5 ações para comprar hoje (18) e buscar até 3,6%","O PagBank, o BTG Pactual e a Ágora divulgaram suas recomendações de investimento para esta quarta-feira (18). As ações sugeridas são de analistas gráficos, que usam uma metodologia que busca antecipar as tendências de curtíssimo prazo. As ações indicadas PagBank Empresa Ticker Entrada (R$) 1º alvo (R$) Potencial de ganho 2º alvo (R$) Potencial de ganho Stop (R$) Petrobras PETR4 37,71 […]",Positive,para compra,Neutral,0.0,False,https://www.moneytimes.com.br/day-trade-hoje-comprar-prio-prio3-petrobras-petr4-acoes-quarta-feira-18-10-2023/
2023-10-19,MoneyTimes,btg,"Day Trade: Petrobras (PETR4), 3R Petroleum (RRRP3) e mais 5 ações para comprar nesta quinta (19) e buscar até 3,2%","O PagBank, o BTG Pactual e a Ágora divulgaram suas recomendações de investimento para esta quinta-feira (19). As ações sugeridas são de analistas gráficos, que usam uma metodologia que busca antecipar as tendências de curtíssimo prazo. As ações indicadas PagBank Empresa Ticker Entrada (R$) 1º alvo (R$) Potencial de ganho 2º alvo (R$) Potencial de ganho Stop (R$) Petrobras PETR4 38,62 […]",Positive,para compra,Neutral,0.0,False,https://www.moneytimes.com.br/day-trade-hoje-comprar-3r-petroleum-rrrp3-petrobras-petr4-acoes-quinta-feira-19-10-2023/
2023-10-20,MoneyTimes,analista,Banco Central: Por que a queda na gasolina é positiva para a Selic?,"Na noite desta quinta-feira (19), a Petrobras (PETR3; PETR4) elevou o preço do diesel e cortou o preço da gasolina em R$ 0,12 por litro para as distribuidoras. Dessa forma, o preço médio será de R$ 2,81 por litro, enquanto o diesel passará a ser de R$ 4,05 por litro. Rafael Passos, analista da Ajax, explicou ao Money Times […]",Positive,é positiv,Negative,-0.7773802876472473,False,https://www.moneytimes.com.br/banco-central-por-que-a-queda-na-gasolina-e-positiva-para-a-selic/
2023-10-26,MoneyTimes,btg,"Day Trade: Petrobras (PETR4), Even (EVEN3) e mais 5 ações para comprar em dia de IPCA-15 e buscar até 3%","O PagBank, o BTG Pactual e a Ágora divulgaram suas recomendações de investimento para esta quinta-feira (26). As ações sugeridas são de analistas gráficos, que usam uma metodologia que busca antecipar as tendências de curtíssimo prazo. As ações indicadas PagBank Empresa Ticker Entrada (R$) 1º alvo (R$) Potencial de ganho 2º alvo (R$) Potencial de ganho Stop (R$) BRF BRFS3 11,14 […]",Positive,para compra,Neutral,0.0,False,https://www.moneytimes.com.br/day-trade-hoje-comprar-petrobras-petr4-even-even3-acoes-ipca-15-previa-inflacao-quinta-feira-26-10-2023/
2023-11-01,MoneyTimes,xp,"Raízen (RAIZ4): XP projeta retomada no 2T24 com Petrobras (PETR4), mas faz ressalvas quanto ações; veja","A XP Investimentos projeta uma sólida recuperação de lucros no segundo trimestre da safra 2023/2024 (2T24) para Raízen (RAIZ4) após resultados decepcionantes nos últimos trimestres. De acordo com a corretora, o principal impulsionador deve ficar para o setor de mobilidade, com a estratégia da companhia em focar o fornecimento de combustíveis da Petrobras (PETR4) se mostrando assertiva. Além disso, a […]",Negative,decepcion,Positive,0.3800062835216522,False,https://www.moneytimes.com.br/raizen-raiz4-xp-projeta-retomada-no-2t24-com-petrobras-petr4-mas-faz-ressalvas-quanto-acoes-veja/
2023-11-08,MoneyTimes,analistas,Esta é a petroleira queridinha entre 26 analistas para investir em novembro; confira o ranking,"A Prio (PRIO3) é a petroleira preferida dos analistas para investir em novembro, mostra o levantamento do Money Times, utilizando carteiras de 26 bancos, corretoras e casas de análise. A companhia foi de longe a campeã do mês, recebendo 15 recomendações. Em sequência, vêm os papéis da Petrobras (PETR4), somando sete indicações. Pegando o terceiro lugar, o […]",Positive,preferida dos analistas,Neutral,0.0,False,https://www.moneytimes.com.br/esta-e-a-petroleira-queridinha-entre-26-analistas-para-investir-em-novembro-confira-o-ranking/
2023-11-24,InfoMoney,analistas,"Plano da Petrobras (PETR4) não é o “ideal” do mercado, mas elimina grande incerteza e ainda sinaliza bons dividendos","Mudanças estratégicas aparecem aos poucos com apostas em mais diversificação, enquanto analistas no geral seguem com visão positiva",Positive,são positiv,Neutral,0.0,False,https://www.infomoney.com.br/mercados/plano-da-petrobras-petr4-nao-e-o-ideal-do-mercado-mas-elimina-grande-incerteza-e-ainda-sinaliza-bons-dividendos-desempenho-acoes/
2023-11-28,MoneyTimes,genial,"Petrobras (PETR4): Após ‘dia mais importante do ano’, como ficam as ações?","A Petrobras (PETR4) chegou a acalmar recentemente o ânimo dos investidores quanto ao novo plano estratégico divulgado para os próximos cinco anos, considerado pela Genial Investimentos o “dia mais importante do ano” para a companhia. No entanto, analistas da corretora ainda estão céticos com uma recomendação de compra. A Petrobras aprovou, em reunião do conselho […]",Positive,recomendação de compra,Neutral,0.0,False,https://www.moneytimes.com.br/petrobras-petr4-apos-dia-mais-importante-do-ano-como-ficam-as-acoes/
2023-12-01,MoneyTimes,santander,"Dividendos: Santander faz troca entre bancões em carteira que busca retornos de até 12,97%","O Santander realizou uma troca entre bancões em sua carteira recomendada de dividendos para o último mês do ano. Com isso, deixam o portfólio os papéis de BTG Pactual (BPAC11) para dar lugar a Itaú (ITUB4). Além desta, compõem a seleção Banco do Brasil (BBAS3), Cury (CURY3), Eletrobras (ELET6), CPFL Energia (CPFE3), Klabin (KLBN11), Petrobras (PETR3), São Martinho (SMTO3), Vivo (VIVT3) e Vale (VALE3). Os analistas seguem com uma visão positiva para […]",Positive,são positiv,Neutral,0.0,False,https://www.moneytimes.com.br/dividendos-santander-faz-troca-entre-bancoes-em-carteira-que-busca-retornos-de-ate-1297/
2023-12-04,MoneyTimes,analistas,"De olhos nos dividendos: Petrobras (PETR4), Vale (VALE3) e mais 8 ações para comprar em dezembro, segundo Inter","O Inter trocou uma ações em sua carteira recomendada de dividendos para dezembro. Saiu CSN Mineração (CMIN3) para a entrada de Vivo (VIVT3), após forte valorização no mês passado. Os analistas afirmam gostar da Telefônica Brasil pela qualidade do negócio, forte posição de caixa e capacidade e histórico de pagamento de proventos. TOP 5 AÇÕES PARA LUCRAR COM DIVIDENDOS EM DEZEMBRO: […]",Positive,para compra,Neutral,0.0,False,https://www.moneytimes.com.br/de-olhos-nos-dividendos-petrobras-petr4-vale-vale3-e-mais-8-acoes-para-comprar-em-dezembro-segundo-inter/
2023-12-20,MoneyTimes,btg,"Day Trade: Petrobras (PETR4), Banco do Brasil (BBAS3) e outras ações para comprar hoje (20) e buscar até 3,4%","O PagBank, BTG Pactual e a Ágora divulgaram suas recomendações de investimento para esta quarta-feira (20). As ações sugeridas são de analistas gráficos, que usam uma metodologia que busca antecipar as tendências de curtíssimo prazo. As ações indicadas Ágora Empresa Ticker Entrada (R$) 1º alvo (R$) Potencial de ganho 2º alvo (R$) Potencial de ganho Stop (R$) CCR CCRO3 14,56 […]",Positive,para compra,Neutral,0.0,False,https://www.moneytimes.com.br/day-trade-hoje-comprar-petrobras-petr4-banco-do-brasil-bbas3-acoes-quarta-feira-20-12-2023/
2023-12-23,MoneyTimes,santander,Petroleira com dividendos: Bancão elege a ação para 2024 — e não é a Petrobras (PETR4),"O Santander elegeu a PetroReconcavo (RECV3) como a ação favorita para lucrar no setor de óleo e gás em 2024. De acordo com os analistas, a empresa reúne bons rendimentos. Além disso, a corretora também elevou recomendação da Enauta (ENAT3) de neutra para compra. Mas não que isso tire o mérito da maior empresa do setor, […]",Positive,elevou recomendação,Neutral,0.0,False,https://www.moneytimes.com.br/petroleira-com-dividendos-bancao-elege-a-acao-para-2024-e-nao-e-a-petrobras-petr4/
2024-01-08,InfoMoney,analistas,"Petrobras (PETR4): após “ano estelar” em 2023 contrariando projeções, 2024 será positivo para ações?","Analistas seguem vendo tese de investimentos como atrativa, mas destacam outras preferências no setor",Positive,positivo para ações,Neutral,0.0,False,https://www.infomoney.com.br/mercados/petrobras-petr4-apos-ano-estelar-em-2023-contrariando-projecoes-2024-sera-positivo-para-acoes/
2024-01-10,InfoMoney,analistas,"Petrobras, Vibra e o fim da parceria nos postos BR: como ficam as ações das companhias?","Apesar de notícia ser considerada negativa para empresas, analistas não esperam grandes impactos, já que medida era esperada",Negative,negativa para empresa,Neutral,0.0,False,https://www.infomoney.com.br/mercados/petrobras-vibra-e-o-fim-da-parceria-nos-postos-br-como-ficam-as-acoes-das-companhias/
2024-01-23,MoneyTimes,btg,"Day Trade: Petrobras (PETR4), Engie (EGIE3) e mais 5 ações para comprar nesta terça (23) e buscar até 3,5%","O PagBank, a Ágora e o BTG Pactual divulgaram suas recomendações de investimento para esta terça-feira (23). As ações sugeridas são de analistas gráficos, que usam uma metodologia que busca antecipar as tendências de curtíssimo prazo. As ações indicadas BTG Empresa Ticker Entrada (R$) 1º alvo (R$) Potencial de ganho 2º alvo (R$) Potencial de ganho Stop (R$) […]",Positive,para compra,Neutral,0.0,False,https://www.moneytimes.com.br/day-trade-hoje-comprar-petrobras-petr4-engie-egie3-acoes-terca-feira-23-01-2024/
2024-01-30,MoneyTimes,btg,"Day Trade: Petrobras (PETR4), CSN Mineração (CMIN3) e mais 5 ações para comprar hoje (30) e buscar até 3,4%","O PagBank, a Ágora e o BTG Pactual divulgaram suas recomendações de investimento para esta terça-feira (30). As ações sugeridas são de analistas gráficos, que usam uma metodologia que busca antecipar as tendências de curtíssimo prazo. As ações indicadas BTG Empresa Ticker Entrada (R$) 1º alvo (R$) Potencial de ganho 2º alvo (R$) Potencial de ganho Stop (R$) […]",Positive,para compra,Neutral,0.0,False,https://www.moneytimes.com.br/day-trade-hoje-comprar-petrobras-petr4-csn-mineracao-cmin3-acoes-terca-feira-30-01-2024/
2024-02-08,MoneyTimes,analistas,"Day Trade: Petrobras (PETR4), Gerdau Metalúrgica (GOAU4) e mais 3 ações para comprar hoje (8) e buscar até 3%","O PagBank e a Ágora divulgaram suas recomendações de investimento para esta quinta-feira (8). As ações sugeridas são de analistas gráficos, que usam uma metodologia que busca antecipar as tendências de curtíssimo prazo. As ações indicadas PagBank Empresa Ticker Entrada (R$) 1º alvo (R$) Potencial de ganho 2º alvo (R$) Potencial de ganho Stop (R$) Locaweb LWSA3 5,52 […]",Positive,para compra,Neutral,0.0,False,https://www.moneytimes.com.br/day-trade-hoje-comprar-gerdau-metalurgica-goau4-petrobras-petr4-acoes-quinta-feira-08-02-2024/
2024-02-15,InfoMoney,analistas,"Petrobras (PETR4): BBI eleva preço-alvo, reitera compra e vê retorno total ainda muito elevado",Analistas do banco elevaram preço-alvo de R$ 38 para R$ 48 para ação PN e destacam tese ainda poderosa,Positive,eleva preço-alvo,Positive,0.5475049614906311,True,https://www.infomoney.com.br/mercados/petrobras-petr4-bbi-eleva-preco-alvo-reitera-compra-e-ve-retorno-total-ainda-muito-elevado/
2024-03-05,MoneyTimes,btg,"Day Trade: Braskem (BRKM5), Suzano (SUZB3) e outras ações para comprar nesta terça (5) e buscar até 3,83%","O PagBank e o BTG Pactual indicaram a compra de Braskem (BRKM5) e outras companhias nesta terça-feira (5). Já os papéis de Petrobras (PETR4) e outras ações figuram a lista de vendas. Veja o que comprar: PagBank Empresa Ticker Entrada (R$) 1º alvo (R$) Potencial de ganho 2º alvo (R$) Potencial de ganho Stop (R$) Suzano SUZB3 58,45 59,51 1,81% 59,62 2,00% […]",Positive,para compra,Neutral,0.0,False,https://www.moneytimes.com.br/day-trade-hoje-comprar-braskem-brkm5-suzano-suzb3-terca-feira-05-03-2024/
2024-03-05,MoneyTimes,xp,"Petrobras (PETR4), Prio (PRIO3), 3R Petroleum (RRRP3) ou PetroReconcavo (RECV3): Veja qual é a petrolífera favorita da XP","Em relatório da XP Investimentos, publicado nesta segunda-feira (4), os analistas André Vidal e Helena Kelm atualizaram os modelos e preços-alvo para as empresas petrolíferas. Petrobras (PETR4), PRIO (PRIO3), PetroReconcavo (RECV3) e 3R Petroleum (RRRP3) se mantêm como recomendações de compra, com destaque para PRIO. “Nesta atualização, incorporamos um novo cenário macro (preços mais altos […]",Positive,recomendações de compra,Neutral,0.0,False,https://www.moneytimes.com.br/prio-e-a-principal-recomendacao-de-analistas-da-xp-investimentos/
2024-03-08,MoneyTimes,btg,Petrobras (PETR4): queda de 10% é oportunidade? BTG mantém recomendação de compra no papel,BTG acredita que forte geração de caixa em 2024 é argumento para manter classificação de compra em Petrobras (PETR4).,Positive,recomendação de compra,Negative,-0.6551319360733032,False,https://www.moneytimes.com.br/petrobras-petr4-queda-de-10-e-oportunidade-btg-mantem-recomendacao-de-compra-no-papel-lbrdfa435/
2024-03-08,Exame,btg,"Por que o BTG recomenda comprar Petrobras (PETR4), mesmo sem os dividendos extraordinários","Banco avalia que mercado ainda revisará para cima os lucros da companhia; ""classificação de compra não depende apenas da capacidade de pagar dividendos extras""",Positive,recomenda compra,Neutral,0.0,False,https://exame.com/invest/mercados/por-que-o-btg-recomenda-comprar-petrobras-petr4-mesmo-sem-os-dividendos-extraordinarios/
2024-03-08,InfoMoney,santander,Petrobras: a onda de corte de recomendações para as ações após decepção com dividendos,"Santander, Bradesco BBI, Morgan Stanley e Bank of America cortaram recomendação dos ativos para neutra vendo ação como pouco atrativa sem os dividendos extraordinários",Negative,cortaram recomendação,Negative,-0.8455144762992859,True,https://www.infomoney.com.br/mercados/petrobras-petr4-onda-corte-recomendacao-acoes-decepcao-dividendos-sem-catalisadores/
2024-03-09,MoneyTimes,xp,Petroleira top pick da XP e dividendos para o mês; veja 5 destaques em Comprar ou Vender,"As ações da Petrobras (PETR3;PETR4) derreteram nesta última sexta-feira (8), após o conselho de administração da companhia decidir por não anunciar a distribuição de dividendos extraordinários junto com os resultados do quarto trimestre de 2023. Isso levou a diversos cortes de recomendação por parte de analistas de bancos, uma vez que eles consideraram que a […]",Positive,top pick,Neutral,0.0,False,https://www.moneytimes.com.br/petroleira-top-pick-da-xp-e-dividendos-para-o-mes-veja-5-destaques-em-comprar-ou-vender/
2024-03-15,MoneyTimes,btg,"Day Trade: Itaú (ITUB4), Taesa (TAEE11) e mais 6 ações para comprar nesta sexta (15) e buscar até 3,8%","O PagBank, a Ágora e o BTG Pactual divulgaram suas recomendações de investimento em day trade para esta sexta-feira (15). As ações sugeridas são de analistas gráficos, que usam uma metodologia que busca antecipar as tendências de curtíssimo prazo. Já os papéis de Petrobras (PETR4) e de outras companhias figuram a lista de vendas. Confira. As ações indicadas […]",Positive,para compra,Neutral,0.0,False,https://www.moneytimes.com.br/day-trade-hoje-comprar-itau-itub4-taesa-taee11-acoes-sexta-feira-15-03-2024/
2024-03-22,Exame,itaú bba,"Para além dos dividendos: de olho na produção da Petrobras, Itaú BBA vê upside de 20% em ações PETR4","O banco elevou o preço-alvo de R$ 38 para R$ 43, mas manteve a recomendação neutra para PETR4",Positive,elevou o preço-alvo,Positive,0.5261955857276917,True,https://exame.com/invest/mercados/para-alem-dos-dividendos-de-olho-na-producao-da-petrobras-itau-bba-ve-upside-de-20-em-acoes-petr4/
2024-03-22,MoneyTimes,itaú bba,Petrobras (PETR4): Itaú BBA atualiza estimativas em meio ao alvoroço dos dividendos; veja o que fazer com a ação,"O Itaú BBA atualizou suas estimativas para a Petrobras (PETR4), em meio ao alvoroço gerado pela decisão do conselho da companhia de não pagar dividendos extraordinários. A casa elevou o preço-alvo de R$ 38 para R$ 43 ao término de 2024. A recomendação, no entanto, permanece neutra. A analista Monique Greco e equipe, que assinam […]",Positive,elevou o preço-alvo,Neutral,0.0,False,https://www.moneytimes.com.br/petrobras-petr4-itau-bba-atualiza-estimativas-em-meio-ao-alvoroco-dos-dividendos-veja-o-que-fazer-com-a-acao/
2024-03-22,InfoMoney,analistas,Petrobras sem dividendo extra? BBA vê outro gatilho positivo e eleva preço-alvo,"Produção é outro fator-chave, apontam analistas do banco, que pode ser maior do que a companhia espera; contudo, recomendação segue neutra para os papéis",Positive,eleva preço-alvo,Neutral,0.0,False,https://www.infomoney.com.br/mercados/petrobras-sem-dividendo-extra-bba-ve-outro-gatilho-positivo-e-eleva-preco-alvo/
2024-04-03,MoneyTimes,btg,"Day Trade: Itaú (ITUB4), Prio (PRIO3) e mais 6 ações para comprar nesta quarta (3) e buscar até 3,8%","O PagBank, a Ágora e o BTG Pactual divulgaram suas recomendações de investimento em day trade para esta quarta-feira (3). As ações sugeridas são de analistas gráficos, que usam uma metodologia que busca antecipar as tendências de curtíssimo prazo. Já os papéis de Petrobras (PETR4) e de outras companhias figuram a lista de vendas. Confira. As ações indicadas PagBank Empresa […]",Positive,para compra,Neutral,0.0,False,https://www.moneytimes.com.br/day-trade-hoje-comprar-itau-itub4-prio-prio3-acoes-quarta-feira-03-04-2024/
2024-04-05,Exame,casa de análise,Nem PETR4 nem ITUB4: veja 4 ações que podem dobrar em até 18 meses,"Casa de análise recomenda comprar 4 ações fora do radar, que estão baratas e podem dobrar o dinheiro investido nos próximos 18 meses",Positive,recomenda compra,Neutral,0.0,False,https://exame.com/invest/onde-investir/nem-petr4-nem-itub4-veja-4-acoes-que-podem-dobrar-em-ate-18-meses/
2024-04-09,MoneyTimes,analistas,Desbancou a Petrobras (PETR4): Esta petroleira foi a queridinha de 12 analistas para abril; confira,"Desbancando o furacão do mercado atualmente, Petrobras (PETR4), a Prio (PRIO3) virou a petroleira preferida dos analistas para investir em abril, mostra o levantamento do Money Times, com carteiras de 21 bancos, corretoras e casas de análise. No mês, a ação foi de longe a campeã, recebendo 12 recomendações. Em sequência, aparecem a Petrobras, com nove […]",Positive,preferida dos analistas,Neutral,0.0,False,https://www.moneytimes.com.br/desbancou-a-petrobras-petr4-esta-petroleira-foi-a-queridinha-de-12-analistas-para-abril-confira/
2024-04-12,MoneyTimes,analista,"Petrobras (PETR4): Após a tempestade, vem o sol? Analista vê bom ponto de entrada e dividendos generosos pela frente","A Petrobras (PETR3;PETR4) passou essa semana sob os holofotes, com o comando da companhia, pagamento de dividendos extraordinários e suspensão de conselheiro no radar dos investidores. Há ainda o avanço do petróleo, que a empresa não acompanhou. Desde a divulgação do balanço do último trimestre de 2023 e o anúncio da retenção dos dividendos, no […]",Positive,bom ponto de entrada,Neutral,0.0,False,https://www.moneytimes.com.br/petrobras-petr4-apos-a-tempestade-vem-o-sol-analista-ve-bom-de-entrada-e-dividendos-generosos-pela-frente/
2024-04-14,MoneyTimes,guide,"É hora de colocar Petrobras (PETR4) e Vale (VALE3) no cardápio, vê Guide","A Guide acrescentou Vale (VALE3) e Petrobras (PETR4) em sua carteira recomendada. Com isso, saem Vibra (VBBR3) e Grupo SBF (SBFG3). LEIA TAMBÉM: O Money Picks analisou 30 carteiras recomendadas de diversas casas de análise e bancos para descobrir os melhores investimentos para abril; confira as top picks aqui Segundo a corretora, com a alta recente das […]",Positive,top pick,Neutral,0.0,False,https://www.moneytimes.com.br/e-hora-de-colocar-petrobras-petr4-e-vale-vale3-no-cardapio-ve-guide/
2024-04-16,MoneyTimes,btg,"Day Trade: Petrobras (PETR4), Cemig (CMIG4) e mais 5 ações para comprar nesta terça (16) e buscar até 4,7%","O PagBank, a Ágora e o BTG Pactual divulgaram suas recomendações de compra em day trade para esta terça-feira (16). As ações sugeridas são de analistas gráficos, que usam uma metodologia que busca antecipar as tendências de curtíssimo prazo. VEJA TAMBÉM: Este trader erra até 80% das operações e, mesmo assim, é capaz de lucrar uma média de […]",Positive,recomendações de compra,Neutral,0.0,False,https://www.moneytimes.com.br/day-trade-hoje-comprar-petrobras-petr4-cemig-cmig4-acoes-terca-feira-16-04-2024/
2024-04-18,MoneyTimes,analistas,"Day Trade: Petrobras (PETR4) pode engatar 4ª alta seguida, após alívio no Oriente Médio; veja o que comprar hoje (18)","O PagBank e a Ágora divulgaram suas recomendações de compra em day trade para esta quinta-feira (18). As ações sugeridas são de analistas gráficos, que usam uma metodologia que busca antecipar as tendências de curtíssimo prazo. Treinamento para operar robô que pode gerar ganhos médios de R$ 538,02 por dia abre novas vagas; faça sua pré-inscrição gratuita Entre […]",Positive,recomendações de compra,Negative,-0.4645877778530121,False,https://www.moneytimes.com.br/day-trade-hoje-comprar-petrobras-petr4-petroleo-oriente-medio-acoes-quinta-feira-18-04-2024/
2024-04-22,MoneyTimes,btg,Day Trade: Petrobras (PETR4) pode saltar até 2% após sinal verde para dividendos extras; veja o que comprar hoje (22),"O PagBank, a Ágora e o BTG Pactual divulgaram suas recomendações de compra em day trade para esta segunda-feira (22). As ações sugeridas são de analistas gráficos, que usam uma metodologia que busca antecipar as tendências de curtíssimo prazo. VEJA TAMBÉM: Este trader erra até 80% das operações e, mesmo assim, é capaz de lucrar uma média de […]",Positive,recomendações de compra,Neutral,0.0,False,https://www.moneytimes.com.br/day-trade-hoje-comprar-petrobras-petr4-dividendos-extraordinarios-acoes-segunda-feira-22-04-2024/
2024-04-29,Poder360,bb investimentos,BB Investimentos revisa para cima preço-alvo de ações da Petrobras,Instituição reforça a visão positiva e a recomendação de compra para o papel; projeção é que o valor passe de R$ 42 para R$ 47 no fim de 2024,Positive,são positiv,Negative,-0.720890462398529,False,https://www.poder360.com.br/economia/bb-investimentos-revisa-para-cima-preco-alvo-de-acoes-da-petrobras/
2024-04-30,MoneyTimes,analistas,"Day Trade: Petrobras (PETR4), Cemig (CMIG4) e outras ações para comprar nesta terça (30) e buscar até 2,1%","O PagBank e a Ágora  divulgaram suas recomendações de compra em day trade para esta terça-feira (30). As ações sugeridas são de analistas gráficos, que usam uma metodologia que busca antecipar as tendências de curtíssimo prazo. Já os papéis de Cyrela (CYRE3) e de outras companhias figuram a lista de vendas. Confira. As ações indicadas PagBank Empresa Ticker […]",Positive,recomendações de compra,Neutral,0.0,False,https://www.moneytimes.com.br/day-trade-hoje-comprar-petrobras-petr4-cemig-cmig4-acoes-terca-feira-30-04-2024/
2024-05-02,MoneyTimes,btg,"Day Trade: Weg (WEGE3), Petrobras (PETR4) e outras ações para comprar no 1º pregão de maio e buscar até 3,2%","O PagBank, a Ágora e o BTG Pactual divulgaram suas recomendações de compra em day trade para esta quinta-feira (2). As ações sugeridas são de analistas gráficos, que usam uma metodologia que busca antecipar as tendências de curtíssimo prazo. Já os papéis de Azul (AZUL4) e de outras companhias figuram a lista de vendas. Confira. As ações indicadas […]",Positive,recomendações de compra,Neutral,0.0,False,https://www.moneytimes.com.br/day-trade-hoje-comprar-weg-wege3-petrobras-petr4-acoes-quinta-feira-02-05-2024/
2024-05-07,MoneyTimes,btg,"Day Trade: Petrobras (PETR4), Engie (EGIE3) e mais 4 ações para comprar nesta terça (7) e buscar até 3,5%","A Ágora e o BTG Pactual divulgaram suas recomendações de compra em day trade para esta terça-feira (7). As ações sugeridas são de analistas gráficos, que usam uma metodologia que busca antecipar as tendências de curtíssimo prazo. Já os papéis de Cemig (CMIG4) e de outras companhias figuram a lista de vendas. Confira. As ações indicadas Ágora Empresa […]",Positive,recomendações de compra,Neutral,0.0,False,https://www.moneytimes.com.br/day-trade-hoje-comprar-petrobras-petr4-engie-egie3-acoes-terca-feira-07-05-2024/
2024-05-07,MoneyTimes,ubs,Tempo Real: Ibovespa (IBOV) sobe com ajuda de Vale (VALE3) e Petrobras (PETR4),"RESUMO: O Ibovespa (IBOV) operou em alta no pregão desta terça-feira (7) refletindo as altas de Vale (VALE3) e Petrobras (PETR3;PETR4) e o bom humor dos mercados globais. Após o balanço do Itaú (ITUB4), publicado ontem (6), as ações do banco subiram 2,07%. Além disso, a UBS elevou o preço-alvo da ADR de Vale, negociada em NY, de US$ 13 para US$ 15, resultando em uma […]",Positive,elevou o preço-alvo,Positive,0.662995457649231,True,https://www.moneytimes.com.br/tempo-real-ibovespa-hoje-mercado-ao-vivo-terca-feira-07-05-2024/
2024-05-08,MoneyTimes,analistas,Caos da Petrobras (PETR4) impactou opinião do mercado? Confira a petroleira favorita de 12 analistas para investir em maio,"Mesmo após um período caótico no mês de abril, a Petrobras (PETR4) não registrou queda em recomendações. Em maio, teve o primeiro lugar e se tornou a petroleira preferida dos analistas, mostra o levantamento do Money Times, com carteiras de 17 bancos, corretoras e casas de análise. No mês, a ação foi de longe a […]",Positive,preferida dos analistas,Negative,-0.7571418881416321,False,https://www.moneytimes.com.br/caos-da-petrobras-petr4-impactou-opiniao-do-mercado-confira-a-petroleira-favorita-de-12-analistas-para-investir-em-maio/
2024-05-14,MoneyTimes,analistas,"Resultado de Petrobras (PETR4) é frustrante, mas com dividendos: Analistas avaliam o que fazer com papel","Um dos resultados mais esperados da temporada do primeiro trimestre de 2024 (1T24) foi divulgado ontem (13), após o fechamento da bolsa: o da Petrobras (PETR4). No entanto, a ansiedade do mercado logo se transformou em frustração. Os números da estatal ficaram abaixo da expectativa. A petroleira encerrou o primeiro trimestre com lucro líquido de R$ […]",Negative,abaixo da expectativa,Negative,-0.7164133191108704,True,https://www.moneytimes.com.br/resultado-de-petrobras-petr4-e-frustrante-mas-com-dividendos-analistas-avaliam-o-que-fazer-com-papel/
2024-05-14,InfoMoney,analista,"Combinação de pequenos itens levou Petrobras a ficar abaixo do esperado, diz analista","Embora com estimativas abaixo do esperado no 1T24, a estatal continuou a gerar fluxo de caixa substancial",Negative,abaixo do esperado,Negative,-0.8434150815010071,True,https://www.infomoney.com.br/mercados/combinacao-de-pequenos-itens-levou-petrobras-a-ficar-abaixo-do-esperado-diz-analista/
2024-05-17,MoneyTimes,analistas,"Day Trade: Gerdau (GGBR4), Copel (CPLE6) e outras ações para comprar nesta sexta (17) e buscar até 3%","O PagBank e a Ágora Investimentos divulgaram suas recomendações de compra em day trade para esta sexta-feira (17). As ações sugeridas são de analistas gráficos, que usam uma metodologia que busca antecipar as tendências de curtíssimo prazo. Já os papéis de Petrobras (PETR4) e de outras companhias figuram a lista de vendas. Confira. As ações indicadas PagBank […]",Positive,recomendações de compra,Neutral,0.0,False,https://www.moneytimes.com.br/day-trade-hoje-comprar-gerdau-ggbr4-copel-cple6-acoes-sexta-feira-17-05-2024/
2024-05-22,MoneyTimes,btg,"Day Trade: BB Seguridade (BBSE3), CSN Mineração (CMIN3) e mais 5 ações para comprar hoje (22) e buscar até 3,5%","O PagBank, a Ágora e o BTG Pactual divulgaram suas recomendações de compra em day trade para esta quarta-feira (22). As ações sugeridas são de analistas gráficos, que usam uma metodologia que busca antecipar as tendências de curtíssimo prazo. Já os papéis de IRB (IRBR3), Petrobras (PETR4) e de outras companhias figuram a lista de vendas. Confira. As […]",Positive,recomendações de compra,Neutral,0.0,False,https://www.moneytimes.com.br/day-trade-hoje-comprar-bb-seguridade-bbse3-csn-mineracao-cmin3-acoes-quarta-feira-22-05-2024/
2024-05-22,Poder360,santander,"Produção da Petrobras em abril é decepcionante, diz Santander",Redução teria sido motivada por manutenções em campos do pré-sal; analistas dizem que a volatilidade pode seguir em maio,Negative,decepcion,Negative,-0.8473334312438965,True,https://www.poder360.com.br/economia/producao-da-petrobras-e-decepcionante-em-abril-diz-santander/
2024-06-06,MoneyTimes,analistas,E os dividendos extraordinários? Bancão dispara e desbanca Petrobras (PETR4); confira onde investir em junho,"Desbancando a queridinha do mercado e conhecida por seus dividendos extraordinários, Petrobras (PETR4), o Banco do Brasil (BBAS3) virou a ação preferida dos analistas para investir em junho, mostra o levantamento do Money Times, com carteiras de dividendos de 19 bancos, corretoras e casas de análise. No mês, o bancão foi o campeão, ao receber 13 recomendações. Na […]",Positive,ação preferida,Negative,-0.7122649550437927,False,https://www.moneytimes.com.br/e-os-dividendos-extraordinarios-bancao-dispara-em-recomendacoes-e-desbanca-petrobras-petr4-confira-onde-investir-em-junho-visp/
2024-06-11,MoneyTimes,analistas,"Petrobras (PETR4), Prio (PRIO3), 3R Petroleum (RRRP3): Veja a petroleira favorita dos analistas para buscar lucros em junho","Mais uma vez, a Petrobras (PETR4) levou o primeiro lugar como a petroleira preferida dos analistas. Isso é o que mostra o levantamento do Money Times, com carteiras de 20 bancos, corretoras e casas de análise. No mês, a ação foi de longe a campeã, recebendo 14 recomendações. Em sequência, aparecem a Prio (PRIO3), com sete indicações, e […]",Positive,preferida dos analistas,Neutral,0.0,False,https://www.moneytimes.com.br/petrobras-petr4-prio-prio3-3r-petroleum-rrrp3-confira-qual-a-petroleira-favorita-dos-analistas-para-buscar-lucros-no-mes-de-junho-visp/
2024-06-24,MoneyTimes,btg,"Day Trade: Petrobras (PETR4), Marfrig (MRFG3) e outras ações para comprar nesta segunda (24)","O BTG Pactual, o PagBank e a Ágora divulgaram suas recomendações de compra em day trade para esta segunda-feira (24). As ações sugeridas são de analistas gráficos, que usam uma metodologia que busca antecipar as tendências de curtíssimo prazo. Empiricus abre nova turma do treinamento que ensina a buscar, em média, até R$ 238,09 por dia […]",Positive,recomendações de compra,Neutral,0.0,False,https://www.moneytimes.com.br/day-trade-hoje-comprar-petrobras-petr4-marfrig-mrfg3-acoes-segunda-feira-24-06-2024-ginc/
2024-07-01,MoneyTimes,btg,"Day Trade: Petrobras (PETR4), Marfrig (MRFG3) e mais ações para comprar hoje (01)","O BTG Pactual, o PagBank e a Ágora divulgaram suas recomendações de compra em day trade para esta segunda-feira (01). As ações sugeridas são de analistas gráficos, que usam uma metodologia que busca antecipar as tendências de curtíssimo prazo. Empiricus abre nova turma do treinamento que ensina a buscar, em média, até R$ 238,09 por […]",Positive,recomendações de compra,Neutral,0.0,False,https://www.moneytimes.com.br/day-trade-hoje-comprar-petrobras-petr4-marfrig-mrfg3-acoes-segunda-feira-01-07-2024-ginc/
2024-07-01,MoneyTimes,safra,"Petrobras (PETR4): Acordo com Carf machuca dividendos, vê Safra; ação deixa carteira","O Safra retirou a Petrobras (PETR4) da sua carteira de dividendos de julho. Segundo os analistas, o acordo realizado com o Carf poderia afetar o seu nível de pagamento no curto prazo e diminuir a atratividade do papel. DIVIDENDOS: Veja 5 ações para comprar agora e buscar pagamentos extras na sua conta ainda em 2024  […]",Positive,para compra,Negative,-0.8269224166870117,False,https://www.moneytimes.com.br/petrobras-petr4-acordo-com-carf-machuca-dividendos-ve-safra-acao-deixa-carteira-rnda/
2024-07-02,MoneyTimes,btg,"Day Trade: Com alta das commodities, Petrobras (PETR4) e CSN Mineração (CMIN3) são ações para comprar hoje (2)","O BTG Pactual, o PagBank e a Ágora divulgaram suas recomendações de compra em day trade para esta terça-feira (02). As ações sugeridas são de analistas gráficos, que usam uma metodologia que busca antecipar as tendências de curtíssimo prazo. Empiricus abre nova turma do treinamento que ensina a buscar, em média, até R$ 238,09 por […]",Positive,recomendações de compra,Neutral,0.0,False,https://www.moneytimes.com.br/day-trade-hoje-comprar-petrobras-petr4-csn-mineracao-cmin3-acoes-terca-feira-02-07-2024-ginc/
2024-07-03,MoneyTimes,btg,"Petrobras (PETR4): CEO conta planos para a companhia e dividendos parecem seguros; veja avaliação do BTG, Goldman e XP","A presidente da Petrobras (PETR4), Magda Chambriard, se reuniu com analistas de bancos e casas de análises na terça-feira (02). O BTG Pactual saiu do encontro com uma visão positiva em relação aos planos da CEO à frente da estatal. Chambriard foi anunciada para o comando da Petrobras em maio, substituindo Jean Paul Prates. A […]",Positive,são positiv,Neutral,0.0,False,https://www.moneytimes.com.br/petrobras-petr4-ceo-conta-planos-para-a-companhia-e-dividendos-parecem-seguros-veja-avaliacao-do-btg-goldman-e-xp-lmrs/
2024-07-04,InfoMoney,analistas,Petrobras (PETR4): interesse na Namíbia e acordo com Cade são positivos para estatal?,Analistas veem notícias sobre exploração na África em linha com sinalizações de aumentar reservas futuras,Positive,são positiv,Neutral,0.0,False,https://www.infomoney.com.br/mercados/petrobras-petr4-interesse-na-namibia-e-acordo-com-cade-sao-positivos-para-estatal/
2024-07-09,MoneyTimes,btg,"Day Trade: Petrobras (PETR4), Copasa (CSMG3) e mais 2 ações para comprar nesta terça (9) e buscar até 4%","O BTG Pactual e o PagBank divulgaram suas recomendações de compra em day trade para esta terça-feira (09). As ações sugeridas são de analistas gráficos, que usam uma metodologia que busca antecipar as tendências de curtíssimo prazo. Renda extra de até R$ 14.280 em apenas 3 cliques? Ferramenta que permite buscar esses resultados no mercado financeiro […]",Positive,recomendações de compra,Neutral,0.0,False,https://www.moneytimes.com.br/day-trade-hoje-comprar-petrobras-petr4-copasa-csmg3-acoes-terca-feira-09-07-2024/
2024-07-16,MoneyTimes,santander,"Petrobras (PETR4): O risco para os dividendos extraordinários, segundo bancão","Galinha de ovos de ouro de muitos investidores, a Petrobras (PETR4) atravessará o momento mais desafiador do seu plano estratégico 2024-28, afirma o Santander em relatório. O banco manteve a recomendação neutra, com preço-alvo para as ADRs a US$ 17.  DIVIDENDOS: Veja 5 ações para comprar agora e buscar pagamentos extras na sua conta ainda em […]",Positive,para compra,Negative,-0.6836379170417786,False,https://www.moneytimes.com.br/petrobras-petr4-o-risco-aos-dividendos-extraordinarios-segundo-santander-rnda/
2024-07-16,InfoMoney,santander,Petrobras (PETR4): os 3 motivos para Santander ter recomendação neutra para a ação,Santander mantém recomendação neutra e preço-alvo de R$ 43 por ação ordinária,Neutral,recomendação neutr,Neutral,0.0,True,https://www.infomoney.com.br/mercados/petrobras-petr4-os-3-motivos-para-santander-ter-recomendacao-neutra-para-a-acao/
2024-08-04,MoneyTimes,santander,"BB (BBAS3), Bradesco (BBDC4), Itaú (ITUB4), dividendos da Petrobras (PETR4) e os temas que mexem com seu bolso","A semana vai ser agitada para os resultados das empresas da bolsa, especialmente para os bancões. Após o Santander Brasil (SANB11) ter entregado resultados pouco acima do esperado, chegou a vez de Bradesco (BBDC4), no dia 5, Itaú Unibanco (ITUB4), no dia 6, e Banco do Brasil (BBAS3), no dia 7, reportarem seus números. Os […]",Positive,acima do esperado,Neutral,0.0,False,https://www.moneytimes.com.br/banco-do-brasil-bbas3-bradesco-bbdc4-itau-itub4-petrobras-petr4-e-as-acoes-que-mexem-com-seu-bolso-rnda/
2024-08-05,MoneyTimes,btg,"Day Trade: Em dia difícil para mercados, Petrobras (PETR4) e JBS (JBSS3) são ações para vender hoje (05)","O BTG Pactual, o PagBank e a Ágora divulgaram suas recomendações de venda em day trade para esta segunda-feira (05). Quer receber em primeira mão as análises dos balanços do 2T24? Clique aqui para receber relatórios de investimentos gratuitos, feitos pelos profissionais da Empiricus Research. A semana começa com um dia difícil para os mercados, com […]",Negative,recomendações de venda,Neutral,0.0,False,https://www.moneytimes.com.br/day-trade-hoje-vender-petrobras-petr4-jbs-jbss3-acoes-segunda-feira-05-08-2024-ginc/
2024-08-06,Exame,bank of america,"Petrobras (PETR4) deve pagar US$ 2,8 bilhões de dividendos, diz BofA","Bank of America recomenda compra do papel, com preço-alvo de US$ 17,90, o que representaria um potencial de ganho de quase 34,50%",Positive,recomenda compra,Negative,-0.7776461243629456,False,https://exame.com/invest/mercados/petrobras-petr4-deve-pagar-us-28-bilhoes-de-dividendos-diz-bofa/
2024-08-13,MoneyTimes,analistas,"Day Trade: Vivo (VIVT3), Cemig (CMIG4) e mais ações para comprar nesta terça-feira (13)","O PagBank e a Ágora divulgaram suas recomendações de compra em day trade para esta terça-feira (13). As ações sugeridas são de analistas gráficos, que usam uma metodologia que busca antecipar as tendências de curtíssimo prazo. Petrobras, Vale e Banco do Brasil: os dividendos compensam os riscos políticos das teses? Confira a avaliação do BTG Pactual […]",Positive,recomendações de compra,Neutral,0.0,False,https://www.moneytimes.com.br/day-trade-hoje-comprar-vivo-vivt3-cemig-cmig4-acoes-terca-feira-13-08-2024-visp/
2024-08-13,MoneyTimes,xp,XP: Vale a compra? Safra vê outras opções,"O Banco Safra iniciou a cobertura dos papéis da XP Inc (XP) com recomendação neutra e preço-alvo de US$ 21, potencial de 16%. Petrobras, Vale e Banco do Brasil: os dividendos compensam os riscos políticos das teses? Confira a avaliação do BTG Pactual aqui De acordo com Daniel Vaz, analista do Safra, a XP desempenhou […]",Neutral,recomendação neutr,Neutral,0.0,True,https://www.moneytimes.com.br/xp-vale-a-compra-safra-ve-outras-opcoes-mtm/
2024-08-14,MoneyTimes,analistas,"Day Trade: Gerdau (GGBR4), Alpargatas (ALPA4) e outras ações para vender hoje (14)","O PagBank e a Ágora divulgaram suas recomendações de venda em day trade para esta quarta-feira (14). As ações sugeridas são de analistas gráficos, que usam uma metodologia que busca antecipar as tendências de curtíssimo prazo. Petrobras tem 2T24 de prejuízo e sem dividendos extraordinários – e analista é direto e reto na recomendação sobre PETR4; […]",Negative,recomendações de venda,Neutral,0.0,False,https://www.moneytimes.com.br/day-trade-hoje-comprar-alpargatas-alpa4-gerdau-ggbr4-acoes-quarta-feira-14-08-2024-visp/
2024-08-15,MoneyTimes,analistas,"Day Trade: Bradesco (BBDC4), Petrobras (PETR4) e mais ações para comprar nesta quinta-feira (15)","O PagBank e a Ágora divulgaram suas recomendações de compra em day trade para esta quinta-feira (15). As ações sugeridas são de analistas gráficos, que usam uma metodologia que busca antecipar as tendências de curtíssimo prazo. VEJA TAMBÉM: Não espere para buscar lucros com empresas gringas; analista indica as melhores ações americanas para investir hoje. Confira […]",Positive,recomendações de compra,Neutral,0.0,False,https://www.moneytimes.com.br/day-trade-hoje-comprar-bradesco-bbdc4-petrobras-petr4-acoes-quinta-feira-15-08-2024-visp/
2024-08-26,MoneyTimes,analistas,"Day Trade: Localiza (RENT3), Azul (AZUL4) e outras ações para vender hoje (26) e buscar retornos de até 2,7%","O PagBank e a Ágora divulgaram suas recomendações de venda em day trade para esta segunda-feira (26). As ações sugeridas são de analistas gráficos, que usam uma metodologia que busca antecipar as tendências de curtíssimo prazo. Petrobras, Gerdau, Localiza e mais empresas pagam dividendos na semana; veja aqui quais delas são recomendadas pelo BTG Pactual. É possível […]",Negative,recomendações de venda,Neutral,0.0,False,https://www.moneytimes.com.br/day-trade-hoje-vender-localiza-rent3-azul-azul3-acoes-sexta-feira-23-08-2024-visp/
2024-08-26,InfoMoney,morgan stanley,Petrobras salta 9% e ganha R$ 41 bi de valor com ações elevadas e alta do petróleo,Morgan Stanley elevou recomendação dos ADRs para compra,Positive,elevou recomendação,Positive,0.7865175604820251,True,https://www.infomoney.com.br/mercados/petrobras-sobe-3-com-acao-elevada-e-alta-do-petroleo-outras-petroleiras-sobem/
2024-08-26,MoneyTimes,morgan stanley,Retornos de 60% e dividendos: Morgan faz as contas e recomenda compra em Petrobras (PETR4); ação dispara 8%,"Uma combinação de fatores ativou ‘gatilhos’ para o papel da Petrobras (PETR4) disparar mais na sessão desta segunda-feira (26). Além do preço do petróleo, que salta mais de 2%, o Morgan Stanley elevou a recomendação da estatal para overweight, o equivalente à compra, com preço-alvo de US$ 20 até 2025, potencial de 38% ante o […]",Positive,elevou a recomendação,Neutral,0.0,False,https://www.moneytimes.com.br/petrobras-petr4-morgan-stanley-recomenda-compra-apos-calcular-tamanho-dos-dividendos-extraordinarios-acao-dispara-rnda/
2024-08-26,Exame,morgan stanley,Petrobras fecha em alta de 9% e ganha R$ 41 bilhões em valor de mercado na bolsa,As ações da estatal fecharam em alta impactada pela escalada do petróleo e com recomendação de compra pelo Morgan Stanley,Positive,recomendação de compra,Positive,0.8038251399993896,True,https://exame.com/invest/mercados/petrobras-fecha-em-alta-de-9-e-ganha-r-41-bilhoes-em-valor-de-mercado-na-bolsa/
2024-08-26,Exame,morgan stanley,Petrobras: Morgan Stanley vê dividendos extraordinários 'intactos' e eleva ação para compra,Analistas esperam pagamento de US$ 7 bilhões em dividendos extraordinários até 2025 e veem retorno total de até 60% para o papel,Positive,para compra,Neutral,0.0,False,https://exame.com/exame-in/morgan-stanley-eleva-petrobras-para-compra-e-projeta-retorno-de-60/
2024-08-27,MoneyTimes,morgan stanley,Retornos e dividendos da Petrobras (PETR4) são destaque no Money Times; veja as principais manchetes dos jornais hoje (27),"O Morgan Stanley elevou a recomendação da Petrobras (PETR4) para overweight, o equivalente à compra, e é destaque no Money Times nesta terça-feira (27). Em reação, os papéis dispararam no Ibovespa. As ações ordinárias (PETR3) fecharam o pregão como a maior alta do índice, com avanço de 8,96%, a R$ 42,92. Já as ações preferenciais (PETR4) terminaram o […]",Positive,elevou a recomendação,Neutral,0.0,False,https://www.moneytimes.com.br/com-retornos-de-60-e-dividendos-petrobras-petr4-e-destaque-confira-as-principais-noticias-dos-jornais-hoje-terca-feira-27-08-2024-lmrs/
2024-08-28,InfoMoney,santander,"Petrobras: após Morgan, Santander eleva ações a compra de olho em plano e dividendos","Banco subiu recomendação com base em perspectiva renovada de sua estrutura de capital e, portanto, potencial extraordinário de dividendos",Positive,subiu recomendação,Positive,0.627630889415741,True,https://www.infomoney.com.br/mercados/petrobras-petr4-apos-morgan-santander-eleva-acoes-a-compra-de-olho-em-plano-em-dividendos-desempenho-ativos/
2024-08-30,MoneyTimes,itaú bba,"São Martinho (SMTO3): Itaú eleva preço, mas cita preocupações com Petrobras (PETR4), Índia e La Niña; entenda os motivos","O Itaú BBA elevou seu preço-alvo para as ações da  São Martinho (SMTO3), de R$ 35 para R$ 37 (potencial de alta de 32,28%). O banco manteve a recomendação de compra. O banco vê a companhia negociando em 9% do rendimento de FCF (fluxo de caixa do acionista) para o ano fiscal de 2025 e 8,5% para o ano […]",Positive,recomendação de compra,Negative,-0.7645930647850037,False,https://www.moneytimes.com.br/sao-martinho-smto3-itau-eleva-preco-mas-cita-preocupacoes-com-petrobras-petr4-india-e-la-nina-entenda-os-motivos-pads/
2024-09-09,MoneyTimes,analistas,"Day Trade: CSN Mineração (CMIN3), Embraer (EMBR4) e outras ações para comprar hoje (9) e buscar retornos de até 1,94%","O PagBank e a Ágora divulgaram suas recomendações de compra em day trade para esta segunda-feira (9). As ações sugeridas são de analistas gráficos, que usam uma metodologia que busca antecipar as tendências de curtíssimo prazo. Leia mais: BTG Pactual deixa PETR4 de ‘escanteio’ em carteira com top 10 de setembro e indica outra ação do […]",Positive,recomendações de compra,Neutral,0.0,False,https://www.moneytimes.com.br/day-trade-hoje-comprar-csn-mineracao-cmin3-embraer-embr3-acoes-segunda-feira-09-09-2024-visp/
2024-09-12,InfoMoney,goldman sachs,Petrobras ignora petróleo e cai após banco cortar preço-alvo e projeção de dividendos,"Petróleo teve recuperação na sessão desta quinta, mas queda recente da commodity fez com que Goldman Sachs revisasse para baixo suas projeções para estatal",Negative,cortar preço-alvo,Negative,-0.8476486206054688,True,https://www.infomoney.com.br/mercados/petrobras-petr4-goldman-corta-preco-alvo-e-projecao-de-dividendo-por-petroleo-e-acoes-caem/
2024-09-12,MoneyTimes,goldman sachs,"Petrobras (PETR4): O potencial de dividendos em meio à queda do petróleo, segundo o Goldman Sachs","O Goldman Sachs reduziu em 10% o preço-alvo para as ações da Petrobras (PETR4) diante da queda de 20% do petróleo tipo Brent desde junho. O banco vê o valor justo para o papel preferencial em R$ 39,40, ante os atuais R$ 36,87, e segue recomendando a compra da ação da petroleira. Veja mais: o […]",Positive,recomendando a compra,Neutral,0.0,False,https://www.moneytimes.com.br/petrobras-petr4-o-potencial-de-dividendos-em-meio-a-queda-do-petroleo-kda/
2024-09-16,InfoMoney,itaú bba,Petrobras (PETR4): Itaú BBA eleva ações para compra e vislumbra fortes dividendos,Banco avalia que a Petrobras oferece uma combinação de fundamentos sólidos e uma governança aprimorada,Positive,para compra,Positive,0.6906784772872925,True,https://www.infomoney.com.br/mercados/petrobras-petr4-itau-bba-eleva-para-compra-e-vislumbra-fortes-dividendos-desempenho-acoes/
2024-09-16,MoneyTimes,itaú bba,"Petrobras (PETR4): Itaú calcula dividendos, preço-alvo e recomenda compra; veja potencial","O Itaú BBA revisitou a Petrobras (PETR3;PETR4) e chegou a conclusão de que é hora de comprar os papéis. A corretora elevou a recomendação de neutro para outperform, o equivalente à compra, com preço-alvo de R$ 48 até 2025, o que abre potencial de alta de 31%. Em reação, os papéis preferenciais (PETR4) da estatal […]",Positive,elevou a recomendação,Neutral,0.0,False,https://www.moneytimes.com.br/petrobras-petr4-itau-bba-eleva-recomendacao-para-compra-retornos-de-dividendos-chegam-a-14-rnda/
2024-09-16,MoneyTimes,btg,"Day Trade: Embraer (EMBR3), Hapvida (HAPV3) e outras ações para comprar hoje (16) e buscar retornos de até 5,90%","O BTG Pactual, o PagBank e a Ágora divulgaram suas recomendações de compra em day trade para esta segunda-feira (16). As ações sugeridas são de analistas gráficos, que usam uma metodologia que busca antecipar as tendências de curtíssimo prazo. Lula ‘de olho’ nos dividendos da Petrobras (PETR4)? Presidente encaminha projeto ao congresso que pode ter impacto nos […]",Positive,recomendações de compra,Neutral,0.0,False,https://www.moneytimes.com.br/day-trade-hoje-comprar-embraer-embr3-hapvida-hapv3-acoes-segunda-feira-16-09-2024-visp/
2024-09-16,MoneyTimes,btg,"Day Trade: Vibra Energia (VBBR3), Ambev (ABEV3) e mais 4 ações para vender nesta segunda-feira (16)","O BTG Pactual, o PagBank e a Ágora divulgaram suas recomendações de venda em day trade para esta segunda-feira (16). As ações sugeridas são de analistas gráficos, que usam uma metodologia que busca antecipar as tendências de curtíssimo prazo. Lula ‘de olho’ nos dividendos da Petrobras (PETR4)? Presidente encaminha projeto ao congresso que pode ter impacto nos […]",Negative,recomendações de venda,Neutral,0.0,False,https://www.moneytimes.com.br/day-trade-hoje-vender-vibra-energia-vvbr3-ambev-abev3-acoes-segunda-feira-16-09-2024-visp/
2024-09-18,MoneyTimes,bank of america,"Rali da Petrobras (PETR4): Investidor pode surfar alta de 40% das ações, vê BofA","O Bank of America elevou o preço-alvo da Petrobras (PETR3;PETR4) de R$ 47 para R$ 51, o que abre potencial de alta de 40% ante o fechamento desta quarta-feira (18). A recomendação é de compra. Onde investir após a Super Quarta? Veja como receber um dossiê gratuito com os investimentos mais promissores após as decisões […]",Positive,elevou o preço-alvo,Neutral,0.0,False,https://www.moneytimes.com.br/rali-da-petrobras-petr4-investidor-pode-surfar-alta-de-40-das-acoes-ve-bofa-rnda/
2024-09-20,MoneyTimes,analistas,"Day Trade: Localiza (RENTE3), Embraer (EMBR3) e outras ações para comprar hoje (20) e buscar retornos de até 3%","O PagBank e a Ágora divulgaram suas recomendações de compra em day trade para esta sexta-feira (20). As ações sugeridas são de analistas gráficos, que usam uma metodologia que busca antecipar as tendências de curtíssimo prazo. Nem PETR4, nem BRAV3: “Principal escolha do setor” de petróleo do BTG Pactual é outra; veja aqui Confira aqui as recomendações […]",Positive,recomendações de compra,Neutral,0.0,False,https://www.moneytimes.com.br/day-trade-hoje-comprar-localiza-rent3-embraer-embr3-acoes-sexta-feira-20-09-2024-visp/
2024-09-20,MoneyTimes,analistas,"Day Trade: Vibra Energia (VBBR3), Engie (EGIE3) e mais 4 ações para vender nesta sexta-feira (20)","O PagBank e a Ágora divulgaram suas recomendações de venda em day trade para esta sexta-feira (20). As ações sugeridas são de analistas gráficos, que usam uma metodologia que busca antecipar as tendências de curtíssimo prazo. Nem PETR4, nem BRAV3: “Principal escolha do setor” de petróleo do BTG Pactual é outra; veja aqui É possível conferir […]",Negative,recomendações de venda,Neutral,0.0,False,https://www.moneytimes.com.br/day-trade-hoje-vender-vibra-energia-vvbr3-engie-egie3-acoes-sexta-feira-20-09-2024-visp/
2024-09-21,MoneyTimes,itaú bba,Taesa (TAEE11): Itaú calcula dividendos e diz se é hora de comprar ação,"O Itaú BBA atualizou suas expectativas para as transmissoras e reiterou a recomendação ‘market perform’, ou seja, desempenho em linha com o mercado, equivalente a neutro, para a Taesa (TAEE11), com preço-alvo de R$ 37,5, antes em R$ 36,7. VEJA MAIS: Petrobras (PETR4) atinge 1 milhão de acionistas, mas popularidade da ação não é ‘necessariamente […]",Neutral,market perform,Neutral,0.0,True,https://www.moneytimes.com.br/taesa-taee11-itau-calcula-dividendos-e-diz-se-e-hora-de-comprar-acao-rnda/
2024-09-25,Exame,j.p. morgan,Ibovespa fecha em queda com exterior após rali puxado por China,"Ações da Petrobras subiram, impulsionadas pela recomendação de compra do J.P. Morgan",Positive,recomendação de compra,Negative,-0.8114064335823059,False,https://exame.com/invest/mercados/ibovespa-hoje-25-09-2024/
2024-09-25,InfoMoney,jpmorgan,Petrobras: JPMorgan eleva ações para compra e coloca estatal entre favoritas do setor,Preço-alvo dos ativos – ADRs e ações da B3 – também foi elevado; PRIO também aparece entre preferidas,Positive,para compra,Neutral,0.0,False,https://www.infomoney.com.br/mercados/petrobras-petr4-jpmorgan-eleva-acoes-para-compra-e-coloca-estatal-entre-favoritas-do-setor-desempenho-ativos/
2024-09-25,MoneyTimes,bb investimentos,"Petrobras (PETR4): Bancões recomendam compra — um vê dividendos de R$ 3,49 por ação em visão conservadora","O BB Investimentos introduziu um novo preço-alvo para as ações da Petrobras (PETR3;PETR4), de R$ 48,50, mantendo a recomendação de compra. “Nossa avaliação deriva de um método de Fluxo de Caixa Descontado (DCF) de dez anos, assumindo um WACC em 12,6% e um crescimento na perpetuidade (g) de 2,0%”, diz o banco em relatório. Na […]",Positive,recomendação de compra,Neutral,0.0,False,https://www.moneytimes.com.br/petrobras-petr3petr4-bancoes-recomendam-compra-um-ve-dividendos-de-r-349-por-acao-em-visao-conservadora-lmrs/
2024-09-27,MoneyTimes,btg,"Day Trade: Itaú (ITUB4), Gerdau (GGBR4) e outras ações para comprar hoje (27) e buscar retornos de até 4,7%","O BTG Pactual, o PagBank e a Ágora divulgaram suas recomendações de compra em day trade para esta sexta-feira (27). As ações sugeridas são de analistas gráficos, que usam uma metodologia que busca antecipar as tendências de curtíssimo prazo. Nem PETR4, nem VALE3: analista recomenda outras 5 ações “fora do radar” para buscar dividendos; veja quais É […]",Positive,recomendações de compra,Neutral,0.0,False,https://www.moneytimes.com.br/day-trade-hoje-comprar-itau-itub4-gerdau-ggbr4-acoes-sexta-feira-27-09-2024-visp/
2024-09-27,MoneyTimes,btg,"Day Trade: Prio (PRIO3), Magazine Luiza (MGLU3) e mais 4 ações para vender nesta sexta-feira (27)","O BTG Pactual, o PagBank e a Ágora divulgaram suas recomendações de venda em day trade para esta sexta-feira (27). As ações sugeridas são de analistas gráficos, que usam uma metodologia que busca antecipar as tendências de curtíssimo prazo. Nem PETR4, nem VALE3: analista recomenda outras 5 ações “fora do radar” para buscar dividendos; veja quais Confira […]",Negative,recomendações de venda,Neutral,0.0,False,https://www.moneytimes.com.br/day-trade-hoje-vender-prio-prio3-magazine-luiza-mglu3-acoes-sexta-feira-27-09-2024-visp/
2024-10-01,MoneyTimes,btg,"Day Trade: Petrobras (PETR4), Unipar (UNIP6) e mais 5 ações para vender nesta terça-feira (1)","A Ágora, o BTG Pactual e o Pagbank divulgaram suas recomendações de venda em day trade para esta terça-feira (1). As ações sugeridas são de analistas gráficos, que usam uma metodologia que busca antecipar as tendências de curtíssimo prazo. Receio com o Ibovespa? BTG destaca níveis elevados de proteção entre os investidores e ações que podem […]",Negative,recomendações de venda,Neutral,0.0,False,https://www.moneytimes.com.br/day-trade-hoje-vender-petrobras-petr4-unipar-unip6-acoes-terca-feira-01-10-2024-visp/
2024-10-04,MoneyTimes,analistas,"Day Trade: Petrobras (PETR4) e mais 4 ações para comprar hoje (4) e buscar retorno de até 2,38%","A Ágora e o Pagbank divulgaram suas recomendações de compra em day trade para esta sexta-feira (4). As ações sugeridas são de analistas gráficos, que usam uma metodologia que busca antecipar as tendências de curtíssimo prazo. Analista aponta que a Bolsa brasileira pode ficar fora do rali de natal; entenda o motivo É possível conferir aqui […]",Positive,recomendações de compra,Neutral,0.0,False,https://www.moneytimes.com.br/day-trade-hoje-comprar-petrobras-petr4-equatorial-eqtl3-acoes-sexta-feira-04-10-2024-visp/
2024-10-07,InfoMoney,goldman sachs,"Ibovespa sobe 0,17% sustentado por Petrobras e Vale com commodities; veja destaques",Sabesp apareceu entre destaque entre os ganhos após o Goldman Sachs recomendar a compra das ações da empresa,Positive,recomendar a compra,Positive,0.8167400360107422,True,https://www.infomoney.com.br/mercados/ibovespa-avanca-com-endosso-de-petroleo-e-minerio-de-ferro-veja-destaques-de-acoes/
2024-10-21,InfoMoney,analistas,Petrobras lança luz sobre sua governança para investir: o que o mercado achou?,Analistas tiveram uma visão positiva sobre os processos da companhia após reunião sobre o tema,Positive,são positiv,Neutral,0.0,False,https://www.infomoney.com.br/mercados/petrobras-lanca-luz-sobre-sua-governanca-para-investir-o-que-o-mercado-achou/
2024-10-29,InfoMoney,analistas,Petrobras: analistas revisam projeções para ações e dividendos após produção; confira,"XP reiterou Petrobras como uma das preferidas do setor e elevou preço-alvo para PETR3 e PETR4, mas reduziu de ADRs; analistas projetam proventos para o 3T24 e 2024",Positive,elevou preço-alvo,Neutral,0.0,False,https://www.infomoney.com.br/mercados/petrobras-petr4-analistas-revisam-projecoes-para-acoes-e-dividendos-apos-producao-3t24-confira/
2024-11-04,MoneyTimes,btg,"Day Trade: Banco do Brasil (BBAS3), Azul (AZUL4) e outras ações para vender hoje (4) e buscar retornos de até 12%","A Ágora, o BTG Pactual e o Pagbank divulgaram suas recomendações de venda em day trade para esta segunda-feira (4). Prio (PRIO3) ou Petrobras (PETR4): qual é a melhor para investir após a temporada de resultados? Cadastre-se aqui para conferir reportagens exclusivas do Money Times As ações sugeridas são de analistas gráficos, que usam uma […]",Negative,recomendações de venda,Neutral,0.0,False,https://www.moneytimes.com.br/day-trade-hoje-venda-banco-do-brasil-bbas3-azul-azul4-acoes-segunda-feira-04-11-2024-visp-gll/
2024-11-06,MoneyTimes,santander,"Day Trade: Petrobras (PETR4), Santander (SANB11) e outras ações para vender hoje (6) e buscar retornos de até 3,07%","O BTG Pactual, a Ágora e o Pagbank divulgaram suas recomendações de venda em day trade para esta quarta-feira (6). As ações sugeridas são de analistas gráficos, que usam uma metodologia que busca antecipar as tendências de curtíssimo prazo. Confira aqui as recomendações para as compras do dia. As ações indicadas para venda Ágora Empresa […]",Negative,recomendações de venda,Neutral,0.0,False,https://www.moneytimes.com.br/day-trade-hoje-vender-petrobras-petr4-petr3-santander-sanb11-acoes-quarta-feira-06-11-2024-visp/
2024-11-08,MoneyTimes,analistas,Petrobras (PETR4) tem forte fluxo de caixa e analistas esperam por dividendos extraordinários,"A Petrobras (PETR4) apresentou resultados bem avaliados pelo mercado e anunciou dividendos ordinários que superaram as expectativas. As atenções agora se voltam para a divulgação do plano estratégico, que pode vir acompanhada de proventos extraordinários, segundo analistas – que, no geral, seguem recomendando a compra do papel. A estatal teve um Ebitda ajustado recorrente de […]",Positive,recomendando a compra,Positive,0.5237988233566284,True,https://www.moneytimes.com.br/petrobras-petr4-tem-forte-fluxo-de-caixa-e-analistas-esperam-por-dividendos-extraordinarios-kda/
2024-11-13,MoneyTimes,btg,"Banco do Brasil (BBAS3) lucra R$ 9,5 bilhões no 3T24, alta de 8,3% e acima do esperado","O Banco do Brasil (BBAS3) terminou o terceiro trimestre de 2024 com lucro líquido ajustado de R$ 9,5 bilhões, alta de 8,3% ante o mesmo período do ano passado, mostra documento enviado ao mercado nesta quarta. VEJA MAIS: BTG Pactual aponta evento que podem fazer as ações da Petrobras (PETR4) saltarem até 47% O número […]",Positive,acima do esperado,Positive,0.7109923958778381,True,https://www.moneytimes.com.br/banco-do-brasil-bbas3-lucro-liquido-xx-e-vai-a-r-xx-bilhoes-no-3t24-rnda/
2024-11-18,MoneyTimes,analistas,"Day Trade: Petrobras (PETR4), Gerdau (GGBR4) e outras ações para comprar hoje (18) e buscar retornos de até 3%","A Ágora e o Pagbank divulgaram suas recomendações de compra em day trade para esta segunda-feira (18). As ações sugeridas são de analistas gráficos, que usam uma metodologia que busca antecipar as tendências de curtíssimo prazo. Confira aqui as recomendações para as vendas do dia. Veja o que comprar Ágora Empresa Ticker Entrada (R$) 1º […]",Positive,recomendações de compra,Neutral,0.0,False,https://www.moneytimes.com.br/day-trade-hoje-comprar-petrobras-petr4-gerdau-ggbr4-acoes-segunda-feira-18-11-2024-visp-gll/
2024-11-22,InfoMoney,xp,"Após plano e dividendo extraordinário, XP reitera recomendação de compra da Petrobras","Tanto o pagamento de proventos adicionais como o programa de negócios vieram em linha, de acordo com a casa",Positive,recomendação de compra,Neutral,0.0,False,https://www.infomoney.com.br/mercados/apos-plano-e-dividendo-extraordinario-xp-reitera-recomendacao-de-compra-da-petrobras/
2024-11-25,MoneyTimes,ubs,Petrobras (PETR4): UBS BB eleva preço-alvo e prevê rendimentos de dividendos mais robustos,"O UBS BB elevou a projeção de dividend yield da Petrobras (PETR4) em 2025, de 11% para 16%, destacando que no cenário mais otimista a linha pode atingir 20%, segundo relatório divulgado nesta segunda-feira (25). A projeção considera o Plano de Negócios 2025-2029, revelado na semana passada. O banco também elevou de R$ 47 para […]",Positive,eleva preço-alvo,Positive,0.5731372833251953,True,https://www.moneytimes.com.br/petrobras-petr4-ubs-bb-eleva-preco-alvo-e-preve-rendimentos-kda/
2024-11-26,MoneyTimes,analistas,"Day Trade: Petrobras (PETR4), Itaúsa (ITSA4) e outras ações para vender hoje (26) e buscar retornos de até 3,01%","A Ágora e o Pagbank divulgaram suas recomendações de venda em day trade para esta terça-feira (26). VEJA MAIS: Tesouro IPCA+ 2045 sofre queda pior que a do Ibovespa em 2024 – hora de fugir dos títulos indexados à inflação? As ações sugeridas são de analistas gráficos, que usam uma metodologia que busca antecipar as […]",Negative,recomendações de venda,Neutral,0.0,False,https://www.moneytimes.com.br/day-trade-hoje-vender-petrobras-petr4-itausa-itsa4-acoes-terca-feira-26-11-2024-visp/
2024-11-28,MoneyTimes,analistas,"Day Trade: Petrobras (PETR4), Gerdau (GGBR3) e mais 2 ações para comprar nesta quinta (28)","A Ágora e o Pagbank divulgaram suas recomendações de compra em day trade para esta quinta-feira (28). LEIA MAIS: Após dividendos extraordinários de R$ 20 bi, analistas dizem se vale investir nas ações da Petrobras (PETR4) para buscar renda extra As ações sugeridas são de analistas gráficos, que usam uma metodologia que busca antecipar as tendências […]",Positive,recomendações de compra,Neutral,0.0,False,https://www.moneytimes.com.br/day-trade-hoje-comprar-petrobras-petr4-gerdau-ggbr3-acoes-quinta-feira-28-11-2024-visp/
2024-11-28,MoneyTimes,analistas,"Day Trade: Weg (WEGE3), Embraer (EMBR3) e outras ações para vender hoje (28) e buscar retornos de até 3%","A Ágora e o Pagbank divulgaram suas recomendações de venda em day trade para esta quinta-feira (28). LEIA MAIS: Após dividendos extraordinários de R$ 20 bi, analistas dizem se vale investir nas ações da Petrobras (PETR4) para buscar renda extra As ações sugeridas são de analistas gráficos, que usam uma metodologia que busca antecipar as […]",Negative,recomendações de venda,Neutral,0.0,False,https://www.moneytimes.com.br/day-trade-hoje-vender-weg-wege3-embraer-embr3-acoes-quinta-feira-28-11-2024-visp/
2024-12-04,MoneyTimes,btg,"Day Trade: Petrobras (PETR4), BTG Pactual (BPAC11) e mais 3 ações para comprar nesta quarta (4)","A Ágora e o Pagbank divulgaram suas recomendações de compra em day trade para esta quarta-feira (4). LEIA MAIS: Hora de comprar boas pagadoras de dividendos é agora, diz analista; veja as recomendações As ações sugeridas são de analistas gráficos, que usam uma metodologia que busca antecipar as tendências de curtíssimo prazo. Confira aqui as recomendações […]",Positive,recomendações de compra,Neutral,0.0,False,https://www.moneytimes.com.br/day-trade-hoje-comprar-petrobras-petr4-btg-pactual-bapc11-acoes-quata-feira-04-12-2024-visp/
2024-12-04,MoneyTimes,safra,Petrobras (PETR4): Safra eleva preço-alvo em R$ 14 e calcula dividendos; veja novo potencial,"A Petrobras (PETR4), um dos destaques de 2024, ganhou a preferência de mais um banco. O Safra elevou o preço-alvo de R$ 34 para R$ 48, potencial de alta de 22% em relação à publicação do relatório, enquanto a recomendação passou de neutra para compra. Segundo os analistas, além do potencial de alta, os dividendos […]",Positive,eleva preço-alvo,Neutral,0.0,False,https://www.moneytimes.com.br/petrobras-petr4-safra-eleva-preco-alvo-em-r-14-veja-novo-potencial-rnda/
2024-12-10,MoneyTimes,empiricus,Day Trade: Petrobras (PETR4) e mais 5 ações para comprar nesta terça-feira (10),"A Ágora e o Pagbank divulgaram suas recomendações de compra em day trade para esta terça-feira (10). LEIA MAIS: Investidor surfa 800% de alta em 5 dias com criptomoeda recomendada pela Empiricus: “ganhei a grana da minha vida” As ações sugeridas são de analistas gráficos, que usam uma metodologia que busca antecipar as tendências de curtíssimo […]",Positive,recomendações de compra,Neutral,0.0,False,https://www.moneytimes.com.br/day-trade-hoje-comprar-petrobras-petr4-gerdeu-ggbr4-acoes-terca-feira-10-12-2024-visp/
2025-01-02,MoneyTimes,analistas,Day Trade: Petrobras (PETR4) e mais 3 ações para comprar nesta quinta-feira (2),"A Ágora e o Pagbank divulgaram suas recomendações de compra em day trade para esta quinta-feira (2). As ações sugeridas são de analistas gráficos, que usam uma metodologia que busca antecipar as tendências de curtíssimo prazo. LEIA TAMBÉM: Robô que busca até R$ 12 mil de renda extra por mês é relançado pela Empiricus Research Confira […]",Positive,recomendações de compra,Neutral,0.0,False,https://www.moneytimes.com.br/day-trade-petrobras-petr4-e-mais-3-acoes-para-comprar-nesta-quinta-feira-2-1-2025-grds/
2025-01-14,MoneyTimes,goldman sachs,Dividendos da Petrobras (PETR4) estão em risco com aumento da defasagem de preços?,"A defasagem de preços da Petrobras (PETR4) pode não afetar significativamente os dividendos e os resultados globais da empresa no curto prazo, disse o Goldman Sachs, que segue recomendando a compra das ações – a um preço-alvo de R$ 45,10, potencial alta de 22%. Para o banco, as perdas nas operações de refino e venda […]",Positive,recomendando a compra,Negative,-0.8475193977355957,False,https://www.moneytimes.com.br/dividendos-da-petrobras-petr4-estao-em-risco-com-aumento-da-defasagem-de-precos-kda/
2025-01-24,Poder360,santander,Santander revisa projeção para petróleo e vê Petrobras como “top pick”,"Cotação do Brent deve ser de US$ 77,5 o barril no 1º trimestre; o banco cita a robustez do fluxo de caixa e dos rendimentos de dividendos da estatal",Positive,top pick,Neutral,0.0,False,https://www.poder360.com.br/poder-economia/santander-revisa-projecao-para-petroleo-e-ve-petrobras-como-top-pick/
2025-01-29,InfoMoney,santander,Petrobras fará reajuste agora ou adiará decisão? Como anúncio pode afetar estatal,"Santander vê reajuste positivo para a estatal, melhorando a confiança dos investidores sobre a governança",Positive,positivo para a estatal,Negative,-0.815934956073761,False,https://www.infomoney.com.br/mercados/petrobras-reajuste-iminente-do-diesel-no-radar-como-pode-afetar-a-estatal/
2025-02-21,MoneyTimes,analistas,"Day Trade: Telefônica (VIVT3), Petrobras (PETR4) e mais 3 ações para comprar nesta sexta (21)","A Ágora e o Pagbank divulgaram suas recomendações de compra em day trade para esta sexta-feira (21). As ações sugeridas são de analistas gráficos, que usam uma metodologia que busca antecipar as tendências de curtíssimo prazo. Confira aqui as recomendações para as vendas do dia. Veja o que comprar Ágora Empresa Ticker Entrada (R$) 1º alvo […]",Positive,recomendações de compra,Neutral,0.0,False,https://www.moneytimes.com.br/day-trade-hoje-comprar-telefonica-vivo-vivt3-petrobras-petr4-acoes-sexta-feira-21-02-2025-visp/
2025-02-25,MoneyTimes,analistas,"Day Trade: BB Seguridade (BBSE3), Petrobras (PETR4) e mais 2 ações para comprar nesta terça (25)","A Ágora e o Pagbank divulgaram suas recomendações de compra em day trade para esta terça-feira (25). As ações sugeridas são de analistas gráficos, que usam uma metodologia que busca antecipar as tendências de curtíssimo prazo. Confira aqui as recomendações para as vendas do dia. Veja o que comprar Ágora Empresa Ticker Entrada (R$) 1º alvo […]",Positive,recomendações de compra,Neutral,0.0,False,https://www.moneytimes.com.br/day-trade-hoje-comprar-bb-seguridade-bbse3-petrobras-petr4-acoes-terca-feira-25-02-2025-visp/
2025-02-27,MoneyTimes,analistas,Investidores se preparam para banho de sangue da Petrobras; o que esperar do Ibovespa nesta quinta (27),"O resultado da Petrobras (PETR4) decepcionou o mercado. A empresa reportou prejuízo líquido de R$ 17 bilhões no quarto trimestre (4T24), número abaixo da projeção de ganhos de R$ 20,9 bilhões, feita por analistas em consenso reunido pela Bloomberg. Segundo a empresa, o resultado reflete, principalmente, o impacto da desvalorização cambial e o aumento das provisões, sem efeito […]",Negative,decepcion,Neutral,0.0,False,https://www.moneytimes.com.br/investidores-se-preparam-para-banho-de-sangue-da-petrobras-o-que-esperar-do-ibovespa-nesta-quinta-27-jals/
2025-02-28,MoneyTimes,analistas,"Day Trade: Petrobras (PETR4), CCR (CCRO3) e mais 2 ações para comprar nesta sexta (28)","A Ágora e o Pagbank divulgaram suas recomendações de compra em day trade para esta sexta-feira (28). As ações sugeridas são de analistas gráficos, que usam uma metodologia que busca antecipar as tendências de curtíssimo prazo. Confira aqui as recomendações para as vendas do dia. Veja o que comprar Ágora Empresa Ticker Entrada (R$) 1º alvo […]",Positive,recomendações de compra,Neutral,0.0,False,https://www.moneytimes.com.br/day-trade-hoje-comprar-petrobras-petr4-ccr-ccro3-acoes-sexta-feira-28-02-2025-visp/
2025-03-10,Exame,btg,"É hora de comprar Petrobras (PETR4), diz BTG: “Queda recente foi exagerada”","Investimento acima do esperado em 2024 foi ponto fora da curva e não deveria despertar traumas do passado, aponta o banco, que vê potencial de alta de mais de 50% para os papéis",Positive,acima do esperado,Negative,-0.5389089584350586,False,https://exame.com/invest/onde-investir/e-hora-de-comprar-petrobras-petr4/
2025-03-10,MoneyTimes,btg,"Por que a Petrobras (PETR4), que cai 10% desde o balanço, segue como ‘compra’, segundo o BTG","O BTG Pactual reiterou a recomendação de compra para as ações da Petrobras (PETR4), com preço-alvo de R$ 58. A avaliação é feita em um momento em que os papéis da estatal acumulam baixa de cerca de 10% desde a divulgação do balanço do quarto trimestre. No mês passado, a Petrobras surpreendeu o mercado ao […]",Positive,recomendação de compra,Negative,-0.7859953045845032,False,https://www.moneytimes.com.br/petrobras-petr4-que-cai-10-desde-o-balanco-segue-compra-diz-btg-kda/
2025-03-17,MoneyTimes,analistas,"Day Trade: Petrobras (PETR4), Vale (VALE3) e mais 5 ações para comprar nesta segunda (17)","A Ágora e o Pagbank divulgaram suas recomendações de compra em day trade para esta segunda-feira (17). As ações sugeridas são de analistas gráficos, que usam uma metodologia que busca antecipar as tendências de curtíssimo prazo. Confira aqui as recomendações para as vendas do dia. Veja o que comprar Ágora Empresa Ticker Entrada (R$) 1º alvo […]",Positive,recomendações de compra,Neutral,0.0,False,https://www.moneytimes.com.br/day-trade-hoje-comprar-petrobras-petr4-vale-vale3-acoes-segunda-feira-17-03-2025-visp/
2025-03-19,MoneyTimes,analistas,"Day Trade: Petrobras (PETR4) e outras ações para vender hoje (19) e buscar retornos de até 3,08%","A Ágora e o Pagbank divulgaram suas recomendações de venda em day trade para esta quarta-feira (19). As ações sugeridas são de analistas gráficos, que usam uma metodologia que busca antecipar as tendências de curtíssimo prazo. Confira aqui as recomendações para as compras do dia. As ações indicadas para venda Ágora Empresa Ticker Entrada (R$) […]",Negative,recomendações de venda,Neutral,0.0,False,https://www.moneytimes.com.br/day-trade-hoje-vender-petrobras-petr4-itau-itub4-acoes-quarta-feira-19-03-2025-visp/
2025-03-24,InfoMoney,ubs,"Petrobras: UBS BB reduz preço-alvo, mas reitera compra: “menos óbvio, mas gostamos”",Recomendação de compra reiterada ocorre por dividendos e crescimento,Positive,recomendação de compra,Neutral,0.0,False,https://www.infomoney.com.br/mercados/petrobras-ubs-bb-reduz-preco-alvo-mas-reitera-compra-menos-obvio-mas-gostamos/
2025-03-24,MoneyTimes,analistas,"Day Trade: Petrobras (PETR4), B3 (B3SA3) e mais 3 ações para comprar nesta segunda (24)","A Ágora e o Pagbank divulgaram suas recomendações de compra em day trade para esta segunda-feira (24). As ações sugeridas são de analistas gráficos, que usam uma metodologia que busca antecipar as tendências de curtíssimo prazo. Confira aqui as recomendações para as vendas do dia Veja o que comprar Ágora Empresa Ticker Entrada (R$) 1º alvo […]",Positive,recomendações de compra,Neutral,0.0,False,https://www.moneytimes.com.br/day-trade-hoje-comprar-petrobras-petr4-b3-b3as3-acoes-segunda-feira-24-03-2025-visp/
2025-03-24,MoneyTimes,ubs,Petrobras (PETR4): UBS BB calcula dividendos e diz se ainda vale comprar papel,"O UBS BB reiterou sua recomendação de compra para as ações da Petrobras (PETR4), mesmo reconhecendo que a tese oferece mais risco atualmente. Para o banco, dividendos e crescimento justificam a classificação e otimismo com a petrolífera. Em um momento de incerteza macroeconômica e com poucos outros bons nomes de commodities no Brasil, a Petrobras […]",Positive,recomendação de compra,Neutral,0.0,False,https://www.moneytimes.com.br/petrobras-petr4-ubs-bb-calcula-dividendos-e-diz-se-ainda-vale-comprar-papel-lmrs/
2025-03-25,MoneyTimes,itaú bba,Combustíveis: Itaú BBA aponta menor defasagem da Petrobras (PETR4) após anúncio de Trump,"O Itaú BBA disse em balanço semanal sobre o preço dos combustíveis que vê uma pressão sobre os preços do petróleo no mercado internacional, após o anúncio de que o presidente dos Estados Unidos (EUA), Donald Trump, pretende taxar os países que comprem a commodity da Venezuela. Com isso, o diesel comercializado pela Petrobras (PETR4) passou […]",Negative,vê uma pressão,Negative,-0.787065863609314,True,https://www.moneytimes.com.br/combustiveis-itau-bba-aponta-menor-defasagem-internacional-para-diesel-e-gasolina-comercializados-pela-petrobras-petr4-apos-anuncio-de-trump-grds/
2025-03-27,MoneyTimes,santander,Petrobras (PETR4): A expectativa do Santander para o 1T25 e o pagamento de dividendos no ano,"A Petrobras (PETR4) deve apresentar resultados sequencialmente melhores no primeiro trimestre de 2025, tendo em vista um provável aumento na produção doméstica de petróleo no período, considerando a base trimestral, disse o Santander. O banco segue com recomendação outperform para o papel, a um preço-alvo de R$ 51 – hoje o papel é negociado na […]",Positive,outperform,Neutral,0.0,False,https://www.moneytimes.com.br/petrobras-petr4-a-projecao-do-santander-para-o-1t25-e-pagamento-de-dividendos-no-ano-kda/
2025-03-31,MoneyTimes,btg,"JBS (JBSS3), Eletrobras (ELET3) e Bradesco (BBDC4): Quem foi bem e quem foi mal no 4T24, segundo o BTG Pactual","Depois de dois meses de resultados corporativos, a temporada de balanços do quarto trimestre de 2024 (4T24) chegou ao fim e o saldo geral foi positivo, na avaliação do BTG Pactual — com poucas surpresas.  Para o banco, todos os setores apresentaram crescimento na base anual.  “À primeira vista, os resultados (excluindo Petrobras e Vale) […]",Positive,foi positiv,Neutral,0.0,False,https://www.moneytimes.com.br/jbs-jbss3-eletrobras-elet3-e-bradesco-bbdc4-quem-foi-bem-e-quem-foi-mal-no-4t24-segundo-o-btg-pactual-lils/
2025-04-08,MoneyTimes,analistas,"Day Trade: Petrobras (PETR4), Caixa Seguridade (CXSE3) e outras ações para vender hoje (8) e buscar retornos de até 3,05%","A Ágora e o Pagbank divulgaram suas recomendações de venda em day trade para esta terça-feira (8). As ações sugeridas são de analistas gráficos, que usam uma metodologia que busca antecipar as tendências de curtíssimo prazo. Confira aqui as recomendações para as compras do dia As ações indicadas para venda Ágora Empresa Ticker Entrada (R$) […]",Negative,recomendações de venda,Neutral,0.0,False,https://www.moneytimes.com.br/day-trade-petrobras-petr4-caixa-seguridade-cxse3-e-outras-acoes-para-vender-hoje-8-4-25-e-buscar-retornos-de-ate-305-grds/
2025-04-08,InfoMoney,analistas,Petrobras (PETR4) e Vale (VALE3): ações estão baratas após “sell-off” com tarifaço?,"Analistas seguem recomendando compra para Petrobras, mas estão mais divididos com Vale (por outros fatores além do tarifaço)",Positive,recomendando compra,Neutral,0.0,False,https://www.infomoney.com.br/mercados/petrobras-petr4-e-vale-vale3-acoes-estao-baratas-apos-sell-off-com-tarifaco/
2025-04-18,Exame,analistas,O petróleo caiu 15% desde o tarifaço. O que isso significa para as ações da Petrobras (PETR4),Analistas seguem recomendando compra e vêem ação como opção defensiva em meio ao recuo da commodity,Positive,recomendando compra,Negative,-0.8012770414352417,False,https://exame.com/invest/mercados/o-petroleo-caiu-15-desde-o-tarifaco-o-que-isso-significa-para-as-acoes-da-petrobras-petr4/
2025-04-22,MoneyTimes,ubs,"Petrobras (PETR4): Incertezas aumentam, mas os rendimentos valem a pena, vê UBS BB","O UBS BB reconhece as incertezas ao redor da Petrobras (PETR4), em meio ao cenário de queda das ações e do petróleo. No entanto, os rendimentos da companhia permanecem altos, o que sustenta a reiteração da recomendação de compra, mas com um corte no preço-alvo, que passa de R$ 49 para R$ 46. Os analistas […]",Positive,recomendação de compra,Negative,-0.6634261012077332,False,https://www.moneytimes.com.br/petrobras-petr4-incertezas-aumentam-mas-os-rendimentos-valem-a-pena-ve-ubs-bb-lmrs/
2025-05-21,MoneyTimes,s&p,"Azul (AZUL4), Petrobras (PETR4), JBS (JBSS3) e outros destaques desta quarta-feira (21)","A mudança de rating da S&P sobre Azul (AZUL4), o navio-sonda da Petrobras (PETR4) e a posição do BNDES na JBS (JBSS3) são alguns dos destaques corporativos desta quarta-feira (21). Confira os destaques corporativos de hoje Azul (AZUL4): S&P vê ‘elevado risco de calote’ e corta rating A Azul (AZUL4), que vive momento delicado na bolsa, teve o rating […]",Negative,corta rating,Neutral,0.0,False,https://www.moneytimes.com.br/radar-do-mercado-destaques-corporativos-hoje-azul-petrobras-jbs-21-05-2025-lmrs/
2025-06-03,MoneyTimes,btg,BTG vê obstáculo para o etanol e espaço para pressão negativa no curto prazo,"O BTG Pactual enxerga a decisão da Petrobras (PETR4) de cortar o preço de venda da gasolina A para as distribuidoras em 5,6% como um obstáculo para o etanol.  Os analistas Thiago Duarte e Guilherme Guttilla explicam que mantiveram uma postura positiva em relação às ações do setor de açúcar e etanol, com o etanol se beneficiando de […]",Negative,são negativ,Negative,-0.8431703448295593,True,https://www.moneytimes.com.br/btg-ve-obstaculo-para-o-etanol-e-chance-de-pressao-negativa-no-curto-prazo-pads/
2025-06-09,MoneyTimes,santander,Petrobras (PETR4) cai 2% com corte de recomendação do Santander e ação da Sete Brasil no radar,"As ações da Petrobras (PETR4) chegaram a cair 2,16% nesta segunda-feira (9) depois que o Santander rebaixou a recomendação para os papéis da companhia. Também no radar dos investidores, há a notícia de que a estatal foi citada em ação movida pela empresa de sondas Sete Brasil, que atribui R$ 36 bilhões à causa. VEJA […]",Negative,rebaixou a recomendação,Negative,-0.842359185218811,True,https://www.moneytimes.com.br/petrobras-petr4-chega-a-cair-25-com-rebaixamento-do-santander-kda/
2025-07-04,MoneyTimes,analistas,Petrobras (PETR4) mantém o posto? Veja a ação preferida entre 13 analistas para embolsar dividendos,"Sai mês, entra mês, e a Petrobras (PETR4) segue como a ação preferida entre analistas de bancos e corretoras quando se trata de buscar dividendos. Para julho, levantamento do Money Times mostra que a estatal ocupa novamente o posto de mais indicada, presente em nove carteiras recomendadas. O levantamento, que mapeou 13 portfólios voltados para […]",Positive,ação preferida,Neutral,0.0,False,https://www.moneytimes.com.br/petrobras-petr4-mantem-o-posto-veja-a-acao-que-13-analistas-estao-de-olho-para-embolsar-dividendos-lmrs/
2025-07-30,MoneyTimes,analistas,"Petrobras (PETR4): Depois da produção, os dividendos; quanto empresa deverá pagar no 2T25?","A Petrobras (PETR4) fez a lição de casa e produziu acima do esperado no segundo trimestre. Com quase 3 milhões de barris de óleo equivalente por dia, a companhia bateu recordes. Entre analistas, os números ficaram acima da expectativa. Porém, na bolsa, a ação pouco reagia, com o papel caindo 0,37%, a R$ 32,32, por […]",Positive,acima do esperado,Neutral,0.0,False,https://www.moneytimes.com.br/petrobras-petr4-depois-da-producao-os-dividendos-quanto-empresa-devera-pagar-rnda/
2025-08-03,MoneyTimes,safra,"Dividendos da PETR4, resultados de ITUB4 e MGLU3: As empresa que mexem com seu bolso na semana","A semana deverá ser agitada, com a temporada de resultados ganhando fôlego. Cerca de 60 empresas deverão divulgar seus números, com destaque para alguns pesos-pesados. Entre eles, o Itaú Unibanco (ITUB4), no dia 5. A expectativa, mais uma vez, são positivas para o banco. Segundo o Safra, o crescimento do lucro será puxado principalmente por […]",Positive,são positiv,Neutral,0.0,False,https://www.moneytimes.com.br/dividendos-da-petr4-itub4-mglu3-as-empresa-que-mexem-com-seu-bolso-na-semana-rnda/
2025-08-11,MoneyTimes,analistas,Petrobras (PETR4) sobe quase 1% após tombo de R$ 32 bi; vale a pena comprar?,"As ações da Petrobras (PETR4) avançavam 0,8%, a R$ 30,78, por volta das 13h desta segunda-feira (11), em um movimento técnico após o tombo do pregão anterior, em que a empresa perdeu R$ 32 bilhões em valor de mercado ao recuar 6% na Bolsa. Analistas, no geral, seguem entre as recomendações de compra e neutra. […]",Positive,recomendações de compra,Negative,-0.7882402539253235,False,https://www.moneytimes.com.br/petrobras-petr4-avanca-apos-tombo-de-r-32-bi-vale-a-pena-comprar-kda/
2025-08-13,InfoMoney,citi,Petrobras: por que o Citi tem recomendação neutra para as ações da estatal,Citi reitera recomendação neutra para Petrobras e vê chance de corte em previsão de capex para 2026,Neutral,recomendação neutr,Positive,0.5784429311752319,False,https://www.infomoney.com.br/mercados/petrobras-por-que-o-citi-tem-recomendacao-neutra-para-as-acoes-da-estatal/
2025-08-14,MoneyTimes,citi,Citi reitera recomendação neutra para Petrobras (PETR4) e vê chance de corte em previsão de capex para 2026,"Analistas do Citi reiteraram a recomendação neutra para as ações da Petrobras (PETR4) em relatório enviado a clientes nesta quarta-feira, no qual também mantiveram o preço-alvo dos papéis em R$ 35 — ou US$ 12,50 no caso dos ADRs (recibos das ações negociados nos Estados Unidos). Eles afirmaram que a companhia pode ser uma boa […]",Neutral,recomendação neutr,Negative,-0.5743785500526428,False,https://www.moneytimes.com.br/citi-reitera-recomendacao-neutra-para-petrobras-petr4-e-ve-chance-de-corte-em-previsao-de-capex-para-2026-fets/
2025-08-19,MoneyTimes,citi,Raízen (RAIZ4) cai até 11% após Citi rebaixar recomendação e Petrobras (PETR4) negar investimento; ação derrete 70% no ano,"As ações da Raízen (RAIZ4) amargaram mais um dia negativo no Ibovespa (IBOV), após a Petrobras (PETR4) negar a intenção de realizar algum investimento na joint venture entre Shell e Cosan (CSAN3). Os papéis enceraram a sessão com queda de 9,57%, a R$ 1,04. Na mínima intradia, RAIZ4 chegaram a recuar 11,30% (R$ 1,02). CONFIRA: Está em […]",Negative,rebaixar recomendação,Negative,-0.8499135971069336,True,https://www.moneytimes.com.br/raizen-raiz4-despenca-e-queda-chega-a-30-em-um-mes-citi-rebaixa-recomendacao-grds/
2025-08-21,MoneyTimes,btg,Ibovespa futuro deve seguir em baixa; BTG recomenda compra de Petrobras (PETR4) e aponta oportunidades em swing trade,"O Ibovespa futuro (WINV25) encerrou o pregão da última quarta-feira (20) com uma leve recuperação de 0,48%, aos 137.145 pontos, após as fortes quedas nos últimos dias. No entanto, em análise técnica divulgada nesta quinta-feira (21), o BTG Pactual aponta a formação de um padrão que sugere a continuidade do movimento vendedor — o que […]",Positive,recomenda compra,Negative,-0.7514559626579285,False,https://www.moneytimes.com.br/ibovespa-futuro-continuidade-de-baixa-recomendacao-para-petrobras-petr4-swing-trade-grds/
2025-08-22,MoneyTimes,ubs,"Petrobras (PETR4): Por que o UBS BB está otimista com os dividendos, apesar do capex e eleições","O UBS BB disse que a Petrobras (PETR4) deve pagar US$ 7,6 bilhões em dividendos neste ano (yield de cerca de 10%) e US$ 9,6 bilhões em 2026 (14%), diante do forte crescimento da produção da estatal. O banco tem recomendação de compra para o papel, com preço-alvo de R$ 42 (ante R$ 46). Mesmo […]",Positive,recomendação de compra,Neutral,0.0,False,https://www.moneytimes.com.br/petrobras-ve-dividendos-de-ate-14-com-forte-crescimento-da-producao-kda/
2025-08-22,InfoMoney,ubs,"Petrobras: UBS BB reduz preço-alvo, mas recomenda compra para ações por 3 pilares","Baixa concentração de investidores, combinada com múltiplos descontados e dividendos elevados, reduz riscos e pode abrir espaço para reprecificação",Positive,recomenda compra,Neutral,0.0,False,https://www.infomoney.com.br/mercados/petrobras-ubs-bb-reduz-preco-alvo-mas-recomenda-compra-para-acoes-por-3-pilares/
2025-09-09,InfoMoney,analistas,Petrobras pode prever corte de US$ 8 bi em plano de negócios: positivo para as ações?,"Possível plano para vender campos maduros está no radar; analistas ponderam sobre condições do plano, mas veem iniciativas como positivas",Positive,positivo para as ações,Negative,-0.7940388917922974,False,https://www.infomoney.com.br/mercados/petrobras-pode-prever-corte-de-us-8-bi-em-plano-de-negocios-positivo-para-as-acoes/
2025-09-11,InfoMoney,analistas,Petrobras (PETR4) de produção a investimentos: como isso afeta a tese para as ações?,Analistas do Goldman destacam vários temas para a tese e mantém recomendação de compra para os ativos da estatal,Positive,recomendação de compra,Neutral,0.0,False,https://www.infomoney.com.br/mercados/petrobras-petr4-de-producao-a-investimentos-como-isso-afeta-a-tese-para-as-acoes/
2025-10-08,MoneyTimes,bb investimentos,Swing Trade: BB Investimentos recomenda venda para Petrobras (PETR4) e B3 (B3SA3) nesta quarta-feira (8),"O BB Investimentos recomenda a venda das ações da Petrobras (PETR4) e da B3 (B3SA3) nesta quarta-feira (8), encerrando mais duas operações de swing trade nesta semana. A recomendação de venda acontece pouco mais de um mês após o início das posições, em 2 de setembro para a Petrobras e 4 de setembro para a B3. […]",Negative,recomendação de venda,Neutral,0.0,False,https://www.moneytimes.com.br/swing-trade-bb-investimentos-recomenda-venda-para-petrobras-petr4-nesta-quarta-feira-081025-grds/
2025-10-20,MoneyTimes,analistas,"Petrobras (PETR4): Licença para perfurar Foz do Amazonas é positiva, mas impacto por ora é pequeno","O aval do Instituto Brasileiro do Meio Ambiente (Ibama) à Petrobras (PETR4) para o inicio da perfuração da Foz do Amazonas é vista por analistas como positiva, mas, por ora, não deve impactar as ações da estatal.  A visão geral é de que ainda é muito cedo para projetar qualquer expectativa quanto à exploração de […]",Positive,é positiv,Neutral,0.0,False,https://www.moneytimes.com.br/petrobras-petr4-licenca-para-perfurar-foz-do-amazonas-e-positiva-impacto-pequeno-vtra-kda/
2025-10-25,MoneyTimes,btg,"Petrobras (PETR4): A expectativa para o novo plano de negócios, segundo o BTG","O BTG Pactual manteve uma visão construtiva sobre a Petrobras (PETR4) antes da divulgação do novo Plano de Negócios 2026–2030, destacando que o cenário pode reservar uma assimetria positiva para os investidores. A instituição manteve nesta semana a recomendação de compra para os papéis da Petrobras, um preço-alvo de US$ 15 para as ADRs negociadas […]",Positive,recomendação de compra,Neutral,0.0,False,https://www.moneytimes.com.br/petrobras-petr4-a-expectativa-para-o-novo-plano-de-negocios-segundo-o-btg-kda/
2025-11-07,MoneyTimes,btg,"Petrobras (PETR4) pode pagar dividendos extraordinários, após superar estimativas em lucro e proventos?","Mesmo depois de a Petrobras (PETR4) apresentar um resultado forte e acima do esperado, é improvável que a empresa anuncie dividendos extraordinários, diante da combinação de investimentos mais altos e preços mais baixos do petróleo, disse o BTG Pactual nesta sexta-feira (7). Na véspera, a estatal informou um lucro líquido de US$ 6,03 bilhões no […]",Positive,acima do esperado,Negative,-0.7152905464172363,False,https://www.moneytimes.com.br/petrobras-petr4-pode-pagar-dividendos-extraordinarios-apos-superar-estimativas-em-lucro-e-proventos-kda/
2025-11-11,MoneyTimes,bb investimentos,BB Investimentos vê oportunidades e recomenda a compra de 3 ações para swing trade nesta terça-feira (11); veja a carteira,"O BB Investimentos emitiu três novas recomendações de compra para sua carteira de swing trade nesta terça-feira (11). As apostas são B3 (B3SA3) , Petrobras (PETR4) e Multiplan (MULT3). Para os três ativos, a justificativa é a “expectativa da captura de possível movimento de alta rastreado pelo algoritmo”. SAIBA MAIS: O Money Times reuniu as […]",Positive,recomendações de compra,Neutral,0.0,False,https://www.moneytimes.com.br/bb-investimentos-ve-oportunidades-e-recomenda-a-compra-de-3-acoes-para-swing-trade-veja-a-carteira-grds/
2025-11-17,MoneyTimes,analistas,Petrobras (PETR4): Nova descoberta de petróleo de ‘excelente qualidade’ terá impacto sobre as ações?,"A nova descoberta de petróleo na Bacia de Campos, divulgada pela Petrobras (PETR4), é positiva, pode reforçar o potencial de geração futura de caixa e a agenda de revitalização da Bacia de Campos, disseram analistas nesta segunda-feira (17). No entanto, segundo eles, ainda é cedo para qualquer impacto sobre as ações da estatal.  A companhia […]",Positive,é positiv,Neutral,0.0,False,https://www.moneytimes.com.br/petrobras-petr4-nova-descoberta-de-petroleo-de-excelente-qualidade-tera-impacto-sobre-as-acoes/
2025-11-28,MoneyTimes,analistas,Petrobras (PETR4): Ações recuam após novo plano de investimentos; o que dizem os analistas?,"A Petrobras (PETR4) divulgou seu Plano Estratégico para o período de 2026 a 2030 com sinalizações consideradas positivas em produção, investimentos e controle de gastos, segundo Ruy Hungria, analista da Empiricus Research, que continua com recomendação de compra para a petroleira. Mesmo assim, em meio à repercussão, os papéis da estatal recuavam cerca de 2,60% por volta […]",Positive,recomendação de compra,Negative,-0.8052218556404114,False,https://www.moneytimes.com.br/petrobras-petr4-acoes-recuam-apos-novo-plano-de-investimentos-o-que-dizem-os-analistas-igdl/
