Data_Publicacao,Portal,Casa,Noticia,Resumo,Rotulo_Especialista,Evidencia,Sentimento_Rotulo,Concorda,AUDITORIA_correto?,AUDITORIA_rotulo_certo,URL
2018-01-29,MoneyTimes,credit suisse,Credit Suisse eleva preço-alvo para Petrobras,"O Credit Suisse reiterou a recomendação de desempenho acima da média (outperform) para os papéis da Petrobras (PETR3; PETR4) e elevou o preço-alvo para as ADRs de US$12,40 para US$ 15, mostra um relatório enviado a clientes nesta segunda-feira. Gostou desta notícia? Receba nosso conteúdo gratuito “Apesar da impressionante disparada até agora (preços de ações […]",Positive,eleva preço-alvo,Positive,True,,,https://www.moneytimes.com.br/credit-suisse-eleva-preco-alvo-para-petrobras/
2018-04-09,InfoMoney,analista,Analista recomenda compra de blue chip e estrutura de opções com Petrobras para esta semana,"Visão Técnica recebeu o analista técnico da Rico Investimentos, Jeferson Silva, mais conhecido como Jota Trader",Positive,recomenda compra,Neutral,False,,,https://www.infomoney.com.br/mercados/analista-recomenda-compra-de-blue-chip-e-estrutura-de-opcoes-com-petrobras-para-esta-semana/
2018-04-09,Exame,moody's,"Moody's eleva rating da Petrobras, com perspectiva estável","Medida foi reflexo da decisão da agência, que horas antes havia anunciado a melhora da perspectiva do rating soberano do Brasil, de negativa para estável",Positive,eleva rating,Positive,True,,,https://exame.com/economia/moodys-eleva-rating-da-petrobras-com-perspectiva-estavel/
2018-05-28,InfoMoney,analista,Por que o melhor analista do Brasil recomendou comprar as ações da Petrobras?,"Giba, que afirma que depois de ciclos de queda as ações tendem a apresentar forte recuperação, vê correção da Petrobras em 50%",Positive,recomendou compra,Neutral,False,,,https://www.infomoney.com.br/onde-investir/por-que-o-melhor-analista-do-brasil-recomendou-comprar-as-acoes-da-petrobras/
2018-05-28,InfoMoney,xp,XP muda toda seleção de investimentos e recomenda compra de Petrobras para esta semana,"A Carteira Top Picks, elaborada pelo analista Giba, é divulgada toda segunda-feira",Positive,recomenda compra,Neutral,False,,,https://www.infomoney.com.br/onde-investir/xp-muda-toda-selecao-de-investimentos-e-recomenda-compra-de-petrobras-para-esta-semana/
2018-05-30,MoneyTimes,btg,"Ação da Petrobras está atraente neste nível, diz BTG Pactual","Segundo o BTG Pactual, com a queda de 25% desde o início da greve e 16% no mês, as ações da Petrobras (PETR4) parecem interessantes. “E enquanto a empresa está absorvendo parte dos custos para acabar com a greve, o governo é o que está à frente da maior parte dela, com o objetivo de […]",Positive,está atraent,Positive,True,,,https://www.moneytimes.com.br/acao-da-petrobras-esta-atraente-neste-nivel-diz-btg-pactual/
2018-06-01,Exame,fitch,Fitch: possível aumento de interferência política na Petrobras é negativo,"Agência afirma que demissão de Parente é negativo para o crédito da companhia, pois poderia tirar dos trilhos suas metas de desalavancagem",Negative,é negativ,Negative,True,,,https://exame.com/negocios/fitch-possivel-aumento-de-interferencia-politica-na-petrobras-e-negativo/
2018-06-01,MoneyTimes,credit suisse,"Petrobras: Saída de Parente é muito negativa, avalia Credit Suisse","Para o Credit Suisse, a demissão de Pedro Parente do cargo de CEO da Petrobras (PETR4) é “muito negativa”, mostra um relatório enviado a clientes nesta sexta-feira (1) e assinado por Regis Cardoso. “Muito negativo. Pedro Parente mencionou em confissões recentes que partiria caso o governo interferisse na administração da empresa, particularmente na política de […]",Negative,é muito negativ,Negative,True,,,https://www.moneytimes.com.br/petrobras-saida-de-parente-e-muito-negativa-avalia-credit-suisse/
2018-06-04,MoneyTimes,itaú bba,"O show da Petrobras vai continuar, avalia Itaú BBA","Em um relatório enviado a clientes nesta segunda-feira, com o nome de “O show deve continuar”, o Itaú BBA reforça a sua visão positiva sobre as ações da Petrobras (PETR4). O preço justo de R$ 27 para o final de 2018 e a recomendação Market Perform (desempenho em linha com a média do mercado), que […]",Positive,são positiv,Neutral,False,,,https://www.moneytimes.com.br/o-show-da-petrobras-vai-continuar-avalia-itau-bba/
2018-08-03,InfoMoney,analistas,"Petrobras lucra R$ 10,07 bilhões no 2º tri de 2018, alta de 3.087% e acima do esperado pelo mercado","A expectativa de lucro líquido, segundo analistas consultados pela Bloomberg, é de R$ 6,92 bilhões",Positive,acima do esperado,Positive,True,,,https://www.infomoney.com.br/negocios/petrobras-lucra-r-1007-bilhoes-no-2o-tri-de-2018-alta-de-3-087-e-acima-do-esperado-pelo-mercado/
2018-08-03,MoneyTimes,xp,XP mantém recomendação neutra e preço-alvo em R$ 20 para Petrobras,"Por Investing.com – Destaque na bolsa paulista nesta sexta-feira, as ações da Petrobras (PETR4) operam com ganhos de 3,97% a R$ 21,24, pesando positivamente para o resultado parcial do principal índice da bolsa paulista. Para a XP Investimentos, os números da estatal foram positivos, atendendo as expectativas do mercado. Apesar disso, o resultado foi melhor do que […]",Neutral,recomendação neutr,Positive,False,,,https://www.moneytimes.com.br/xp-mantem-recomendacao-neutra-e-preco-alvo-em-r-20-para-petrobras/
2018-08-16,MoneyTimes,xp,XP mantém recomendação neutra para Petrobras diante de incertezas eleitorais,"Por Investing.com – Faltando pouco mais de 50 dias para as eleições, a XP Investimentos revisou a tese de investimentos para as ações preferenciais da Petrobras (PETR4), levando consideração os impactos para o ativo nos diferentes cenários diferentes para a política de preços de combustíveis da companhia a partir de 2019. A corretora decidiu pela […]",Neutral,recomendação neutr,Positive,False,,,https://www.moneytimes.com.br/xp-mantem-recomendacao-neutra-para-petrobras-diante-de-incertezas-eleitorais/
2018-08-16,InfoMoney,xp,"XP eleva preço-alvo para ações de Petrobras, mas não recomenda compra; entenda",Cenário incerto no pós-eleição pode gerar impactos para os papéis da companhia,Positive,eleva preço-alvo,Neutral,False,,,https://www.infomoney.com.br/onde-investir/xp-eleva-preco-alvo-para-acoes-de-petrobras-mas-nao-recomenda-compra-entenda/
2018-10-08,InfoMoney,bradesco bbi,Bradesco BBI recomenda compra para Petrobras após eleição e vê alta de 67%,Equipe de análise estima um preço-alvo de R$ 40 para os papéis da companhia,Positive,recomenda compra,Neutral,False,,,https://www.infomoney.com.br/onde-investir/bradesco-bbi-recomenda-compra-para-petrobras-apos-eleicao-e-ve-alta-de-67/
2018-10-28,Exame,xp investimentos,XP Investimentos eleva recomendação de Petrobras para 'compra',A percepção de menor intervenção do governo na estatal tem como base afirmações do presidente eleito de que manteria repasses de preços,Positive,eleva recomendaç,Positive,True,,,https://exame.com/invest/mercados/xp-investimentos-eleva-recomendacao-de-petrobras-para-compra/
2018-10-29,InfoMoney,xp,XP eleva preço-alvo de Petrobras e BB após vitória de Bolsonaro,"O preço-alvo das ações ordinárias da Petrobras (PETR3) passou de R$ 27 para R$ 32, enquanto nas preferenciais (PETR4) o alvo foi de R$ 28 para R$ 33; no BB (BBAS3) o preço-alvo foi de R$ 41,00 para R$ 51,00",Positive,eleva preço-alvo,Positive,True,,,https://www.infomoney.com.br/onde-investir/xp-eleva-preco-alvo-de-petrobras-e-bb-apos-vitoria-de-bolsonaro/
2018-10-29,MoneyTimes,xp,Petrobras: XP recomenda compra e eleva preço-alvo,"Por Arena do Pavini – Com a eleição de Jair Bolsonaro para a Presidência da República, os analistas do mercado devem rever suas estratégicas para a bolsa de valores. A corretora XP Investimentos divulgou hoje mesmo, logo após o resultado da eleição, a recomendação de compra para as ações da Petrobras e o aumento do preço-alvo dos papéis. A ação preferencial (PETR4) de […]",Positive,eleva preço-alvo,Neutral,False,,,https://www.moneytimes.com.br/petrobras-xp-recomenda-compra-e-eleva-preco-alvo/
2018-11-06,InfoMoney,xp,"Petrobras teve resultado decepcionante, mas este ainda não é o verdadeiro potencial da estatal, diz XP","Conforme destaca a XP Research, há espaço para as ações reduzirem o nível de desconto que negociam em relação às petroleiras globais e a recomendação segue de compra para os ativos",Negative,decepcion,Negative,True,,,https://www.infomoney.com.br/negocios/petrobras-teve-resultado-decepcionante-mas-este-ainda-nao-e-o-verdadeiro-potencial-da-estatal-diz-xp/
2018-11-28,MoneyTimes,itaú bba,Petrobras: Cessão onerosa deve compensar queda do petróleo,"A equipe de análise do Itaú BBA atualizou a tese de investimento na Petrobras (PETR4) com a recomendação alterada de market perform (desempenho em média com o mercado) para outperform (desempenho acima da média do mercado), com preço-alvo de R$ 32 para o final de 2019. O valor corresponde a um potencial de valorização de aproximadamente […]",Positive,outperform,Negative,False,,,https://www.moneytimes.com.br/petrobras-cessao-onerosa-deve-compensar-queda-do-petroleo/
2019-01-08,MoneyTimes,bradesco bbi,"Bradesco BBI: US$ 14 bi da Cessão Onerosa elevaria preço-alvo da Petrobras em R$ 2,15","Segundo cálculos da equipe do Bradesco BBI, um possível pagamento da União à Petrobras (PETR4) de US$ 14 bilhões, que cedeu para a estatal o direito de explorar seis grandes blocos de petróleo na camada do pré-sal, pode resultar em um aumento de R$ 2,15 no preço-alvo das ações. O valor atual é estipulado em R$ […]",Positive,elevaria preço-alvo,Neutral,False,,,https://www.moneytimes.com.br/bradesco-bbi-us-14-bi-da-cessao-onerosa-elevaria-preco-alvo-da-petrobras-em-r-215/
2019-01-11,MoneyTimes,itaú bba,Petrobras: Itaú BBA reforça recomendação de compra,"O analista do Itaú BBA André Hachem fez uma análise do discurso inaugural do novo CEO da Petrobras (PETR4), Roberto Castello Branco e das mudanças na alta gestão da companhia, mostra um relatório enviado a clientes. Ele manteve a recomendação outperform para a companhia (desempenho acima da média do mercado), com preço-alvo de R$ 32 por ação para […]",Positive,recomendação de compra,Positive,True,,,https://www.moneytimes.com.br/petrobras-itau-bba-reforca-recomendacao-de-compra/
2019-01-21,MoneyTimes,xp,XP aposta em Petrobras e Gol na carteira Top Picks desta semana,A XP Investimentos publicou nesta segunda-feira (21) sua carteira Top Picks para esta semana. A corretora optou por trocar as ações das empresas Bradespar (BRAP4) e JBS (JBSS3) pelos papéis da Petrobras (PETR4) e da Gol (GOLL4). + Veja aqui quais são as pequenas gigantes da Bolsa que podem te ajudar a transformar centavos em […],Positive,top pick,Neutral,False,,,https://www.moneytimes.com.br/xp-aposta-em-petrobras-e-gol-na-carteira-top-picks-desta-semana/
2019-01-28,InfoMoney,xp,"Embraer, Petrobras e mais 3 ações para comprar nesta semana, segundo a XP","A carteira Top Picks é formada por cinco ativos, cada um com peso igual de 20%",Positive,top pick,Neutral,False,,,https://www.infomoney.com.br/onde-investir/embraer-petrobras-e-mais-3-acoes-para-comprar-nesta-semana-segundo-a-xp/
2019-02-27,MoneyTimes,xp,"Resultado da Petrobras mostra que o melhor ainda está por vir, diz XP","A XP Investimentos avalia que o resultado do quarto trimestre de 2018 da Petrobras (PETR3; PETR4) foi positivo, mas alerta que o melhor ainda está por vir, mostra um relatório enviado a clientes nesta quarta-feira (27). A recomendação de compra foi reiterada, com preço-alvo de R$ 31 para preferencial e R$ 30 para ordinária. 6 passos para […]",Positive,foi positiv,Neutral,False,,,https://www.moneytimes.com.br/resultado-da-petrobras-mostra-que-o-melhor-ainda-esta-por-vir-diz-xp/
2019-03-14,MoneyTimes,hsbc,"Ação da Petrobras agora é compra, decreta HSBC","A equipe de análise do HSBC Global Research elevou a recomendação para as ações da Petrobras (PETR4) para compra, mostra um relatório enviado a clientes nesta quinta-feira (14) e assinado por Lilyanna Yang. O preço-alvo foi elevado de R$ 28 para R$ 32. O valor corresponde a um potencial de valorização de aproximadamente 14%.",Positive,elevou a recomendaç,Neutral,False,,,https://www.moneytimes.com.br/acao-da-petrobras-agora-e-compra-decreta-hsbc/
2019-04-03,MoneyTimes,btg,"Enfim, chegou a hora e a vez da Nova Petrobras brilhar na bolsa","A história não contada de crescimento, em quantidade de ativos. Este é a matriz da análise do BTG Pactual para a Petrobras (PETR3; PETR4), em relatório de início de cobertura das ações da estatal, com recomendação de compra e preço-alvo de US$ 20,00 para os ADRs (American Depositary Receipts, ativos da estatal listados em Nova York), upside (potencial […]",Positive,recomendação de compra,Neutral,False,,,https://www.moneytimes.com.br/enfim-chegou-a-hora-e-a-vez-da-nova-petrobras-brilhar-na-bolsa/
2019-04-08,MoneyTimes,credit suisse,Última chamada para entrar no voo das ações da Petrobras; Credit Suisse eleva recomendação,"Em um relatório intitulado “Última chamada para o voo do momentum”, o Credit Suisse elevou a recomendação para os papeis da Petrobras (PETR3; PETR4) de neutra para compra. O analista Regis Cardoso também revisou o preço-alvo para os ativos negociados em Nova York de US$ 15 para US$ 21. O valor sugere um potencial de valorização […]",Positive,eleva recomendaç,Neutral,False,,,https://www.moneytimes.com.br/ultima-chamada-para-entrar-no-voo-das-acoes-da-petrobras-credit-suisse-eleva-recomendacao/
2019-04-08,InfoMoney,analistas,Petrobras: venda bilionária da TAG é considerada marco e analistas recomendam compra das ações,Operação corresponde a um terço do plano de desinvestimentos da estatal e deve continuar valendo a pena no longo prazo,Positive,recomendam compra,Neutral,False,,,https://www.infomoney.com.br/negocios/petrobras-venda-bilionaria-da-tag-e-considerada-marco-e-analistas-recomendam-compra-das-acoes/
2019-04-08,MoneyTimes,btg,Petrobras: BTG alerta para ponto de entrada nas ações,"O BTG Pactual alerta os investidores para um bom ponto de entrada nas ações da Petrobras (PETR3; PETR4), mostra um relatório enviado a clientes nesta segunda-feira (8). Os analistas Thiago Duarte e Pedro Soares avaliam que a venda da TAG, concretizada na sexta-feira (5) representa outro passo positivo na caminhada da empresa para um perfil mais racional. Última […]",Positive,bom ponto de entrada,Negative,False,,,https://www.moneytimes.com.br/petrobras-btg-alerta-para-ponto-de-entrada-nas-acoes/
2019-04-08,MoneyTimes,guide,Guide aposta em ações da Petrobras e Sabesp para esta semana,"A Guide Investimentos optou por trocar Bradesco (BBDC4) e Taesa (TAEE11) por Petrobras (PETR4) por Sabesp (SBSP3) na nova composição de sua carteira recomendada semanal, divulgada nesta segunda-feira (8). Última chamada para entrar no voo das ações da Petrobras; Credit Suisse eleva recomendação > Invista em Imóveis de Maneira Inteligente e Seja Dono dos Maiores […]",Positive,eleva recomendaç,Neutral,False,,,https://www.moneytimes.com.br/guide-aposta-em-acoes-da-petrobras-e-sabesp-para-esta-semana/
2019-04-12,MoneyTimes,btg,Petrobras: BTG vê “déjà vu” porém mantém recomendação de compra às ações,"“Déjà vu”. Este é o título de relatório de research do BTG Pactual (BPAC11), no qual o banco avalia a postergação da política de reajuste do diesel proferida pela Petrobras (PETR3; PETR4) na noite da última quinta-feira (11). Como declarar investimentos no IR? Baixe agora o nosso guia completo Os analistas Thiago Duarte e Pedro Soares ponderam a dicotomia […]",Positive,recomendação de compra,Neutral,False,,,https://www.moneytimes.com.br/petrobras-btg-ve-deja-vu-porem-mantem-recomendacao-de-compra-as-acoes/
2019-04-13,Exame,corretora,Petrobras continua entre as ações preferidas apesar de incertezas,"Suspensão do aumento dos preços do diesel, a pedido de Bolsonaro, não foi suficiente para que corretoras tirem as ações da estatal da lista de Top Picks",Positive,preferida,Neutral,False,,,https://exame.com/invest/mercados/petrobras-continua-entre-as-acoes-preferidas-apesar-de-incertezas/
2019-05-04,InfoMoney,analistas,"Para analistas, ações da Petrobras têm potencial com venda de ativos",Analistas acreditam que preço-alvo das ações da Petrobras oferece potencial de alta de 20% sobre o preço atual,Positive,potencial de alta,Positive,True,,,https://www.infomoney.com.br/negocios/para-analistas-acoes-da-petrobras-tem-potencial-com-venda-de-ativos/
2019-05-06,InfoMoney,analistas,Ações da Petrobras e do Banco do Brasil são as preferidas dos analistas em maio; confira recomendações,Levantamento feito pelo InfoMoney com 13 carteiras de ações ranqueou as mais indicadas pelos analistas para este mês,Positive,preferida,Neutral,False,,,https://www.infomoney.com.br/onde-investir/acoes-da-petrobras-e-do-banco-do-brasil-sao-as-preferidas-dos-analistas-em-maio-confira-recomendacoes/
2019-05-08,MoneyTimes,btg,Petrobras opera com ganhos; BTG mantém otimismo e recomendação de compra,"Por Investing.com Na abertura dos negócios da manhã desta quarta-feira na bolsa paulista, as ações da Petrobras (PETR4) operam com ganhos de 1,78% a R$ 26,82. Na noite de ontem, a estatal informou que seu lucro líquido caiu 42 por cento entre janeiro e março, ante o mesmo período de 2018, para 4,03 bilhões de […]",Positive,recomendação de compra,Positive,True,,,https://www.moneytimes.com.br/petrobras-opera-com-ganhos-btg-mantem-otimismo-e-recomendacao-de-compra/
2019-05-21,MoneyTimes,safra,"Petrobras: Ação está barata, aponta banco Safra em início de cobertura","As ações da Petrobras estão baratas na comparação com outras grandes empresas internacionais do setor de petróleo, avalia o banco Safra em um relatório de início de cobertura das ações da estatal divulgado a clientes na noite de segunda-feira (21). A recomendação é de outperform (desempenho acima da média do mercado), o mesmo que compra, […]",Positive,está barat,Neutral,False,,,https://www.moneytimes.com.br/petrobras-acao-esta-barata-aponta-banco-safra-em-inicio-de-cobertura/
2019-06-03,InfoMoney,itaú bba,"Petrobras de olho na venda de ativos; Itaú BBA eleva projeção para Vale, Light considera oferta pública e mais",Confira as notícias corporativas que vão movimentar o mercado nesta segunda-feira (03),Positive,eleva projeç,Neutral,False,,,https://www.infomoney.com.br/mercados/petrobras-de-olho-na-venda-de-ativos-itau-bba-eleva-projecao-para-vale-light-considera-oferta-publica-e-mais/
2019-06-10,MoneyTimes,btg,BTG vê ponto de entrada nas ações da Petrobras com recente queda do petróleo,"O BTG Pactual (BPAC11) divulgou na última semana relatório sobre a Petrobras (PETR4) listando recomendação de compra para os ADRs (American Depositary Receipts), com preço-alvo de US$ 20,00 – o que equivale a um upside (potencial de valorização) de 31,4% em relação ao último fechamento. Para os analistas Thiago Duarte, Pedro Soares e Daniel Guardiola, a decisão […]",Positive,recomendação de compra,Negative,False,,,https://www.moneytimes.com.br/btg-ve-ponto-de-entrada-nas-acoes-da-petrobras-com-recente-queda-do-petroleo/
2019-07-03,MoneyTimes,bank of america,Bank of America recomenda compra de Petrobras com alvo em US$ 21,"Por Investing.com  Nesta quarta-feira o Bank of America Merrill Lynch divulgou relatório a clientes informando que retomou a cobertura das ADR das Petrobras (PETR4), com preço-alvo em US$ 21,00 e recomendação de compra, o que representa um upside de 38%, levando em consideração o fechamento da sessão de ontem. Nesta quarta-feira, as ações tiveram ganhos […]",Positive,recomenda compra,Neutral,False,,,https://www.moneytimes.com.br/bank-of-america-recomenda-compra-de-petrobras-com-alvo-em-us-21/
2019-07-07,MoneyTimes,planner,Petrobras: Planner indica compra e eleva preço-alvo para ação antes de resultado do 2º trimestre,"A Planner reiterou a recomendação de compra para as ações da Petrobras (PETR4) e elevou o preço-alvo para os papéis de R$ 33 para R$ R$ 34,50, mostra um relatório divulgado nesta última sexta-feira (5). “A Petrobras vive hoje um momento bastante positivo, com aumentos de produção e vendas, além dos ingressos expressivos de recursos no caixa […]",Positive,eleva preço-alvo,Neutral,False,,,https://www.moneytimes.com.br/petrobras-planner-indica-compra-e-eleva-preco-alvo-antes-de-resultado-do-2o-trimestre/
2019-07-26,MoneyTimes,btg,De olho em Petrobras? BTG atualiza estimativas e dispara: “top pick no setor”,"“Pequeno desapontamento, porém o mix continua a tendência de melhora”. A avaliação é do BTG Pactual, em relatório divulgado nesta sexta-feira (26) sobre os dados operacionais da Petrobras (PETR3; PETR4) no segundo trimestre deste ano. De acordo com os analistas Thiago Duarte, Pedro Soares e Daniel Guardiola, o segmento de exploração e produção deverá apresentar resultados melhores […]",Positive,top pick,Neutral,False,,,https://www.moneytimes.com.br/de-olho-em-petrobras-btg-atualiza-estimativas-e-dispara-top-pick-no-setor/
2019-07-31,MoneyTimes,xp investimentos,"Petrobras: Ainda há muito espaço para alta das ações, avalia XP Investimentos","As ações da Petrobras (PETR3; PETR4) ainda tem bastante espaço para crescimento, avalia a XP Investimentos em um relatório enviado a clientes em que reinicia a cobertura dos papeis da estatal. A recomendação é de compra. O documento com o título “Grandes avanços estão acontecendo e não estão sendo vistos”, assinado por Gabriel Fonseca, aponta […]",Positive,espaço para alta,Neutral,False,,,https://www.moneytimes.com.br/petrobras-ainda-ha-muito-espaco-para-alta-das-acoes-avalia-xp-investimentos/
2019-08-01,InfoMoney,xp,XP recomenda compra para ações da Petrobras: “papéis baratos e grandes eventos por vir”,"Analista Gabriel Francisco retomou cobertura para os ativos com visão positiva e apontando que grandes avanços estão acontecendo, mas não estão precificados",Positive,recomenda compra,Neutral,False,,,https://www.infomoney.com.br/negocios/xp-recomenda-compra-para-acoes-da-petrobras-papeis-baratos-e-grandes-eventos-por-vir/
2019-08-27,MoneyTimes,bradesco bbi,"Petrobras: Ações estão baratas e preferimos ordinárias a preferenciais, diz Bradesco","“Estamos atualizando nossas estimativas para a Petrobras (PETR3; PETR4) e rolando nosso preço-alvo para o final de 2020 para R$ 38,00 por ação”. A afirmação permeia relatório do Bradesco BBI para a Petrobras, no qual os analistas Vicente Falanga e Ricardo França listam recomendação de compra para os papeis, por verem o “múltiplo EV/Ebitda (valor de mercado […]",Positive,estão barat,Neutral,False,,,https://www.moneytimes.com.br/petrobras-acoes-estao-baratas-e-preferimos-ordinarias-a-preferenciais-diz-bradesco/
2019-08-29,MoneyTimes,credit suisse,"Petrobras: Novos dividendos são positivos, mas vão ficar para 2021, diz Credit Suisse","O Credit Suisse analisa com viés positivo a nova política de dividendos da Petrobras (PETR3; PETR4). “Existem duas importantes mensagens: desalavancagem é a prioridade principal e a compensação aos acionistas será mais transparente no planejamento da estatal”, afirmam os analistas Regis Cardoso e Victor Schmidt. “Acreditamos que o aumento da transparência nos dividendos futuros é positivo por […]",Positive,são positiv,Neutral,False,,,https://www.moneytimes.com.br/petrobras-novos-dividendos-sao-positivos-mas-vao-ficar-para-2021-diz-credit-suisse/
2019-09-06,MoneyTimes,btg,BTG Pactual reitera compra das ADRs da Petrobras com preço-alvo em US$ 17,"Por Investing.com O BTG Pactual (BPAC11) reiterou nesta sexta-feira a recomendação de compra para as ADRs da Petrobras (PETR4), reforçando a tese de o papel parece ser o caso de que está barato e não tem a confiança do mercado, o que pode desencadear uma recuperação forte dos preços. As informações constam de relatório enviado […]",Positive,recomendação de compra,Positive,True,,,https://www.moneytimes.com.br/btg-pactual-reitera-compra-das-adrs-da-petrobras-com-preco-alvo-em-us-1700/
2019-10-21,MoneyTimes,guide,Guide substitui Duratex e Cyrela por Petrobras e CCR na carteira recomendada da semana,"A Guide Investimentos alterou duas ações de sua carteira recomendada semanal, divulgada nesta segunda-feira (21). Com isso, os papéis da Duratex (DTEX3) e Cyrela (CYRE3) saíram para dar lugar aos da Petrobras (PETR4) e CCR (CCRO3). “Recentemente, o quadro ficou mais positivo para a companhia, em especial após os acordos com o Ministério Público”, comentou […]",Positive,positivo para,Neutral,False,,,https://www.moneytimes.com.br/guide-substitui-duratex-e-cyrela-por-petrobras-e-ccr-na-carteira-recomendada-da-semana/
2019-11-01,InfoMoney,analista,Investidores ganham 300% em 1 semana com opções de Petrobras,"O analista Fernando Góes, da Clear Corretora, enviou as recomendações de compra para os alunos do curso A Grande Tacada",Positive,recomendações de compra,Positive,True,,,https://www.infomoney.com.br/mercados/investidores-ganham-300-em-1-semana-com-acoes-de-petrobras/
2020-02-19,MoneyTimes,safra,"Ação da Petrobras está com um bom ponto de entrada, indica Banco Safra","As ações da Petrobras (PETR3;PETR4) estão com um bom ponto de entrada, avalia o Banco Safra em um relatório enviado a clientes. Os analistas Kaique Vasconcellos e Daniel Travitzky elevaram o preço-alvo para os papéis da estatal e reforçaram a recomendação de compra. A estimativa para os papéis ordinários PETR3 passou de R$ 36,30 para […]",Positive,bom ponto de entrada,Positive,True,,,https://www.moneytimes.com.br/acao-da-petrobras-esta-com-um-bom-ponto-de-entrada-indica-banco-safra/
2020-03-18,MoneyTimes,ubs,"Petrobras: rentabilidade de projetos cairá “significativamente”, diz UBS","A Petrobras (PETR3; PETR4) iniciou o ano como a preferida do UBS entre as petrolíferas latino-americanas. Embora ainda sustente essa distinção, a estatal brasileira ficou mais longe de atingir as expectativas do banco suíço, devido à queda recente da cotação do petróleo. Em relatório assinado pelos analistas Luiz Carvalho e Gabriel Barra, o UBS afirma […]",Positive,preferida,Negative,False,,,https://www.moneytimes.com.br/petrobras-rentabilidade-de-projetos-caira-significativamente-diz-ubs/
2020-03-18,MoneyTimes,itaú bba,"Ação da Petrobras ainda está atraente, avalia Itaú BBA","As ações da Petrobras (PETR4) ainda estão atraentes, a despeito das projeções pessimistas para os preços do petróleo, avalia o Itaú BBA em um relatório enviado a clientes nesta quarta-feira (18). O analista André Hachem cortou o preço-alvo de R$ 40 para R$ 29, mas manteve a recomendação outperform (desempenho acima da média do mercado). […]",Positive,está atraent,Neutral,False,,,https://www.moneytimes.com.br/acao-da-petrobras-ainda-esta-atraente-avalia-itau-bba/
2020-04-07,MoneyTimes,s&p,Petrobras: S&P rebaixa perspectiva de nota de crédito para estável diante de pandemia,"A Standard and Poor’s rebaixou a perspectiva de nota de crédito da Petrobras (PETR3; PETR4) de positiva para estável, informou a companhia por meio de comunicado enviado ao mercado nesta terça-feira (7). A agência classificadora de risco manteve o nível de risco (rating) da dívida corporativa da companhia em “BB-“. Na última segunda-feira (6), a agência […]",Positive,positiva para,Negative,False,,,https://www.moneytimes.com.br/petrobras-sp-rebaixa-perspectiva-de-nota-de-credito-para-estavel-diante-de-pandemia/
2020-04-08,MoneyTimes,credit suisse,"Risco e retorno: para dobrar seu dinheiro com a Petrobras, compre as ações agora","Em relatório obtido pelo Money Times, o Credit Suisse reitera sua recomendação de outperform para os papéis da Petrobras (PETR3; PETR4), embora tenha cortado o preço-alvo das ADRs de US$ 21 para US$ 14. Mesmo menor, o valor representa um potencial de alta de mais de 100% sobre a cotação de 6 de abril, usada […]",Positive,outperform,Neutral,False,,,https://www.moneytimes.com.br/risco-e-retorno-para-dobrar-seu-dinheiro-com-a-petrobras-compre-as-acoes-agora/
2020-05-08,MoneyTimes,corretora,Ágora vê Petrobras bem posicionada no mercado e altera recomendação do papel para compra,"A Ágora Investimentos atualizou nesta sexta-feira (8) a recomendação da Petrobras (PETR4) para compra e elevou o preço-alvo da ação de R$ 18,50 para R$ 29. A corretora acredita que as notícias sobre o setor petrolífero devem ganhar um tom positivo com a flexibilização das restrições de deslocamento e a indicação de cortes na produção. […]",Positive,elevou o preço-alvo,Neutral,False,,,https://www.moneytimes.com.br/agora-ve-petrobras-bem-posicionada-no-mercado-e-altera-recomendacao-do-papel-para-compra/
2020-05-15,InfoMoney,analistas,"Não se engane pelo estrondoso prejuízo de R$ 48,5 bi: resultado da Petrobras foi muito positivo, dizem analistas",Ebitda e baixos custos de extração foram apontados como os fatores positivos reportados pela companhia no 1º trimestre,Positive,foi muito positiv,Negative,False,,,https://www.infomoney.com.br/mercados/nao-se-engane-pelo-estrondoso-prejuizo-de-r-485-bi-resultado-da-petrobras-foi-muito-positivo-dizem-analistas/
2020-05-18,MoneyTimes,analistas,Petrobras: comprar as ações ordinárias ou preferenciais?,"A recomendação de compra das ações da Petrobras (PETR3; PETR4) é quase unânime entre os analistas, mas qual das classes é a mais indicada? Para os analistas do Bradesco BBI, dado praticamente nenhuma chance de dividendos este ano, os papéis ordinários (PETR3) estão mais atraentes do que os preferenciais (PETR4). “Eles normalmente apresentam melhor desempenho […]",Positive,recomendação de compra,Neutral,False,,,https://www.moneytimes.com.br/petrobras-comprar-as-acoes-ordinarias-ou-preferenciais/
2020-06-04,MoneyTimes,guide,Guide: reajuste do preço do GLP é positivo para a Petrobras,"A Guide Investimentos avaliou, nesta quinta-feira (4), que o reajuste de 5% no preço médio do gás liquefeito de petróleo (GLP) é positivo para a Petrobras (PETR4). O reajuste, que teve início hoje, fará com que o valor seja equivalente a R$ 24,08 por botijão de 13 quilos (kg). No acumulado do ano, a redução […]",Positive,é positiv,Positive,True,,,https://www.moneytimes.com.br/guide-reajuste-do-preco-do-glp-e-positivo-para-a-petrobras/
2020-06-15,MoneyTimes,santander,"Ação da Petrobras terá recuperação em forma de “J”, avalia Santander","Os papéis da Petrobras (PETR3; PETR4) terão recuperação acentuada, em formato de “J”, após a Covid-19, avalia o Santander em relatório enviado a clientes nesta segunda-feira (15). O banco tem recomendação de compra para as ações ordinárias, PETR3, com preço-alvo de R$ 24. A corretora realizou uma conferência com o CEO da Petrobras, Roberto Castello Branco, […]",Positive,recomendação de compra,Positive,True,,,https://www.moneytimes.com.br/acao-da-petrobras-tera-recuperacao-em-forma-de-j-avalia-santander/
2020-11-24,MoneyTimes,bank of america,BofA vê “céu mais claro” para Petrobras e eleva recomendação para ‘compra’,"O Bank of America elevou a recomendação das ações da Petrobras (PETR3;PETR4) para ‘compra’, bem como o preço-alvo para 38 reais no caso dos papéis negociados na B3 (de 28 reais antes) e 14 dólares para os ADRs transacionados em Nova York (de 10,50 dólares antes), conforme relatório a clientes. “A melhora no mercado de petróleo […]",Positive,eleva recomendaç,Positive,True,,,https://www.moneytimes.com.br/bofa-ve-ceu-mais-claro-para-petrobras-e-eleva-recomendacao-para-compra/
2020-11-30,MoneyTimes,analistas,"Petrobras deverá ter grandes dividendos pela frente, aponta Ágora","A Ágora Investimentos elevou as projeções de pagamento de dividendos da Petrobras (PETR3;PETR4) após participar do Dia do Investidor da empresa. Segundo os analistas Vicente Falanga e Ricardo França, o dividend yield da petroleira deverá passar de 10% até 2022, “o que está muito acima da média paga por seus pares globais”. “Embora as previsões […]",Positive,elevou as projeç,Neutral,False,,,https://www.moneytimes.com.br/petrobras-devera-ter-grandes-dividendos-pela-frente-aponta-agora/
2020-12-01,MoneyTimes,btg,Petrobras: dividendos são animadores e BTG eleva preço-alvo,"O banco de investimento BTG Pactual (BPAC11) elevou nesta terça-feira o preço-alvo para as ações da Petrobras (PETR3;PETR4), após detalhamento na véspera do plano de negócios de cinco anos da empresa, que reforçou aposta em ativos de classe mundial e de baixo custo como o pré-sal e aumentou o programa de desinvestimentos. O preço-alvo do American Depositary Receipts […]",Positive,eleva preço-alvo,Positive,True,,,https://www.moneytimes.com.br/petrobras-dividendos-sao-animadores-e-btg-eleva-preco-alvo/
2020-12-02,MoneyTimes,bb investimentos,"Plano estratégico reforça que Petrobras está no caminho certo, diz BB","O plano estratégico da Petrobras (PETR3;PETR4) para 2021 a 2025 reforçou a visão positiva do BB Investimentos em relação ao futuro da maior companhia do Brasil. O evento, que contou com a participação do CEO, Roberto Castello Branco, e demais membros da diretoria executiva, reiterou a ideia de que a empresa segue com o seu […]",Positive,são positiv,Neutral,False,,,https://www.moneytimes.com.br/plano-estrategico-reforca-que-petrobras-esta-no-caminho-certo-diz-bb/
2021-01-05,MoneyTimes,xp,XP eleva preço-alvo da Petrobras após acordo da Opep+,"A XP classificou como positivo o acordo fechado entre os membros da Opep+ para o corte da produção de petróleo. Os preços do Brent dispararam 4,99%, a US$ 53,64 o barril, após a notícia. Com o acordo, a Arábia Saudita carregará o maior fardo dos cortes na produção, enquanto outros países não farão mudanças ou […]",Positive,eleva preço-alvo,Positive,True,,,https://www.moneytimes.com.br/xp-eleva-preco-alvo-da-petrobras-apos-acordo-da-opep/
2021-01-19,MoneyTimes,credit suisse,Credit Suisse eleva preço-alvo de ADR da Petrobras com expectativa de alta do petróleo,"Analistas do Credit Suisse elevaram o preço-alvo dos ADRs da Petrobras (PETR3; PETR4) para 16 dólares, de 15 dólares antes, e reiteraram recomendação ‘outperform’, citando previsões melhores para os preços do petróleo Brent, de acordo com relatório a clientes nesta terça-feira. “O Sr. Brent é um homem temperamental (figurativamente falando). Os preços do petróleo oscilam frequentemente entre […]",Positive,eleva preço-alvo,Positive,True,,,https://www.moneytimes.com.br/credit-suisse-eleva-preco-alvo-de-adr-da-petrobras-com-expectativa-de-alta-do-petroleo/
2021-02-03,InfoMoney,santander,"Produção da Petrobras, BBI eleva preço-alvo para Méliuz e vê potencial de alta de 46%, balanço do Santander e mais",Confira os destaques do noticiário corporativo na sessão desta quarta-feira (3),Positive,eleva preço-alvo,Positive,True,,,https://www.infomoney.com.br/mercados/producao-da-petrobras-bbi-eleva-preco-alvo-para-meliuz-e-ve-potencial-de-alta-de-46-balanco-do-santander-e-mais/
2021-02-22,MoneyTimes,analistas,Petrobras vê analistas cortarem recomendação para ações após Bolsonaro indicar CEO,"Analistas de mercado rebaixaram suas recomendações para as ações da estatal  Petrobras (PETR4) nos últimos dias, após o presidente Jair Bolsonaro ter anunciado na sexta-feira a indicação de um novo presidente-executivo para a companhia. Bolsonaro disse que pretende nomear o general Joaquim Silva e Luna como novo CEO da Petrobras ao final do mandato do atual […]",Negative,cortarem recomendaç,Negative,True,,,https://www.moneytimes.com.br/petrobras-ve-analistas-cortarem-recomendacao-para-acoes-apos-bolsonaro-indicar-ceo/
2021-02-22,MoneyTimes,ubs,"UBS recomenda compra das ações da Petrobras, já que estratégia não mudou","Enquanto grande parte do mercado reage à mudança de comando na Petrobras (PETR3; PETR4) orquestrada pelo presidente Jair Bolsonaro, há quem ainda mantenha recomendação de compra das ações da estatal à medida que a estratégia de longo prazo da empresa parece conservada. “Apesar da influência do governo federal, a questão-chave está fincada na estratégia de […]",Positive,recomenda compra,Neutral,False,,,https://www.moneytimes.com.br/ubs-recomenda-compra-das-acoes-da-petrobras-ja-que-estrategia-nao-mudou/
2021-02-22,InfoMoney,xp investimentos,Os bancos e casas de análise que cortaram a recomendação para a Petrobras (e os que seguem indicando compra),"XP Investimentos, Credit Suisse e Bradesco BB cortaram fortemente a recomendação e o preço-alvo, enquanto o Morgan suspendeu a recomendação",Negative,cortaram a recomendaç,Negative,True,,,https://www.infomoney.com.br/mercados/petrobras-os-analistas-que-ja-reduziram-a-recomendacao-para-as-acoes-em-meio-a-intervencao/
2021-02-22,MoneyTimes,safra,Safra reduz preço-alvo da Petrobras e aposta que impacto negativo nas ações deve durar,"O Banco Safra reduziu o preço-alvo da Petrobras (PETR4) nesta segunda-feira (22) apostando que o impacto negativo que estamos vendos nos papéis deve durar por mais um tempo, já que foi confirmada a intenção do governo de alterar a gestão da companhia. Agora, a estimativa para as ações ficou em R$ 29,50, o que corresponde […]",Negative,reduz preço-alvo,Negative,True,,,https://www.moneytimes.com.br/safra-reduz-preco-alvo-da-petrobras-e-aposta-que-impacto-negativo-nas-acoes-deve-durar/
2021-02-22,MoneyTimes,analistas,Ações da Petrobras desabam 17% em Nova York com analistas cortando recomendações,"As ações da Petrobras (PETR3; PETR4) desabavam quase 17% nas negociações pré-abertura na bolsa de Nova York nesta segunda-feira, após analistas cortarem recomendações para os papéis na sequência do anúncio pelo presidente Jair Bolsonaro da indicação de um general como novo presidente da companhia. Analistas de Credit Suisse, Scotiabank, Bank of America,  Bradesco (BBDC4) e XP estão entre […]",Negative,cortando recomendaç,Negative,True,,,https://www.moneytimes.com.br/acoes-da-petrobras-desabam-17-em-nova-york-com-analistas-cortando-recomendacoes/
2021-02-23,MoneyTimes,ubs,UBS insiste que tombo da Petrobras foi um baita exagero e dá 5 motivos para ter calma,"Depois de surpreender o mercado ontem (22), mantendo sua recomendação de compra para as ações da Petrobras (PETR3; PETR4), enquanto os papéis tombavam na B3 e analistas diziam para os investidores venderem os papéis, o UBS BB voltou à carga nesta terça-feira (23) com um novo relatório. Segundo a instituição, o mercado exagerou bastante no […]",Positive,recomendação de compra,Negative,False,,,https://www.moneytimes.com.br/ubs-insiste-tombo-da-petrobras-foi-um-baita-exagero-e-da-5-motivos-para-ter-calma/
2021-02-23,MoneyTimes,ubs,3 coisas que fariam o UBS BB retirar seu apoio às ações da Petrobras,"Em meio ao pânico generalizado do mercado com a intervenção do presidente Jair Bolsonaro na Petrobras (PETR3; PETR4), o UBS BB se destacou pela convicção com que manteve a recomendação de compra dos papéis ontem (22). Sua posição foi reafirmada em um novo relatório nesta terça-feira (23), no qual listou cinco motivos para ainda acreditar […]",Positive,recomendação de compra,Negative,False,,,https://www.moneytimes.com.br/3-coisas-que-fariam-o-ubs-bb-retirar-seu-apoio-as-acoes-da-petrobras/
2021-02-25,InfoMoney,analistas,"Impecável ou decepcionante? Entre divergências sobre números, futuro da Petrobras intriga mais os analistas do que balanço",A grande dúvida para a estatal segue a mesma para os analistas desde o final da semana passada: o que esperar da nova gestão com Castello Branco de saída?,Negative,decepcion,Negative,True,,,https://www.infomoney.com.br/mercados/impecavel-ou-decepcionante-entre-divergencias-sobre-numeros-futuro-da-petrobras-intriga-mais-os-analistas-do-que-balanco/
2021-03-12,InfoMoney,bradesco bbi,"Ação da PetroRio se destaca cada vez mais em meio à turbulência na Petrobras, mas ela tem espaço para novas altas?","Nesta semana, Bradesco BBI elevou recomendação para as ações PRIO3, enquanto BBA iniciou cobertura com recomendação equivalente à compra",Positive,elevou recomendaç,Positive,True,,,https://www.infomoney.com.br/mercados/acao-da-petrorio-se-destaca-cada-vez-mais-em-meio-a-turbulencia-na-petrobras-mas-ela-tem-espaco-para-novas-altas/
2021-03-23,InfoMoney,analistas,"Analistas dizem que Petrobras e Vale estão baratas, mas exposição política da petroleira torna investimento mais arriscado","Recomendação é ter maior exposição na Vale mesmo após a queda recente do minério, enquanto cenário é mais incerto para a petroleira estatal",Positive,estão barat,Negative,False,,,https://www.infomoney.com.br/mercados/analistas-dizem-que-petrobras-e-vale-estao-baratas-mas-exposicao-politica-da-petroleira-torna-investimento-mais-arriscado/
2021-05-17,InfoMoney,itaú bba,"Após Itaú BBA, Bradesco BBI eleva recomendação para Petrobras e diz que “hora de comprar ação é agora”","“Pelo valuation atual, vale a pena correr o risco, em nossa visão”, apontam os analistas do BBI, que elevaram o preço-alvo para a ação PN para R$ 35",Positive,eleva recomendaç,Neutral,False,,,https://www.infomoney.com.br/mercados/apos-itau-bba-bradesco-bbi-eleva-recomendacao-para-petrobras-e-diz-que-hora-de-comprar-acao-e-agora/
2021-05-28,MoneyTimes,jpmorgan,Ibovespa fecha em alta e renova máximas históricas com Petrobras,"O Ibovespa (IBOV) fechou em alta de 1% nesta sexta-feira, renovando máximas históricas, apoiado principalmente no salto de Petrobras (PETR4) após o JPMorgan elevar recomendação para ‘overweight’, enquanto Sabesp (SBSP3) capitaneou as perdas em meio a comentários do governo de São Paulo sobre a companhia. Índice de referência do mercado acionário brasileiro, o Ibovespa subiu […]",Positive,elevar recomendaç,Positive,True,,,https://www.moneytimes.com.br/ibovespa-fecha-em-alta-e-renova-maximas-historicas-com-petrobras/
2021-07-01,InfoMoney,analistas,"Sem ter mais a Petrobras como sócia, o que esperar da BR Distribuidora? Analistas destacam perspectivas positivas para a empresa","Expectativa do mercado está em torno dos ganhos com a nova gestão da BR Distribuidora, que está sob o comando de Wilson Ferreira Júnior",Positive,positivas para,Positive,True,,,https://www.infomoney.com.br/mercados/sem-ter-mais-a-petrobras-como-socia-o-que-esperar-da-br-distribuidora-analistas-destacam-perspectivas-positivas-para-a-empresa/
2021-07-01,Exame,credit suisse,"BR Distribuidora pode subir 46% após saída da Petrobras, diz Credit Suisse","Visando menor interferência estatal, analistas elevam preço-alvo em relatório desta semana",Positive,elevam preço-alvo,Negative,False,,,https://exame.com/invest/mercados/br-distribuidora-pode-subir-46-apos-saida-da-petrobras-diz-credit-suisse/
2021-08-04,InfoMoney,analistas,"Petrobras reverte prejuízo e registra lucro líquido de R$ 42,855 bilhões no 2º trimestre de 2021, bem acima do esperado","A média das projeções dos analistas apontava para um lucro líquido de R$ 30,67 bilhões, segundo dados compilados pela Refinitiv.",Positive,acima do esperado,Negative,False,,,https://www.infomoney.com.br/mercados/petrobras-reverte-prejuizo-e-registra-lucro-liquido-de-r-42855-bilhoes-no-2o-trimestre-de-2021/
2021-08-05,MoneyTimes,credit suisse,Petrobras: Credit Suisse indica a compra das ações e eleva projeção em 27%,"O Credit Suisse elevou a recomendação da ADR da Petrobras (PETR4) de “neutra” para “outperform” e subiu o preço-alvo para 14 dólares, de 11 dólares, após a estatal divulgar na véspera um lucro de 42,86 bilhões de reais no segundo trimestre, superando com folga estimativas. “Reconhecemos que existem riscos significativos no horizonte. No entanto, acreditamos que […]",Positive,eleva projeç,Neutral,False,,,https://www.moneytimes.com.br/petrobras-credit-suisse-indica-a-compra-das-acoes-e-eleva-projecao-em-27/
2021-09-29,Exame,analistas,"Petrobras, PetroRio ou 3R: qual a melhor ação com a alta do petróleo?","Analistas avaliam se as ações da Petrobras, em meio a persistentes riscos de interferência política, estão atrativas em relação às petroleiras privadas",Positive,estão atrativ,Neutral,False,,,https://exame.com/invest/mercados/petrobras-petrorio-ou-3r-qual-acao-para-aproveitar-a-alta-do-petroleo/
2021-10-14,InfoMoney,credit suisse,"Mudança de cálculo do ICMS para combustíveis é positiva para a Petrobras, aponta Credit Suisse",Analistas apontam que medida endereça debate politico sobre os preços dos combustíveis sem interferir nos preços de mercado da refinaria,Positive,é positiv,Neutral,False,,,https://www.infomoney.com.br/mercados/mudanca-de-calculo-do-icms-para-combustiveis-e-positiva-para-a-petrobras-aponta-credit-suisse/
2021-11-26,MoneyTimes,santander,Petrobras: Santander pede calma com “oba-oba” após novo plano estratégico,"O Santander está na contramão dos mercados quando o assunto é indicar a compra dos papéis da Petrobras (PETR3; PETR4), apesar de ter elevado o preço-alvo de R$ 28 para R$ 34 para o fim de 2022. Os analistas Rodrigo Almeida e Christian Audi preferiram continuar com a recomendação de manutenção para os papéis. A […]",Positive,elevado o preço-alvo,Negative,False,,,https://www.moneytimes.com.br/petrobras-santander-pede-calma-com-oba-oba-apos-novo-plano-estrategico/
2021-12-03,MoneyTimes,corretora,Dividendos da Petrobras valem o risco de se investir na estatal?,"A Nu invest, divisão do Nubank, emitiu um relatório recomendando a compra das ações da Petrobras (PETR4), após o recente anúncio de dividendos, apesar de a estatal ser alvo de pressões políticas por conta de sua política de preços. Segundo a corretora, a companhia é negociada com um “valuation atrativo” (2,3 vezes EV/Ebitda projetado para […]",Positive,recomendando a compra,Neutral,False,,,https://www.moneytimes.com.br/dividendos-da-petrobras-valem-o-risco-de-se-investir-em-uma-estatal/
2021-12-15,MoneyTimes,analistas,PetroRio ou Petrobras: qual ação investir em 2022?,"O setor de petróleo e gás continuará aquecido em 2022, com boa geração de caixa e pagamento de dividendos, avaliam analistas. Na Bolsa, as opções preferidas entre os investidores são Petrobras (PETR3; PETR4) e PetroRio (PRIO3), levando em conta o volume de negociação. Mas qual ação escolher?  O Santander tem a resposta: a PetroRio. Os analistas […]",Positive,preferida,Neutral,False,,,https://www.moneytimes.com.br/petrorio-ou-petrobras-qual-acao-investir-em-2022/
2021-12-27,MoneyTimes,xp,Ação da Petrobras está “barata demais para ignorar”; XP retoma cobertura com indicação de compra,"A XP Investimentos retomou a cobertura das ações da Petrobras com recomendação de compra e preços-alvo de R$ 45,30 para os papéis negociados no Brasil (PETR3;PETR4) e US$ 16,40 às ADRs (American Depositary Receipts, recibos de ações de uma empresa estrangeira negociada nos Estados Unidos – PBR). Na opinião da corretora, a empresa está “barata […]",Positive,recomendação de compra,Negative,False,,,https://www.moneytimes.com.br/acao-da-petrobras-esta-barata-demais-para-ignorar-xp-retoma-cobertura-com-indicacao-de-compra/
2021-12-27,InfoMoney,xp,Petrobras (PETR3;PETR4): XP retoma cobertura com recomendação de compra,"Para os analistas da corretora, valuation atrativo, dividendos e qualidade de ativos se sobrepõem a riscos políticos",Positive,recomendação de compra,Neutral,False,,,https://www.infomoney.com.br/mercados/petrobras-xp-retoma-cobertura-com-recomendacao-de-compra/
2022-01-06,InfoMoney,analistas,"Credit vê petróleo mais caro, eleva preço-alvo de PetroRio (PRIO3) e projeta dividendo de US$ 18 bi para Petrobras (PETR4) em 2022","Para analistas do banco, petróleo brent chegará ao fim do ano a US$ 75 o barril, ante projeção anterior de US$ 69 o barril",Positive,eleva preço-alvo,Negative,False,,,https://www.infomoney.com.br/mercados/credit-ve-petroleo-mais-alto-eleva-preco-alvo-de-petrorio-prio3-e-projeta-dividendo-de-us-18-bi-para-petrobras-petr4-em-2022/
2022-01-31,InfoMoney,credit suisse,"Petrobras (PETR3;PETR4): dados de reservas provadas foram muito positivos para estatal, diz Credit Suisse","Após seis anos de reservas estagnadas ou em declínio, a Petrobras reverteu a tendência com a maior adição de reservas em um ano em sua história",Positive,foram muito positiv,Positive,True,,,https://www.infomoney.com.br/mercados/petrobras-petr3petr4-dados-de-reservas-provadas-foram-muito-positivos-para-estatal-diz-credit-suisse/
2022-02-18,MoneyTimes,bank of america,"Petrobras (PETR4): Bank of America eleva preço-alvo, à espera de 4T21 forte","O Bank of America (BofA) elevou o preço-alvo das ADRs (American Depositary Receipts, recibo de ação de uma empresa estrangeira negociada nos Estados Unidos) da companhia de US$ 14,50 (R$ 40,50 por ação) para US$ 16,50 (R$ 46,50 por ação), acompanhando estimativas maiores. Analistas ajustaram as projeções para o quarto trimestre de 2021 após a […]",Positive,eleva preço-alvo,Positive,True,,,https://www.moneytimes.com.br/petrobras-petr4-bank-of-america-eleva-preco-alvo-a-espera-de-4t21-forte/
2022-03-14,MoneyTimes,btg,"Petrobras (PETR4), Azul (AZUL4) e outras ações para vender nesta segunda, segundo Ágora e BTG","Se o BTG Pactual (BPAC11) e a Ágora Investimentos indicaram a Weg (WEGE3) como parte das ações recomendadas para esta segunda-feira (14), outras ações bastante conhecidas figuram a lista de venda para o investidor. Entre elas estão Petrobras (PETR4) e Azul (AZUL4). Ambas corretoras divulgaram suas recomendações de venda para o dia. As ações sugeridas […]",Negative,recomendações de venda,Neutral,False,,,https://www.moneytimes.com.br/petrobras-petr4-azul-azul4e-outras-acoes-para-vender-nesta-segunda-segundo-agora-e-btg/
2022-03-30,InfoMoney,xp,"Petrobras (PETR3;PETR4): por valuation e dividendo, XP eleva preço-alvo para ações e mantém recomendação de compra","Analistas revisaram estimativas, mas destacaram no título do documento:  “quanto mais as coisas mudam, mais elas permanecem as mesmas”",Positive,eleva preço-alvo,Positive,True,,,https://www.infomoney.com.br/mercados/petrobras-petr3petr4-por-valuation-e-dividendo-xp-eleva-preco-alvo-para-acoes-e-mantem-recomendacao-de-compra/
2022-04-22,MoneyTimes,xp,"Itaúsa (ITSA4), Petrobras (PETR4) e mais ações que XP sugere comprar na próxima semana","A atualização da carteira Top Picks semanal da XP Investimentos marca a entrada de três novos ativos na composição. A corretora excluiu Bradesco (BBDC4), Marfrig (MRFG3) e Bradespar (BRAP4) do portfólio. No lugar, foram incluídas as ações de Itaúsa (ITSA4), Copel (CPLE6) e Raia Drogasil (RADL3), cada uma com peso igual de 20%. Ficaram apenas […]",Positive,top pick,Neutral,False,,,https://www.moneytimes.com.br/itausa-itsa4-petrobras-petr4-e-mais-acoes-que-xp-sugere-comprar-na-proxima-semana/
2022-05-04,MoneyTimes,itaú bba,"Petrobras (PETR4) e os destaques em óleo e gás no 1T22, segundo Itaú BBA","O Itaú BBA calcula resultados fortes para as empresas de óleo e gás no 1T22, com destaque positivo para a Petrobras (PETR4), a 3R Petroleum (RRRP3) e a PetroRecôncavo (RECV3). Segundo o banco, o setor se beneficia dos preços do petróleo mais altos no trimestre e margens ainda fortes no segmento de distribuição de combustíveis. […]",Positive,positivo para,Neutral,False,,,https://www.moneytimes.com.br/petrobras-petr4-e-os-destaques-em-oleo-e-gas-no-1t22-segundo-itau-bba/
2022-05-06,MoneyTimes,analistas,Petrobras (PETR4) sobe após balanço e mais dividendos; veja o que dizem analistas,"As ações Petrobras (PETR3;PETR4) sobem 2,5% nesta sexta-feira (6), a R$ 32,82, após a estatal divulgar lucro acima do esperado no primeiro trimestre, de R$ 43,3 bilhões, e com o CEO da companhia José Mauro Coelho, reiterando a política de preços de combustíveis.  Analistas seguem apontando o fator político como limitador para os preços dos […]",Positive,acima do esperado,Neutral,False,,,https://www.moneytimes.com.br/petrobras-petr4-sobe-dividendos-balanco-analise/
2022-05-19,MoneyTimes,analista,"Petrobras (PETR4): Com ou sem Brasília, dividendos serão grandes demais para ignorar, diz analista","A Ativa Investimentos elevou o preço-alvo da Petrobras (PETR3;PETR4) de R$ 38 para R$ 41 e manteve a recomendação de compra. De acordo com a corretora, mesmo com a efervescência política, os dividendos serão grandes demais para ignorar. “Sua capacidade de geração de caixa atual, a posição de dívida equalizada e a intenção em remunerar […]",Positive,elevou o preço-alvo,Negative,False,,,https://www.moneytimes.com.br/petrobras-petr4-com-ou-sem-brasilia-dividendos-serao-grande-demais-para-ignorar-diz-analista/
2022-06-22,MoneyTimes,bradesco bbi,"Petrobras (PETR4) vira recomendação cada vez mais arriscada, diz Bradesco BBI","O Bradesco BBI diz reconhecer que a recomendação de compra das ações da Petrobras (PETR4) tem se tornado cada vez mais arriscada. O comentário é feito em um momento em que a classe política avança sobre a política de preços da empresa, diante da forte alta dos combustíveis.  O BBI diz estar surpreso ao ver que […]",Positive,recomendação de compra,Neutral,False,,,https://www.moneytimes.com.br/petrobras-petr4-vira-recomendacao-cada-vez-mais-arriscada-diz-bradesco-bbi/
2022-06-24,InfoMoney,bradesco bbi,Petrobras (PETR4) sai da lista do Bradesco BBI de top picks do setor de petróleo e gás; Vibra (VBBR3) é a preferida,Fatores para mudança são perspectivas de  potencial estagflação nos Estados Unidos e volatilidade com eleição presidencial no Brasil,Positive,top pick,Neutral,False,,,https://www.infomoney.com.br/mercados/acao-petrobras-petr4-sai-lista-top-picks-bradesco-bbi-petroleo-gas-vibra-vbbr3-preferida/
2022-06-27,InfoMoney,itaú bba,Petrobras (PETR4): Itaú BBA reitera recomendação de compra e diz que pressão sobre política de preços já “alcançou pico”,Companhia deve surfar ainda preço do petróleo mais altos mas recuo da commodity no médio prazo deve diminuir a pressão política,Positive,recomendação de compra,Negative,False,,,https://www.infomoney.com.br/mercados/petrobras-petr4-itau-bba-reitera-recomendacao-de-compra-e-diz-que-pressao-sobre-politica-de-precos-ja-alcancou-pico/
2022-06-27,MoneyTimes,itaú bba,Itaú BBA retoma cobertura de Petrobras com ‘outperform’,"Analistas do Itaú BBA retomaram a cobertura de Petrobras (PETR3; PETR4) com recomendação ‘outperform’, com preço-alvo de 43 reais para as ações preferenciais e de 16,4 dólares para os ADRs. “Apesar de sermos sensíveis ao fluxo intenso de notícias sobre a empresa, ajustamos nossas lentes para focar nos fortes fundamentos da empresa e no sólido desempenho operacional”, […]",Positive,outperform,Positive,True,,,https://www.moneytimes.com.br/itau-bba-retoma-cobertura-de-petrobras-com-outperform/
2022-06-27,Exame,itaú bba,Itaú BBA (ITUB4) recomenda compra de ações da Petrobras (PETR3),"Segundo o Itaú BBA, uma possível mudança na política de preços da Petrobras pode ter impactos consideráveis sobre o balanço da empresa, mas é um cenário improvável",Positive,recomenda compra,Neutral,False,,,https://exame.com/invest/mercados/itau-bba-itub4-outperform-petrobras-petr3/
2022-07-21,MoneyTimes,santander,"Day Trade: Petrobras (PETR4), Santander (SANB11) e outras ações para vender hoje, segundo Ágora, BTG e PagBank","A Ágora Investimentos, o BTG Pactual e o PagBank indicaram a compra das ações da Magazine Luíza (MGLU3) para esta quinta-feira (21). No entanto, outras ações bastante conhecidas figuram a lista de vendas para o investidor, entre elas estão os ativos da Santander (SANB11) e Petrobras (PETR4). As corretoras divulgaram suas recomendações de venda para o […]",Negative,recomendações de venda,Neutral,False,,,https://www.moneytimes.com.br/day-trade-petrobras-petr4-santander-sanb11-e-outras-acoes-para-vender-hoje-segundo-agora-btg-e-pagbank/
2022-07-22,Exame,analistas,Petrobras (PETR3/PETR4): Credit aumenta preço-alvo e vê upside de 57% após prévia,Analistas avaliam que alta no Ebitda e no pagamento de dividendos torna empresa atrativa apesar dos riscos,Positive,aumenta preço-alvo,Positive,True,,,https://exame.com/invest/mercados/petrobras-petr3-petr4-credit-aumenta-preco-alvo-e-ve-upside-de-56-apos-previa/
2022-07-28,MoneyTimes,corretora,"Petrobras (PETR4): Dividendos pegam mercado de surpresa e ações disparam; “Muito acima da expectativa”, diz Ativa","A Petrobras (PETR4) pegou o mercado de surpresa ao anunciar dividendos de R$ 87 bilhões, segundo cálculos da Ativa, ou R$ 6,73 por ação. De acordo com a corretora, o valor ficou consideravelmente superior às expectativas. Após o anúncio, a ação da Petrobras ganhou fôlego e saltou mais de 3%, empurrando o Ibovespa. A ação […]",Positive,acima da expectativa,Negative,False,,,https://www.moneytimes.com.br/petrobras-petr4-dividendos-pegam-mercado-de-surpresa-e-acoes-disparam-muito-acima-da-expectativa-diz-ativa/
2022-07-29,MoneyTimes,s&p,Ibovespa (IBOV) avança com disparada de Petrobras (PETR4) e NY em alta,"O Ibovespa (IBOV) operava em alta nesta sexta-feira (29), repercutindo o resultado da Petrobras (PETR4), que divulgou números acima do esperado e anunciou o pagamento de dividendos. Por volta das 14h05, o principal índice da Bolsa brasileira subia 0,76%, aos 103,3 mil pontos. Em Wall Street, Nasdaq tinha alta de 1,31% e o S&P 500 avançava […]",Positive,acima do esperado,Positive,True,,,https://www.moneytimes.com.br/ibovespa-ibov-avanca-com-disparada-de-petrobras-petr4-e-ny-em-alta/
2022-08-02,InfoMoney,goldman sachs,Goldman Sachs prevê que Petrobras (PETR4) pagará mais US$ 13 bilhões em dividendos no 3º trimestre de 2022,"Banco elevou preço-alvo para ações da companhia, mantendo recomendação de compra para PETR3 e PETR4",Positive,elevou preço-alvo,Negative,False,,,https://www.infomoney.com.br/mercados/goldman-sachs-preve-que-petrobras-petr4-pagara-mais-us-13-bilhoes-em-dividendos-no-3o-trimestre-de-2022/
2022-08-02,MoneyTimes,btg,"Day Trade: Petrobras (PETR4), Banco do Brasil (BBAS3) e outras ações para vender hoje, segundo Ágora, BTG e PagBank","A Ágora Investimentos, o BTG Pactual e o PagBank indicaram a compra das ações da Taurus (TASA4) para esta terça-feira (2). No entanto, outras ações bastante conhecidas figuram a lista de vendas para o investidor, entre elas estão os ativos do Petrobras (PETR4) e Banco do Brasil (BBAS3). As corretoras divulgaram suas recomendações de venda para […]",Negative,recomendações de venda,Neutral,False,,,https://www.moneytimes.com.br/day-trade-petrobras-petr4-banco-do-brasil-bbas3-e-outras-acoes-para-vender-hoje-segundo-agora-btg-e-pagbank/
2022-08-08,MoneyTimes,analista,"Petrobras (PETR4) salta 5% e bate em R$ 36, maior cotação em 12 anos; “ação ainda está barata”, diz analista","As ações da Petrobras (PETR4) fecharam em alta de 5,05% na sessão desta segunda-feira, em dia marcado pela alta do petróleo. Com isso, as ações preferenciais terminaram o dia negociadas a R$ 36,63. Trata-se da maior cotação desde meados de junho 2010, quando a empresa alcançou os R$ 37. De acordo com Pedro Galdi, da […]",Positive,está barat,Positive,True,,,https://www.moneytimes.com.br/petrobras-petr4-salta-5-e-bate-em-r-36-maior-cotacao-em-12-anos-acao-ainda-esta-barata-diz-analista/
2022-08-29,MoneyTimes,analista,O céu é o limite? Petrobras (PETR4) sobe e analista crava: ainda está barata,"A Petrobras (PETR4) bateu em sua máxima histórica na sessão desta segunda-feira (29) embalada pela alta do petróleo. Apesar disso, as ações perderam fôlego no final da tarde: as preferenciais fecharam em alta de 2,5%, a R$ 34,48, enquanto as ordinárias (PETR3) subiram 2,16%, a R$ 38,27. Segundo Pedro Gaudi, da Mirae Asset, além da […]",Positive,está barat,Negative,False,,,https://www.moneytimes.com.br/o-ceu-e-o-limite-petrobras-petr4-dispara-renova-maximas-historicas-e-analista-crava-ainda-esta-barata/
2022-08-31,MoneyTimes,btg,"Day Trade: Petrobras (PETR4), Marfrig (MRFG3) e mais 6 ações para vender hoje e buscar até 3,25%","A Ágora Investimentos, o BTG Pactual e o PagBank indicaram a compra das ações da Usiminas (USIM5) para esta quarta-feira (31). No entanto, outras ações bastante conhecidas figuram a lista de vendas para o investidor, entre elas estão os ativos de Petrobras (PETR4) e Marfrig (MRFG3). As corretoras divulgaram suas recomendações de venda para o dia. […]",Negative,recomendações de venda,Neutral,False,,,https://www.moneytimes.com.br/day-trade-petrobras-petr4-marfrig-mrfg3-e-mais-6-acoes-para-vender-hoje-e-buscar-ate-325/
2022-09-13,MoneyTimes,btg,"Day Trade: Petrobras (PETR4) e mais 8 ações para vender nesta terça, segundo Ágora, BTG e PagBank","A Ágora Investimentos, o BTG Pactual e o PagBank indicaram a compra das ações do TG Pactual (BPAC11) para esta terça-feira (13). No entanto, outras ações bastante conhecidas figuram a lista de vendas, entre elas estão Petrobras (PETR4) e BB Seguridade (BBSE3). As corretoras divulgaram suas recomendações de venda para o dia. As ações sugeridas são […]",Negative,recomendações de venda,Neutral,False,,,https://www.moneytimes.com.br/day-trade-petrobras-petr4-e-mais-8-acoes-para-vender-nesta-terca-segundo-agora-btg-e-pagbank/
2022-09-19,MoneyTimes,credit suisse,Petrobras (PBR): Dividendos volumosos compensam risco eleitoral; Credit Suisse vê alta de 52% para ADR,"O Credit Suisse elevou o preço-alvo do ADR (American Depositary Receipt) da Petrobras (PBR), de US$ 18 para US$ 20, e reiterou sua recomendação de “outperform” (desempenho esperado acima da média do mercado, equivalente a “compra”). O novo preço-alvo para o ADR implica um potencial de valorização de 52,6% em relação à cotação do último […]",Positive,elevou o preço-alvo,Negative,False,,,https://www.moneytimes.com.br/petrobras-pbr-dividendos-volumosos-compensam-risco-eleitoral-credit-suisse-ve-alta-de-52-para-adr/
2022-10-25,MoneyTimes,btg,Petrobras (PETR4): A recomendação do BTG faltando 5 dias para o 2º turno das eleições,"A cinco dias do segundo turno das eleições de 2022, o BTG Pactual fala em “cautela redobrada” sobre as ações da Petrobras (PETR4). O banco segue com recomendação “neutra” para os papéis. “O potencial de alta e baixa são significativos, e o índice de Sharpe implícito [relação risco e retorno] não é atraente”, diz trecho […]",Positive,potencial de alta,Neutral,False,,,https://www.moneytimes.com.br/petrobras-petr4-a-recomendacao-do-btg-faltando-5-dias-para-o-2o-turno-das-eleicoes/
2022-11-04,MoneyTimes,analistas,Temor com PETR4 no governo Lula? Petroleira júnior está barata e atrai analistas,"A Petrobras (PETR3;PETR4) encerra a semana com um tombo de mais de 12%. A queda ocorre após a confirmação da vitória do ex-presidente Luiz Inácio Lula da Silva (PT). Parte do mercado vê na vitória do ex-presidente a descontinuidade da política de paridade de preços (PPI) e do desinvestimento em refinarias, fatores que sustentaram a […]",Positive,está barat,Negative,False,,,https://www.moneytimes.com.br/temor-com-petr4-no-governo-lula-petroleira-junior-esta-barata-e-atrai-analistas/
2022-11-04,MoneyTimes,goldman sachs,Petrobras (PETR4): Goldman Sachs rebaixa recomendação por incertezas políticas nos próximos anos,"O Goldman Sachs rebaixou a recomendação para as ações da Petrobras (PETR3; PETR4) de “compra” para “neutro”, devido ao aumento da incerteza em torno das políticas a serem adotadas nos próximos anos. Segundo Bruno Amorim e equipe do Goldman, os pagamentos de dividendos têm sido um foco dos investidores. Entretanto, o presidente eleito, Lula (PT), e outros […]",Negative,rebaixa recomendaç,Negative,True,,,https://www.moneytimes.com.br/petrobras-petr4-goldman-sachs-rebaixa-recomendacao-por-incertezas-politicas-nos-proximos-anos/
2022-11-26,MoneyTimes,órama,"Petrobras (PETR4) e PRIO (PRIO3): Uma ação para comprar e outra para vender, segundo Órama","O momento é de comprar a ação da PRIO (PRIO3) e vender o papel da Petrobras (PETR4), avalia a Órama Investimentos. Em relatório publicado na semana, a corretora explica que a recomendação de venda (short) para as ações de Petrobras e compra (long) em PRIO se deve a um ajuste para considerar o pagamento de […]",Negative,recomendação de venda,Neutral,False,,,https://www.moneytimes.com.br/petrobras-petr4-e-prio-prio3-uma-acao-para-comprar-e-outra-para-vender-segundo-orama/
2022-12-11,MoneyTimes,jpmorgan,Veja quantos bilhões de dólares a Petrobras (PETR4) pode pagar de dividendos em 2023,"O JPMorgan calcula que a Petrobras (PETR4) irá gerar um caixa de US$ 17 bilhões em 2023, ou rendimento de dividendos de 23%. Trata-se de uma redução de 54% ante os US$ 37 bilhões desde ano, mas ainda grande comparado com outras companhias. Mesmo com a cifra, o JP não recomenda compra em Petrobras, com […]",Positive,recomenda compra,Neutral,False,,,https://www.moneytimes.com.br/veja-quantos-bilhoes-de-dolares-a-petrobras-petr4-pode-pagar-de-dividendos-em-2023/
2022-12-13,MoneyTimes,bradesco bbi,Petrobras (PETR4): Bradesco BBI faz corte drástico em preço-alvo,"O Bradesco BBI rebaixou nesta terça-feira (13) as ações da Petrobras (PETR4) para “underperform” – equivalente à venda – e reduziu o preço-alvo ao final de 2023, de R$ 53 (US$ 20/ADR) para R$ 26 (US$ 10/ADR). O banco cita entre os motivos para a avaliação o fluxo de notícias “cada vez mais negativo” e […]",Negative,reduziu o preço-alvo,Negative,True,,,https://www.moneytimes.com.br/petrobras-petr4-bradesco-bbi-faz-corte-drastico-em-preco-alvo/
2023-01-06,InfoMoney,analista,"Petrobras (PETR4): Morgan eleva preço-alvo de ADR, mas segue cautela ao ver mudança em dividendos apenas como questão de tempo","“A política de dividendos está entre as mudanças mais fáceis de serem implementadas por uma nova equipe de gestão”, aponta o analista do banco",Positive,eleva preço-alvo,Neutral,False,,,https://www.infomoney.com.br/mercados/petrobras-petr4-morgan-eleva-preco-alvo-adr-cautela-continua-politica-dividendos-primeira-mudar/
2023-01-27,MoneyTimes,btg,"Petrobras (PETR4): Ação não está barata em ‘muitos cenários prováveis’, diz BTG","As ações da Petrobras (PETR4) não estão “baratas o suficiente”, apesar do suporte que os dividendos (ainda que menores) poderiam oferecer para a tese da estatal, avalia o BTG Pactual. O banco reiterou a classificação “neutro” para as ações, com preço-alvo de R$ 35,70, após a aprovação de Jean Paul Prates pelo conselho de administração […]",Positive,está barat,Neutral,False,,,https://www.moneytimes.com.br/petrobras-petr4-acao-nao-esta-barata-em-muitos-cenarios-provaveis-diz-btg/
2023-03-06,MoneyTimes,corretora,"Petrobras (PETR4) e outras 4 ações para superar o Ibovespa nesta semana, segundo a MyCap","A carteira recomendada semanal de ações da MyCap não passou por alterações. A corretora segue recomendando a compra dos papéis de Randon (RAPT4), WEG (WEGE3), Movida (MOVI3), Minerva (BEEF3) e Petrobras (PETR4). Na última semana, a carteira ficou do lado negativo, em recuo de 1,15%, enquanto o índice Ibovespa (IBOV) também teve desvalorização, de 1,83%. […]",Positive,recomendando a compra,Positive,True,,,https://www.moneytimes.com.br/petrobras-petr4-e-outras-4-acoes-para-superar-o-ibovespa-nesta-semana-segundo-a-mycap/
2023-03-13,InfoMoney,itaú bba,Petrobras (PETR4): Itaú BBA e Genial cortam preço-alvo e mantêm visão cautelosa para ações após últimos desdobramentos,"Redução foi motivada por um maior custo de capital, expectativa de queda nos preços do petróleo, alteração da política de dividendos, entre outros fatores",Negative,cortam preço-alvo,Negative,True,,,https://www.infomoney.com.br/mercados/petrobras-petr4-itau-bba-e-genial-cortam-preco-alvo-e-mantem-visao-cautelosa-para-acoes-apos-ultimos-desdobramentos/
2023-04-25,InfoMoney,analistas,Petrobras (PETR4) quer voltar para distribuição e retomar marca BR da Vibra (VBBR3): o que isso sinaliza para as ações?,"Analistas do Goldman Sachs apontam que notícia é negativa para Vibra, dada importância da marca, enquanto indica maior capex da Petrobras",Negative,é negativ,Neutral,False,,,https://www.infomoney.com.br/mercados/petrobras-petr4-quer-voltar-para-distribuicao-combustiveis-e-retomar-marca-br-da-vibra-vbbr3-o-que-isso-sinaliza-para-as-acoes/
2023-05-04,InfoMoney,analistas,Petrobras (PETR4): dados de produção e vendas trazem sinais positivos para 1º tri e analistas fazem projeções para dividendos,Analistas especulam se haverá manutenção da política de dividendo e destacam surpresa positiva com vendas,Positive,positivos para,Positive,True,,,https://www.infomoney.com.br/mercados/petrobras-petr4-dados-de-producao-e-vendas-trazem-sinais-positivos-para-1o-tri-e-analistas-fazem-projecoes-para-dividendos/
2023-05-17,InfoMoney,suno,"Petrobras: política de preço “equivocada” não dura, diz CIO – que manterá ação na carteira","Para Vitor Duarte, da Suno Asset, papel está barato considerando o grande fluxo de caixa livre e a eficiência operacional da Petrobras",Positive,está barat,Negative,False,,,https://www.infomoney.com.br/onde-investir/petrobras-politica-de-preco-equivocada-nao-dura-diz-cio-que-mantera-acao-na-carteira/
2023-05-26,InfoMoney,ubs,"Petrobras (PETR4): por que o UBS BB elevou preço-alvo, mas manteve recomendação de venda para as ações da estatal","Últimos desdobramentos não foram tão ruins quanto se esperava, apontam analistas, mas muitas incertezas (agora sobre dividendos) seguem no radar",Positive,elevou preço-alvo,Neutral,False,,,https://www.infomoney.com.br/mercados/petrobras-petr4-por-que-o-ubs-bb-elevou-preco-alvo-mas-manteve-recomendacao-de-venda-para-as-acoes-da-estatal/
2023-06-12,Exame,jpmorgan,JPMorgan eleva recomendação da Petrobras e destaca pagamento de dividendos,"Em relatório publicado nesta segunda-feira, o JPMorgan elevou a recomendação de Petrobras de neutra para compra",Positive,eleva recomendaç,Neutral,False,,,https://exame.com/invest/mercados/jp-morgan-eleva-recomendacao-da-petrobras-e-destaca-pagamento-de-dividendos/
2023-06-12,InfoMoney,jpmorgan,Petrobras (PETR4): JPMorgan eleva recomendação de ações para compra e vê três pilares da estatal “no lugar”,"Após Morgan Stanley, agora foi a vez do JPMorgan revisar recomendação para a estatal petroleira para uma visão mais positiva",Positive,eleva recomendaç,Neutral,False,,,https://www.infomoney.com.br/mercados/petrobras-petr4-jpmorgan-eleva-recomendacao-de-acoes-para-compra-e-ve-tres-pilares-da-estatal-no-lugar/
2023-06-20,MoneyTimes,jpmorgan,Petrobras (PETR4): Mais um bancão gringo recomenda compra e vê ‘risco Lula’ menor,"Dias após o JPMorgan elevar a Petrobras (PETR4) para compra, agora é a vez do Goldman Sachs coroar o bom momento da estatal. Em documento enviado a clientes nesta terça-feira (20), o bancão mudou a recomendação de neutra para compra, com preço-alvo para as ações preferenciais de R$ 41, potencial de ganhos de 34%, e de […]",Positive,recomenda compra,Neutral,False,,,https://www.moneytimes.com.br/petrobras-petr4-mais-um-bancao-gringo-recomenda-compra-veja-3-pontos-de-otimismo/
2023-06-20,Exame,jpmorgan,"Otimismo com a Petrobras: depois de JPMorgan, Goldman Sachs recomenda compra da ação","Banco destacou a política de dividendos e a de preços, além da alocação de investimentos",Positive,recomenda compra,Neutral,False,,,https://exame.com/invest/mercados/otimismo-com-a-petrobras-depois-de-jpmorgan-goldman-sachs-recomenda-compra-da-acao/
2023-06-20,InfoMoney,analistas,Petrobras (PETR4): investidores nos EUA estão positivos com ações da estatal por 4 motivos – mas há um ponto de preocupação,"Após conversas com investidores dos EUA, analistas do BBI destacaram sentimento positivo com estatal, mas há grandes questões sobre capex",Positive,estão positiv,Positive,True,,,https://www.infomoney.com.br/mercados/petrobras-petr4-investidores-nos-eua-estao-positivos-com-acoes-da-estatal-por-4-motivos-mas-ha-um-ponto-de-preocupacao/
2023-06-26,MoneyTimes,xp,"PETR4, PRIO3, RECV3 e RRRP3: O que esperar das petroleiras e qual é a melhor para investir, segundo XP","A XP Investimentos atualizou suas estimativas para o setor de óleo e gás com recomendação de compra para todas as companhias do setor sob sua cobertura, sendo elas a Petrobras (PETR4) e as júniores Prio (PRIO3), PetroRecôncavo (RECV3) e 3R Petroleum (RRRP3). Analistas da casa de análise chamam atenção para as petroleiras júniores, que foram atingidas por fatores […]",Positive,recomendação de compra,Neutral,False,,,https://www.moneytimes.com.br/petr4-prio3-recv3-e-rrrp3-o-que-esperar-das-petroleiras-e-qual-e-a-melhor-para-investir-segundo-xp/
2023-06-26,InfoMoney,xp,"XP eleva preço-alvo de ação da Petrobras (PETR4), mas reitera PRIO (PRIO3) como preferida após rali da estatal","“Acreditamos que é hora de um retorno para as juniores, já que a Petrobras se aproxima de sua máxima de cinco anos”, aponta a XP",Positive,eleva preço-alvo,Positive,True,,,https://www.infomoney.com.br/mercados/xp-eleva-preco-alvo-de-acao-da-petrobras-petr4-mas-reitera-prio-prio3-como-preferida-apos-rali-da-estatal/
2023-07-14,InfoMoney,analistas,"Goldman recomenda compra para Petrobras (PETR4) tendo dividendo entre os temas, mas vê outra petroleira se destacar no 2º semestre","Analistas veem colombiana Ecopetrol como maior petroleira pagadora na 2ª metade do ano na AL, mas têm recomendação neutra para essas ações",Positive,recomenda compra,Neutral,False,,,https://www.infomoney.com.br/mercados/goldman-recomenda-compra-para-petrobras-petr4-tendo-dividendo-entre-os-temas-mas-ve-outra-petroleira-se-destacar-no-2o-semestre/
2023-07-29,Exame,fitch,Fitch eleva ratings de Petrobras e várias empresas brasileiras após melhora em nota soberana,"Segundo a agência de avaliação de risco, a mudança foi motivada pelo desempenho macroeconômico e fiscal do soberano brasileiro melhor do que o esperado em meio aos choques, assim como ""políticas proativas e reformas""",Positive,eleva rating,Positive,True,,,https://exame.com/invest/mercados/fitch-eleva-ratings-de-petrobras-e-varias-empresas-brasileiras-apos-melhora-em-nota-soberana/
2023-07-29,InfoMoney,fitch,Fitch eleva ratings de Petrobras (PETR4) e várias empresas brasileiras após melhora em nota soberana; veja a lista,"Segundo a agência, a mudança foi motivada pelo desempenho macroeconômico e fiscal do soberano brasileiro melhor do que o esperado",Positive,eleva rating,Positive,True,,,https://www.infomoney.com.br/mercados/fitch-eleva-ratings-de-petrobras-petr4-e-varias-empresas-brasileiras-apos-melhora-em-nota-soberana-veja-a-lista/
2023-07-30,MoneyTimes,bb investimentos,"Tendência de alta? Petrobras (PETR4), Copom e outros pontos de atenção para o Ibovespa nos próximos dias","O Ibovespa fechou a última semana praticamente no zero a zero, tendo apresentado um leve recuo de 0,02% – sinal de que o mercado está cauteloso no curto prazo, na avaliação do BB Investimentos. Além do balanço decepcionante de Vale (VALE3), o mercado repercutiu dados de produção e vendas da Petrobras (PETR4) e a nova […]",Negative,decepcion,Neutral,False,,,https://www.moneytimes.com.br/tendencia-de-alta-petrobras-petr4-copom-e-outros-pontos-de-atencao-para-o-ibovespa-nos-proximos-dias/
2023-07-31,MoneyTimes,xp,Petrobras (PETR4): A nova estimativa da XP para os dividendos,"A XP Investimentos aumentou a estimativa para os dividendos da Petrobras (PETR4) relativos ao segundo trimestre de 2023, de US$ 2,5 bilhões para 2,8 bilhões (R$ 1/ação ou 3,5% yield sobre PETR4). Na sexta, a estatal anunciou a redução do percentual de FCO menos Capex a ser devolvido aos acionistas, de 60% para 45%.   A […]",Positive,aumentou a estimativ,Neutral,False,,,https://www.moneytimes.com.br/petrobras-petr4-a-nova-estimativa-da-xp-para-os-dividendos-e-um-novo-ponto-de-atencao/
2023-08-04,MoneyTimes,bradesco bbi,Petrobras (PETR4): O novo preço-alvo do Bradesco BBI após 2T23 e dividendos,"O Bradesco BBI elevou o preço-alvo para as ações da Petrobras (PETR4), de R$ 26 para R$ 38 ao final de 2024, após o anúncio de US$ 28 bilhões de lucro no segundo trimestre e o pagamento de US$ 3 bilhões em dividendos. A recomendação, no entanto, segue neutra. A ação da estatal é negociada […]",Positive,elevou o preço-alvo,Neutral,False,,,https://www.moneytimes.com.br/petrobras-petr4-o-novo-preco-alvo-do-bradesco-bbi-apos-2t23-e-dividendos/
2023-08-15,InfoMoney,analistas,Reajustes da Petrobras acima do esperado levam projeções do IPCA de 2023 para acima de 5%,"Maior parte dos analistas veem inflação de 2023 em 5,1%; mediana da projeção no Boletim Focus está em 4,84% há duas semanas",Positive,acima do esperado,Negative,False,,,https://www.infomoney.com.br/economia/reajustes-da-petrobras-acima-do-esperado-levam-projecoes-do-ipca-de-2023-para-acima-de-5/
2023-08-16,MoneyTimes,analistas,"Petrobras (PETR4): Alta dos combustíveis deve abastecer dividendos e pode levar a salto de 40% das ações, diz BBI","Analistas do Bradesco BBI passaram a ver a ação da Petrobras (PETR4) atrativa para compra. A casa elevou a recomendação dos papéis da estatal, com um preço-alvo de R$ 38, de olho no alto potencial de retorno após acontecimentos recentes. A mudança de rating ocorre após o anúncio de reajuste dos preços da gasolina e do […]",Positive,elevou a recomendaç,Negative,False,,,https://www.moneytimes.com.br/petrobras-petr4-alta-dos-combustiveis-deve-abastecer-dividendos-e-pode-levar-a-salto-de-40-das-acoes-diz-bbi/
2023-08-17,MoneyTimes,xp,"Petrobras (PETR4) ou petroleiras júniores? Saiba qual é o melhor investimento após o 2T23, segundo XP","Passada a safra de resultados do segundo trimestre do ano, as corretoras começaram a fazer o saldo da temporada. Segundo a XP Investimentos, dentro do setor de óleo e gás, uma empresa conseguiu reportar números acima do esperado – e não foi a Petrobras (PETR4). A estatal, inclusive, apresentou um balanço que veio ligeiramente menor […]",Positive,acima do esperado,Neutral,False,,,https://www.moneytimes.com.br/petrobras-petr4-ou-petroleiras-juniores-saiba-qual-e-o-melhor-investimento-apos-o-2t23-segundo-xp/
2023-08-23,MoneyTimes,bank of america,"Petrobras (PETR4) agora é compra, diz BofA, que prevê alta de 40%","O Bank of America (BofA) elevou a recomendação para a Petrobras (PETR4), de neutro para compra, a um preço-alvo de R$ 45 (ante R$ 33) – o que implica um potencial de alta de cerca de 40%. Mais cedo, o BTG Pactual também alterou a recomendação da Petrobras para compra, a um preço-alvo de US$ […]",Positive,elevou a recomendaç,Positive,True,,,https://www.moneytimes.com.br/petrobras-bofa-eleva-compra-23082023/
2023-08-23,MoneyTimes,btg,Por que comprar Petrobras (PETR4)? BTG vê dividendos de US$ 11 bi e mais 2 motivos,"O BTG Pactual elevou a recomendação de Petrobras (PETR3; PETR4) de neutra para compra e reiterou o preço-alvo de US$ 16 para as ADRs. Na análise do banco, o papel tem potencial pagar entregar retorno de 50% nos próximos 12 meses, uma vez que os riscos associados à estatal agora são menores. Os analistas Pedro Soares […]",Positive,elevou a recomendaç,Neutral,False,,,https://www.moneytimes.com.br/por-que-comprar-petrobras-petr4-btg-ve-dividendos-de-us-11-bi-e-mais-2-porques/
2023-08-23,Exame,btg,Virada na Petrobras: ação sobe quase 6% após BTG e BofA recomendarem compra,Decisão de aumentar o preço dos combustíveis na semana passada pesou na mudança; preço do petróleo e dividendos também estão no radar,Positive,recomendarem compra,Positive,True,,,https://exame.com/invest/onde-investir/virada-na-petrobras-acao-sobe-5-apos-btg-e-bofa-recomendarem-compra/
2023-08-23,InfoMoney,btg,“Agora é compra”: Petrobras (PETR4) ignora petróleo e salta mais de 5% na Bolsa com dois bancos elevando recomendação para ações,"Reajuste de combustíveis da semana passada foi o grande catalisador para BTG elevar recomendação, enquanto BofA aponta dividendos",Positive,elevando recomendaç,Negative,False,,,https://www.infomoney.com.br/mercados/petrobras-petr4-agora-e-compra-acoes-estatal-ignora-petroleo-e-salta-na-bolsa-com-dois-bancos-elevando-recomendacao/
2023-08-24,MoneyTimes,ubs,"Petrobras (PETR4): A virada de chave que pode destravar dividendos bilionários, segundo UBS BB","O UBS BB elevou a recomendação de Petrobras (PETR3; PETR4) de neutra para compra, além de atualizar o preço-alvo de R$31 para R$ 42 — o que implica potenciais altas de até 30%. Os analistas esperam que a combinação de melhores governança e lucratividade se traduza em retornos contínuos aos acionistas. Luiz Carvalho e a […]",Positive,elevou a recomendaç,Neutral,False,,,https://www.moneytimes.com.br/petrobras-petr4-a-virada-de-chave-que-pode-desbloquear-dividendos-bilionarios-segundo-ubs-bb/
2023-09-05,InfoMoney,citi,"Petrobras (PETR4): Fim de venda de ativos e possível recompra de refinaria seriam negativas para tese da estatal, diz Citi","Petroleira anunciou ontem a desistência de vendas de diversos polos, enquanto notícias apontam que a empresa estuda recompra da refinaria de Mataripe",Negative,negativas para,Negative,True,,,https://www.infomoney.com.br/mercados/petrobras-petr4-fim-de-venda-de-ativos-e-possivel-recompra-de-refinaria-seriam-negativas-para-tese-da-estatal-diz-citi/
2023-09-21,InfoMoney,jefferies,Petrobras (PETR4): Jefferies inicia cobertura para ação com recomendação de compra e destaca pré-sal e governança,Relatório destaca possibilidades de crescimento da estatal com exploração de pre-sal e vê positivamente governança na companhia,Positive,recomendação de compra,Neutral,False,,,https://www.infomoney.com.br/mercados/petrobras-petr4-jefferies-inicia-cobertura-para-acao-com-recomendacao-de-compra-e-destaca-pre-sal-e-governanca/
2023-10-06,InfoMoney,analistas,Petrobras (PETR4): Goldman projeta Ebitda 20% acima do consenso de mercado no 3º tri e reforça compra para ações,"Banco, contudo, também reforçou preferência pela PRIO no setor; para analistas, mercado não precificou alta do petróleo no 3º tri nas ações",Positive,acima do consenso,Positive,True,,,https://www.infomoney.com.br/mercados/petrobras-petr4-goldman-projeta-ebitda-20-acima-do-consenso-de-mercado-no-3o-tri-e-reforca-compra-para-acoes/
2023-10-09,MoneyTimes,itaú bba,"Petrobras (PETR4): Dividendos extraordinários podem subir no telhado, vê Itaú","O Itaú BBA revisou o preço-alvo da Petrobras (PETR4) para R$ 38, antes em R$ 34, até 2024, mas manteve a recomendação de neutralidade para o papel. No documento assinado por Monique Greco, Érico de Mello e Bruna Amorim, os analistas admitem que os riscos da empresa diminuíram. “Os anúncios das novas políticas de preços […]",Neutral,recomendação de neutr,Negative,False,,,https://www.moneytimes.com.br/petrobras-petr4-dividendos-extraordinarios-podem-subir-no-telhado-ve-itau/
2023-10-09,InfoMoney,ubs,Vale (VALE3) e Petrobras (PETR4) têm projeções revisadas por bancos; confira as mudanças,"Vale teve recomendação elevada pelo UBS para neutra, enquanto Petrobras teve preço-alvo elevado pelo Itaú BBA, com recomendação neutra",Neutral,recomendação neutr,Neutral,True,,,https://www.infomoney.com.br/mercados/vale-vale3-e-petrobras-petr4-tem-projecoes-revisadas-por-bancos-confira-as-mudancas/
2023-11-28,MoneyTimes,genial,"Petrobras (PETR4): Após ‘dia mais importante do ano’, como ficam as ações?","A Petrobras (PETR4) chegou a acalmar recentemente o ânimo dos investidores quanto ao novo plano estratégico divulgado para os próximos cinco anos, considerado pela Genial Investimentos o “dia mais importante do ano” para a companhia. No entanto, analistas da corretora ainda estão céticos com uma recomendação de compra. A Petrobras aprovou, em reunião do conselho […]",Positive,recomendação de compra,Neutral,False,,,https://www.moneytimes.com.br/petrobras-petr4-apos-dia-mais-importante-do-ano-como-ficam-as-acoes/
2024-01-08,InfoMoney,analistas,"Petrobras (PETR4): após “ano estelar” em 2023 contrariando projeções, 2024 será positivo para ações?","Analistas seguem vendo tese de investimentos como atrativa, mas destacam outras preferências no setor",Positive,positivo para,Neutral,False,,,https://www.infomoney.com.br/mercados/petrobras-petr4-apos-ano-estelar-em-2023-contrariando-projecoes-2024-sera-positivo-para-acoes/
2024-02-15,InfoMoney,analistas,"Petrobras (PETR4): BBI eleva preço-alvo, reitera compra e vê retorno total ainda muito elevado",Analistas do banco elevaram preço-alvo de R$ 38 para R$ 48 para ação PN e destacam tese ainda poderosa,Positive,eleva preço-alvo,Positive,True,,,https://www.infomoney.com.br/mercados/petrobras-petr4-bbi-eleva-preco-alvo-reitera-compra-e-ve-retorno-total-ainda-muito-elevado/
2024-03-05,MoneyTimes,xp,"Petrobras (PETR4), Prio (PRIO3), 3R Petroleum (RRRP3) ou PetroReconcavo (RECV3): Veja qual é a petrolífera favorita da XP","Em relatório da XP Investimentos, publicado nesta segunda-feira (4), os analistas André Vidal e Helena Kelm atualizaram os modelos e preços-alvo para as empresas petrolíferas. Petrobras (PETR4), PRIO (PRIO3), PetroReconcavo (RECV3) e 3R Petroleum (RRRP3) se mantêm como recomendações de compra, com destaque para PRIO. “Nesta atualização, incorporamos um novo cenário macro (preços mais altos […]",Positive,recomendações de compra,Neutral,False,,,https://www.moneytimes.com.br/prio-e-a-principal-recomendacao-de-analistas-da-xp-investimentos/
2024-03-08,MoneyTimes,btg,Petrobras (PETR4): queda de 10% é oportunidade? BTG mantém recomendação de compra no papel,BTG acredita que forte geração de caixa em 2024 é argumento para manter classificação de compra em Petrobras (PETR4).,Positive,recomendação de compra,Negative,False,,,https://www.moneytimes.com.br/petrobras-petr4-queda-de-10-e-oportunidade-btg-mantem-recomendacao-de-compra-no-papel-lbrdfa435/
2024-03-08,Exame,btg,"Por que o BTG recomenda comprar Petrobras (PETR4), mesmo sem os dividendos extraordinários","Banco avalia que mercado ainda revisará para cima os lucros da companhia; ""classificação de compra não depende apenas da capacidade de pagar dividendos extras""",Positive,recomenda compra,Neutral,False,,,https://exame.com/invest/mercados/por-que-o-btg-recomenda-comprar-petrobras-petr4-mesmo-sem-os-dividendos-extraordinarios/
2024-03-22,Exame,itaú bba,"Para além dos dividendos: de olho na produção da Petrobras, Itaú BBA vê upside de 20% em ações PETR4","O banco elevou o preço-alvo de R$ 38 para R$ 43, mas manteve a recomendação neutra para PETR4",Positive,elevou o preço-alvo,Positive,True,,,https://exame.com/invest/mercados/para-alem-dos-dividendos-de-olho-na-producao-da-petrobras-itau-bba-ve-upside-de-20-em-acoes-petr4/
2024-03-22,InfoMoney,analistas,Petrobras sem dividendo extra? BBA vê outro gatilho positivo e eleva preço-alvo,"Produção é outro fator-chave, apontam analistas do banco, que pode ser maior do que a companhia espera; contudo, recomendação segue neutra para os papéis",Positive,eleva preço-alvo,Neutral,False,,,https://www.infomoney.com.br/mercados/petrobras-sem-dividendo-extra-bba-ve-outro-gatilho-positivo-e-eleva-preco-alvo/
2024-04-05,Exame,casa de análise,Nem PETR4 nem ITUB4: veja 4 ações que podem dobrar em até 18 meses,"Casa de análise recomenda comprar 4 ações fora do radar, que estão baratas e podem dobrar o dinheiro investido nos próximos 18 meses",Positive,recomenda compra,Neutral,False,,,https://exame.com/invest/onde-investir/nem-petr4-nem-itub4-veja-4-acoes-que-podem-dobrar-em-ate-18-meses/
2024-04-09,MoneyTimes,analistas,Desbancou a Petrobras (PETR4): Esta petroleira foi a queridinha de 12 analistas para abril; confira,"Desbancando o furacão do mercado atualmente, Petrobras (PETR4), a Prio (PRIO3) virou a petroleira preferida dos analistas para investir em abril, mostra o levantamento do Money Times, com carteiras de 21 bancos, corretoras e casas de análise. No mês, a ação foi de longe a campeã, recebendo 12 recomendações. Em sequência, aparecem a Petrobras, com nove […]",Positive,preferida,Neutral,False,,,https://www.moneytimes.com.br/desbancou-a-petrobras-petr4-esta-petroleira-foi-a-queridinha-de-12-analistas-para-abril-confira/
2024-04-12,MoneyTimes,analista,"Petrobras (PETR4): Após a tempestade, vem o sol? Analista vê bom ponto de entrada e dividendos generosos pela frente","A Petrobras (PETR3;PETR4) passou essa semana sob os holofotes, com o comando da companhia, pagamento de dividendos extraordinários e suspensão de conselheiro no radar dos investidores. Há ainda o avanço do petróleo, que a empresa não acompanhou. Desde a divulgação do balanço do último trimestre de 2023 e o anúncio da retenção dos dividendos, no […]",Positive,bom ponto de entrada,Neutral,False,,,https://www.moneytimes.com.br/petrobras-petr4-apos-a-tempestade-vem-o-sol-analista-ve-bom-de-entrada-e-dividendos-generosos-pela-frente/
2024-04-22,MoneyTimes,analistas,"Comprar ou não Petrobras (PETR4)? Analistas estão otimistas após sinal verde para dividendos, mas não é só isso; entenda","Após um primeiro trimestre barulhento para a Petrobras (PETR3; PETR4), os analistas veem a poeira baixar, com os eventos se tornando mais positivos para a tese de investimento da estatal. Na semana passada, o Conselho de Administração da petroleira aprovou a distribuição de 50% dos dividendos extraordinários e o presidente Lula também já deu o aval. Os […]",Positive,positivos para,Neutral,False,,,https://www.moneytimes.com.br/comprar-ou-nao-petrobras-petr4-analistas-estao-otimistas-apos-sinal-verde-para-dividendos-extraordinarios-mas-nao-e-so-isso-entenda/
2024-04-29,Poder360,bb investimentos,BB Investimentos revisa para cima preço-alvo de ações da Petrobras,Instituição reforça a visão positiva e a recomendação de compra para o papel; projeção é que o valor passe de R$ 42 para R$ 47 no fim de 2024,Positive,são positiv,Negative,False,,,https://www.poder360.com.br/economia/bb-investimentos-revisa-para-cima-preco-alvo-de-acoes-da-petrobras/
2024-05-08,MoneyTimes,analistas,Caos da Petrobras (PETR4) impactou opinião do mercado? Confira a petroleira favorita de 12 analistas para investir em maio,"Mesmo após um período caótico no mês de abril, a Petrobras (PETR4) não registrou queda em recomendações. Em maio, teve o primeiro lugar e se tornou a petroleira preferida dos analistas, mostra o levantamento do Money Times, com carteiras de 17 bancos, corretoras e casas de análise. No mês, a ação foi de longe a […]",Positive,preferida,Negative,False,,,https://www.moneytimes.com.br/caos-da-petrobras-petr4-impactou-opiniao-do-mercado-confira-a-petroleira-favorita-de-12-analistas-para-investir-em-maio/
2024-05-08,MoneyTimes,analistas,Dividendos: Petrobras (PETR4) divide holofote com outra estatal como preferida de 19 analistas para buscar lucros; confira,"Após ficar nos holofotes justamente por conta de seus dividendos extraordinários, a Petrobras (PETR4) está entre as mais indicadas para investir em maio e buscar lucros, empatada com Banco do Brasil (BBAS3), ambas com 12 indicações. É o que mostra o levantamento do Money Times que mapeou as carteiras recomendadas de dividendos de 19 corretoras e […]",Positive,preferida,Neutral,False,,,https://www.moneytimes.com.br/dividendos-petrobras-petr4-divide-holofote-com-outra-estatal-como-preferida-de-19-analistas-para-buscar-lucros-confira/
2024-05-14,InfoMoney,analista,"Combinação de pequenos itens levou Petrobras a ficar abaixo do esperado, diz analista","Embora com estimativas abaixo do esperado no 1T24, a estatal continuou a gerar fluxo de caixa substancial",Negative,abaixo do esperado,Negative,True,,,https://www.infomoney.com.br/mercados/combinacao-de-pequenos-itens-levou-petrobras-a-ficar-abaixo-do-esperado-diz-analista/
2024-05-22,Poder360,santander,"Produção da Petrobras em abril é decepcionante, diz Santander",Redução teria sido motivada por manutenções em campos do pré-sal; analistas dizem que a volatilidade pode seguir em maio,Negative,decepcion,Negative,True,,,https://www.poder360.com.br/economia/producao-da-petrobras-e-decepcionante-em-abril-diz-santander/
2024-06-06,MoneyTimes,analistas,E os dividendos extraordinários? Bancão dispara e desbanca Petrobras (PETR4); confira onde investir em junho,"Desbancando a queridinha do mercado e conhecida por seus dividendos extraordinários, Petrobras (PETR4), o Banco do Brasil (BBAS3) virou a ação preferida dos analistas para investir em junho, mostra o levantamento do Money Times, com carteiras de dividendos de 19 bancos, corretoras e casas de análise. No mês, o bancão foi o campeão, ao receber 13 recomendações. Na […]",Positive,ação preferida,Negative,False,,,https://www.moneytimes.com.br/e-os-dividendos-extraordinarios-bancao-dispara-em-recomendacoes-e-desbanca-petrobras-petr4-confira-onde-investir-em-junho-visp/
2024-06-11,MoneyTimes,analistas,"Petrobras (PETR4), Prio (PRIO3), 3R Petroleum (RRRP3): Veja a petroleira favorita dos analistas para buscar lucros em junho","Mais uma vez, a Petrobras (PETR4) levou o primeiro lugar como a petroleira preferida dos analistas. Isso é o que mostra o levantamento do Money Times, com carteiras de 20 bancos, corretoras e casas de análise. No mês, a ação foi de longe a campeã, recebendo 14 recomendações. Em sequência, aparecem a Prio (PRIO3), com sete indicações, e […]",Positive,preferida,Neutral,False,,,https://www.moneytimes.com.br/petrobras-petr4-prio-prio3-3r-petroleum-rrrp3-confira-qual-a-petroleira-favorita-dos-analistas-para-buscar-lucros-no-mes-de-junho-visp/
2024-07-04,InfoMoney,analistas,Petrobras (PETR4): interesse na Namíbia e acordo com Cade são positivos para estatal?,Analistas veem notícias sobre exploração na África em linha com sinalizações de aumentar reservas futuras,Positive,são positiv,Neutral,False,,,https://www.infomoney.com.br/mercados/petrobras-petr4-interesse-na-namibia-e-acordo-com-cade-sao-positivos-para-estatal/
2024-07-16,InfoMoney,santander,Petrobras (PETR4): os 3 motivos para Santander ter recomendação neutra para a ação,Santander mantém recomendação neutra e preço-alvo de R$ 43 por ação ordinária,Neutral,recomendação neutr,Neutral,True,,,https://www.infomoney.com.br/mercados/petrobras-petr4-os-3-motivos-para-santander-ter-recomendacao-neutra-para-a-acao/
2024-08-06,Exame,bank of america,"Petrobras (PETR4) deve pagar US$ 2,8 bilhões de dividendos, diz BofA","Bank of America recomenda compra do papel, com preço-alvo de US$ 17,90, o que representaria um potencial de ganho de quase 34,50%",Positive,recomenda compra,Negative,False,,,https://exame.com/invest/mercados/petrobras-petr4-deve-pagar-us-28-bilhoes-de-dividendos-diz-bofa/
2024-08-26,InfoMoney,morgan stanley,Petrobras salta 9% e ganha R$ 41 bi de valor com ações elevadas e alta do petróleo,Morgan Stanley elevou recomendação dos ADRs para compra,Positive,elevou recomendaç,Positive,True,,,https://www.infomoney.com.br/mercados/petrobras-sobe-3-com-acao-elevada-e-alta-do-petroleo-outras-petroleiras-sobem/
2024-08-26,MoneyTimes,morgan stanley,Retornos de 60% e dividendos: Morgan faz as contas e recomenda compra em Petrobras (PETR4); ação dispara 8%,"Uma combinação de fatores ativou ‘gatilhos’ para o papel da Petrobras (PETR4) disparar mais na sessão desta segunda-feira (26). Além do preço do petróleo, que salta mais de 2%, o Morgan Stanley elevou a recomendação da estatal para overweight, o equivalente à compra, com preço-alvo de US$ 20 até 2025, potencial de 38% ante o […]",Positive,recomenda compra,Neutral,False,,,https://www.moneytimes.com.br/petrobras-petr4-morgan-stanley-recomenda-compra-apos-calcular-tamanho-dos-dividendos-extraordinarios-acao-dispara-rnda/
2024-08-27,MoneyTimes,morgan stanley,Retornos e dividendos da Petrobras (PETR4) são destaque no Money Times; veja as principais manchetes dos jornais hoje (27),"O Morgan Stanley elevou a recomendação da Petrobras (PETR4) para overweight, o equivalente à compra, e é destaque no Money Times nesta terça-feira (27). Em reação, os papéis dispararam no Ibovespa. As ações ordinárias (PETR3) fecharam o pregão como a maior alta do índice, com avanço de 8,96%, a R$ 42,92. Já as ações preferenciais (PETR4) terminaram o […]",Positive,elevou a recomendaç,Neutral,False,,,https://www.moneytimes.com.br/com-retornos-de-60-e-dividendos-petrobras-petr4-e-destaque-confira-as-principais-noticias-dos-jornais-hoje-terca-feira-27-08-2024-lmrs/
2024-08-28,InfoMoney,santander,"Petrobras: após Morgan, Santander eleva ações a compra de olho em plano e dividendos","Banco subiu recomendação com base em perspectiva renovada de sua estrutura de capital e, portanto, potencial extraordinário de dividendos",Positive,subiu recomendaç,Positive,True,,,https://www.infomoney.com.br/mercados/petrobras-petr4-apos-morgan-santander-eleva-acoes-a-compra-de-olho-em-plano-em-dividendos-desempenho-ativos/
2024-09-12,InfoMoney,goldman sachs,Petrobras ignora petróleo e cai após banco cortar preço-alvo e projeção de dividendos,"Petróleo teve recuperação na sessão desta quinta, mas queda recente da commodity fez com que Goldman Sachs revisasse para baixo suas projeções para estatal",Negative,cortar preço-alvo,Negative,True,,,https://www.infomoney.com.br/mercados/petrobras-petr4-goldman-corta-preco-alvo-e-projecao-de-dividendo-por-petroleo-e-acoes-caem/
2024-09-16,MoneyTimes,itaú bba,"Petrobras (PETR4): Itaú calcula dividendos, preço-alvo e recomenda compra; veja potencial","O Itaú BBA revisitou a Petrobras (PETR3;PETR4) e chegou a conclusão de que é hora de comprar os papéis. A corretora elevou a recomendação de neutro para outperform, o equivalente à compra, com preço-alvo de R$ 48 até 2025, o que abre potencial de alta de 31%. Em reação, os papéis preferenciais (PETR4) da estatal […]",Positive,recomenda compra,Neutral,False,,,https://www.moneytimes.com.br/petrobras-petr4-itau-bba-eleva-recomendacao-para-compra-retornos-de-dividendos-chegam-a-14-rnda/
2024-09-18,MoneyTimes,bank of america,"Rali da Petrobras (PETR4): Investidor pode surfar alta de 40% das ações, vê BofA","O Bank of America elevou o preço-alvo da Petrobras (PETR3;PETR4) de R$ 47 para R$ 51, o que abre potencial de alta de 40% ante o fechamento desta quarta-feira (18). A recomendação é de compra. Onde investir após a Super Quarta? Veja como receber um dossiê gratuito com os investimentos mais promissores após as decisões […]",Positive,elevou o preço-alvo,Neutral,False,,,https://www.moneytimes.com.br/rali-da-petrobras-petr4-investidor-pode-surfar-alta-de-40-das-acoes-ve-bofa-rnda/
2024-09-25,MoneyTimes,bb investimentos,"Petrobras (PETR4): Bancões recomendam compra — um vê dividendos de R$ 3,49 por ação em visão conservadora","O BB Investimentos introduziu um novo preço-alvo para as ações da Petrobras (PETR3;PETR4), de R$ 48,50, mantendo a recomendação de compra. “Nossa avaliação deriva de um método de Fluxo de Caixa Descontado (DCF) de dez anos, assumindo um WACC em 12,6% e um crescimento na perpetuidade (g) de 2,0%”, diz o banco em relatório. Na […]",Positive,recomendam compra,Neutral,False,,,https://www.moneytimes.com.br/petrobras-petr3petr4-bancoes-recomendam-compra-um-ve-dividendos-de-r-349-por-acao-em-visao-conservadora-lmrs/
2024-09-25,Exame,j.p. morgan,J.P. Morgan se rende ao consenso e dá 'compra' para ações de Petrobras,Banco vê vantagens relativas diante de petróleo em queda e potencial de alta de mais de 20% para as ações da estatal,Positive,potencial de alta,Positive,True,,,https://exame.com/invest/mercados/j-p-morgan-revisa-recomendacao-de-petrobras-e-se-rende-a-um-dos-maiores-consensos-do-mercado/
2024-10-21,InfoMoney,analistas,Petrobras lança luz sobre sua governança para investir: o que o mercado achou?,Analistas tiveram uma visão positiva sobre os processos da companhia após reunião sobre o tema,Positive,são positiv,Neutral,False,,,https://www.infomoney.com.br/mercados/petrobras-lanca-luz-sobre-sua-governanca-para-investir-o-que-o-mercado-achou/
2024-10-29,InfoMoney,analistas,Petrobras: analistas revisam projeções para ações e dividendos após produção; confira,"XP reiterou Petrobras como uma das preferidas do setor e elevou preço-alvo para PETR3 e PETR4, mas reduziu de ADRs; analistas projetam proventos para o 3T24 e 2024",Positive,elevou preço-alvo,Neutral,False,,,https://www.infomoney.com.br/mercados/petrobras-petr4-analistas-revisam-projecoes-para-acoes-e-dividendos-apos-producao-3t24-confira/
2024-11-22,InfoMoney,xp,"Após plano e dividendo extraordinário, XP reitera recomendação de compra da Petrobras","Tanto o pagamento de proventos adicionais como o programa de negócios vieram em linha, de acordo com a casa",Positive,recomendação de compra,Neutral,False,,,https://www.infomoney.com.br/mercados/apos-plano-e-dividendo-extraordinario-xp-reitera-recomendacao-de-compra-da-petrobras/
2024-11-25,MoneyTimes,ubs,Petrobras (PETR4): UBS BB eleva preço-alvo e prevê rendimentos de dividendos mais robustos,"O UBS BB elevou a projeção de dividend yield da Petrobras (PETR4) em 2025, de 11% para 16%, destacando que no cenário mais otimista a linha pode atingir 20%, segundo relatório divulgado nesta segunda-feira (25). A projeção considera o Plano de Negócios 2025-2029, revelado na semana passada. O banco também elevou de R$ 47 para […]",Positive,eleva preço-alvo,Positive,True,,,https://www.moneytimes.com.br/petrobras-petr4-ubs-bb-eleva-preco-alvo-e-preve-rendimentos-kda/
2024-12-04,MoneyTimes,safra,Petrobras (PETR4): Safra eleva preço-alvo em R$ 14 e calcula dividendos; veja novo potencial,"A Petrobras (PETR4), um dos destaques de 2024, ganhou a preferência de mais um banco. O Safra elevou o preço-alvo de R$ 34 para R$ 48, potencial de alta de 22% em relação à publicação do relatório, enquanto a recomendação passou de neutra para compra. Segundo os analistas, além do potencial de alta, os dividendos […]",Positive,eleva preço-alvo,Neutral,False,,,https://www.moneytimes.com.br/petrobras-petr4-safra-eleva-preco-alvo-em-r-14-veja-novo-potencial-rnda/
2025-01-06,MoneyTimes,analistas,"Petrobras (PETR4) é a campeã, mas 17 analistas apontam três outras preferidas para buscar dividendos em janeiro","A virada do ano promete a perspectiva de 365 (ou 366) dias em aberto para mudança e esperança por tempos melhores. No entanto, não é isso que o mercado financeiro experimenta com a entrada de 2025. O sentimento deixado pela ineficiência do pacote fiscal, disparada do dólar e perspectiva de um ciclo de aperto monetário […]",Positive,preferida,Neutral,False,,,https://www.moneytimes.com.br/petrobras-petr4-e-a-campea-mas-17-analistas-apontam-tres-outras-preferidas-para-buscar-dividendos-em-janeiro-lmrs/
2025-01-24,Poder360,santander,Santander revisa projeção para petróleo e vê Petrobras como “top pick”,"Cotação do Brent deve ser de US$ 77,5 o barril no 1º trimestre; o banco cita a robustez do fluxo de caixa e dos rendimentos de dividendos da estatal",Positive,top pick,Neutral,False,,,https://www.poder360.com.br/poder-economia/santander-revisa-projecao-para-petroleo-e-ve-petrobras-como-top-pick/
2025-02-05,MoneyTimes,analistas,‘Dividendos atrativos’: Petrobras (PETR4) é a ação favorita para fevereiro entre 17 analistas com rendimento que pode bater 15%,"As ações da Petrobras (PETR4) foram eleitas as preferidas dos analistas para buscar dividendos, segundo levantamento do Money Times. A petroleira recebeu 12 indicações, entre 17 carteiras recomendadas de bancos, corretoras e casas de análise para fevereiro. Na sequência, aparecem os papéis de Banco do Brasil (BBAS3) e Itaú Unibanco (ITUB4), com 10 e nove indicações […]",Positive,preferida,Neutral,False,,,https://www.moneytimes.com.br/dividendos-atrativos-petrobras-petr4-e-a-acao-favorita-para-fevereiro-entre-17-analistas-com-rendimento-que-pode-bater-15-gll/
2025-02-10,InfoMoney,itaú bba,Petrobras e PRIO: os motivos para as ações serem as preferidas do Itaú BBA no setor,"Petrobras tem um forte potencial de retorno com dividendos, enquanto PRIO possui o maior rendimento de fluxo de caixa",Positive,preferida,Neutral,False,,,https://www.infomoney.com.br/mercados/petrobras-petr4-e-prio-prio3-os-motivos-para-as-acoes-serem-as-preferidas-do-itau-bba-no-setor-petroleiro/
2025-02-21,MoneyTimes,analistas,"Day Trade: Telefônica (VIVT3), Petrobras (PETR4) e mais 3 ações para comprar nesta sexta (21)","A Ágora e o Pagbank divulgaram suas recomendações de compra em day trade para esta sexta-feira (21). As ações sugeridas são de analistas gráficos, que usam uma metodologia que busca antecipar as tendências de curtíssimo prazo. Confira aqui as recomendações para as vendas do dia. Veja o que comprar Ágora Empresa Ticker Entrada (R$) 1º alvo […]",Positive,recomendações de compra,Neutral,False,,,https://www.moneytimes.com.br/day-trade-hoje-comprar-telefonica-vivo-vivt3-petrobras-petr4-acoes-sexta-feira-21-02-2025-visp/
2025-02-25,MoneyTimes,analistas,"Day Trade: BB Seguridade (BBSE3), Petrobras (PETR4) e mais 2 ações para comprar nesta terça (25)","A Ágora e o Pagbank divulgaram suas recomendações de compra em day trade para esta terça-feira (25). As ações sugeridas são de analistas gráficos, que usam uma metodologia que busca antecipar as tendências de curtíssimo prazo. Confira aqui as recomendações para as vendas do dia. Veja o que comprar Ágora Empresa Ticker Entrada (R$) 1º alvo […]",Positive,recomendações de compra,Neutral,False,,,https://www.moneytimes.com.br/day-trade-hoje-comprar-bb-seguridade-bbse3-petrobras-petr4-acoes-terca-feira-25-02-2025-visp/
2025-02-27,MoneyTimes,analistas,Investidores se preparam para banho de sangue da Petrobras; o que esperar do Ibovespa nesta quinta (27),"O resultado da Petrobras (PETR4) decepcionou o mercado. A empresa reportou prejuízo líquido de R$ 17 bilhões no quarto trimestre (4T24), número abaixo da projeção de ganhos de R$ 20,9 bilhões, feita por analistas em consenso reunido pela Bloomberg. Segundo a empresa, o resultado reflete, principalmente, o impacto da desvalorização cambial e o aumento das provisões, sem efeito […]",Negative,decepcion,Neutral,False,,,https://www.moneytimes.com.br/investidores-se-preparam-para-banho-de-sangue-da-petrobras-o-que-esperar-do-ibovespa-nesta-quinta-27-jals/
2025-03-10,MoneyTimes,btg,"Por que a Petrobras (PETR4), que cai 10% desde o balanço, segue como ‘compra’, segundo o BTG","O BTG Pactual reiterou a recomendação de compra para as ações da Petrobras (PETR4), com preço-alvo de R$ 58. A avaliação é feita em um momento em que os papéis da estatal acumulam baixa de cerca de 10% desde a divulgação do balanço do quarto trimestre. No mês passado, a Petrobras surpreendeu o mercado ao […]",Positive,recomendação de compra,Negative,False,,,https://www.moneytimes.com.br/petrobras-petr4-que-cai-10-desde-o-balanco-segue-compra-diz-btg-kda/
2025-03-24,InfoMoney,ubs,"Petrobras: UBS BB reduz preço-alvo, mas reitera compra: “menos óbvio, mas gostamos”",Recomendação de compra reiterada ocorre por dividendos e crescimento,Positive,recomendação de compra,Neutral,False,,,https://www.infomoney.com.br/mercados/petrobras-ubs-bb-reduz-preco-alvo-mas-reitera-compra-menos-obvio-mas-gostamos/
2025-03-24,MoneyTimes,ubs,Petrobras (PETR4): UBS BB calcula dividendos e diz se ainda vale comprar papel,"O UBS BB reiterou sua recomendação de compra para as ações da Petrobras (PETR4), mesmo reconhecendo que a tese oferece mais risco atualmente. Para o banco, dividendos e crescimento justificam a classificação e otimismo com a petrolífera. Em um momento de incerteza macroeconômica e com poucos outros bons nomes de commodities no Brasil, a Petrobras […]",Positive,recomendação de compra,Neutral,False,,,https://www.moneytimes.com.br/petrobras-petr4-ubs-bb-calcula-dividendos-e-diz-se-ainda-vale-comprar-papel-lmrs/
2025-04-05,MoneyTimes,analistas,Petrobras (PETR4) é a ação favorita da Faria Lima para buscar dividendos em abril; veja as recomendações de 16 analistas,"As ações da Petrobras (PETR4) foram eleitas as preferidas dos analistas para buscar dividendos em abril, segundo levantamento do Money Times. A estatal recebeu 14 indicações, entre 16 carteiras recomendadas de bancos, corretoras e casas de análise. Para o BTG Pactual, a petroleira entrega um dividend yield (rendimento em dividendos) “atraente”. Os analistas pontuam que o recente […]",Positive,preferida,Neutral,False,,,https://www.moneytimes.com.br/petrobras-petr4-e-a-acao-favorita-da-faria-lima-para-buscar-dividendos-em-abril-veja-as-recomendacoes-de-16-analistas-gll/
2025-04-08,InfoMoney,analistas,Petrobras (PETR4) e Vale (VALE3): ações estão baratas após “sell-off” com tarifaço?,"Analistas seguem recomendando compra para Petrobras, mas estão mais divididos com Vale (por outros fatores além do tarifaço)",Positive,estão barat,Neutral,False,,,https://www.infomoney.com.br/mercados/petrobras-petr4-e-vale-vale3-acoes-estao-baratas-apos-sell-off-com-tarifaco/
2025-04-18,Exame,analistas,O petróleo caiu 15% desde o tarifaço. O que isso significa para as ações da Petrobras (PETR4),Analistas seguem recomendando compra e vêem ação como opção defensiva em meio ao recuo da commodity,Positive,recomendando compra,Negative,False,,,https://exame.com/invest/mercados/o-petroleo-caiu-15-desde-o-tarifaco-o-que-isso-significa-para-as-acoes-da-petrobras-petr4/
2025-04-22,InfoMoney,analistas,"Petrobras (PETR4) cai mais de 15% em abril, mas analistas seguem otimistas: por quê?","UBS BB e Rico Investimentos seguem com Petrobras como uma das preferidas, ainda que vendo volatilidade",Positive,preferida,Negative,False,,,https://www.infomoney.com.br/mercados/petrobras-petr4-cai-mais-de-15-em-abril-mas-analistas-seguem-otimistas-por-que/
2025-04-24,MoneyTimes,bradesco bbi,"Petrobras (PETR4) não deve pagar dividendos extraordinários com resultados de 2025, diz Bradesco BBI","O Bradesco BBI revisou suas estimativas para a Petrobras (PETR4), reduzindo o preço-alvo para R$ 42 por ação, mas mantendo a recomendação de compra, com a justificativa de que, apesar da redução nas expectativas de resultados, o dividend yield continua atraente. A remoção da premissa de um pagamento extraordinário de US$ 2 bilhões é uma […]",Positive,recomendação de compra,Negative,False,,,https://www.moneytimes.com.br/petrobras-petr4-nao-deve-pagar-dividendos-extraordinarios-em-2025-diz-bradesco-bbi-kda/
2025-05-08,MoneyTimes,safra,"Petrobras (PETR4) e mais 9 ações para investir em maio, com potencial de alta de até 60%, segundo o Safra","O Safra promoveu quatro mudanças em sua carteira recomendada de ações para o mês de maio, com as saídas do Banco do Brasil (BBAS3), Suzano (SUZB3), Sabesp (SBSP3) e Prio (PRIO3). Com as remoções, os analistas optaram por incluir os papéis de Porto Seguro (PSSA3), JBS (JBSS3), Copel (CPLE6) e Grupo Mateus (GMAT3). VEJA TAMBÉM: Copom anunciou decisão dos […]",Positive,potencial de alta,Positive,True,,,https://www.moneytimes.com.br/petrobras-petr4-e-mais-9-acoes-para-investir-em-maio-com-potencial-de-alta-de-ate-60-segundo-o-safra-grds/
2025-05-08,MoneyTimes,analistas,Petrobras (PETR4) é a preferida entre 16 analistas para quem quer embolsar dividendos; veja por quê,"Mês após mês, a Petrobras (PETR4) figura entre as ações mais recomendadas por analistas para quem busca embolsar dividendos. Assim como no mês anterior, em maio a petrolífera é campeã de indicações. Presente na carteira recomendada de 13 bancos e corretoras, a Petrobras tem o primeiro lugar do ranking, seguida pelo Banco do Brasil (BBAS3), […]",Positive,preferida,Neutral,False,,,https://www.moneytimes.com.br/petrobras-petr4-e-a-preferida-entre-16-analistas-para-quem-quer-embolsar-dividendos-veja-por-que-lmrs/
2025-06-06,MoneyTimes,analistas,Petrobras (PETR4) rouba a cena – de novo – e é a queridinha entre 15 analistas para embolsar dividendos em junho,"As ações da Petrobras (PETR4) foram eleitas as preferidas dos analistas para buscar dividendos em junho. A estatal apareceu em 93% das carteiras recomendadas de bancos, corretoras e casas de análise coletadas pelo Money Times, obtendo 14 indicações para este mês. O BTG Pactual não previa totalmente os riscos de queda nos preços do petróleo em […]",Positive,preferida,Neutral,False,,,https://www.moneytimes.com.br/petrobras-petr4-rouba-a-cena-de-novo-e-e-a-queridinha-entre-15-analistas-para-embolsar-dividendos-em-junho-gll/
2025-06-09,Exame,santander,"Sem perspectiva de dividendos extraordinários, Petrobras (PETR4) sofre duplo rebaixamento","Santander e do Bank of America cortam projeção de 'compra' para 'neutra' por queda nos preços do petróleo e riscos regulatórios, com pressão arrecadatória do governo podendo recair sobre a estatal",Negative,cortam projeç,Negative,True,,,https://exame.com/invest/mercados/sem-perspectiva-de-dividendos-extraordinarios-petrobras-petr4-sofre-duplo-rebaixamento/
2025-07-04,MoneyTimes,analistas,Petrobras (PETR4) mantém o posto? Veja a ação preferida entre 13 analistas para embolsar dividendos,"Sai mês, entra mês, e a Petrobras (PETR4) segue como a ação preferida entre analistas de bancos e corretoras quando se trata de buscar dividendos. Para julho, levantamento do Money Times mostra que a estatal ocupa novamente o posto de mais indicada, presente em nove carteiras recomendadas. O levantamento, que mapeou 13 portfólios voltados para […]",Positive,ação preferida,Neutral,False,,,https://www.moneytimes.com.br/petrobras-petr4-mantem-o-posto-veja-a-acao-que-13-analistas-estao-de-olho-para-embolsar-dividendos-lmrs/
2025-07-30,MoneyTimes,analistas,"Petrobras (PETR4): Depois da produção, os dividendos; quanto empresa deverá pagar no 2T25?","A Petrobras (PETR4) fez a lição de casa e produziu acima do esperado no segundo trimestre. Com quase 3 milhões de barris de óleo equivalente por dia, a companhia bateu recordes. Entre analistas, os números ficaram acima da expectativa. Porém, na bolsa, a ação pouco reagia, com o papel caindo 0,37%, a R$ 32,32, por […]",Positive,acima do esperado,Neutral,False,,,https://www.moneytimes.com.br/petrobras-petr4-depois-da-producao-os-dividendos-quanto-empresa-devera-pagar-rnda/
2025-08-13,InfoMoney,citi,Petrobras: por que o Citi tem recomendação neutra para as ações da estatal,Citi reitera recomendação neutra para Petrobras e vê chance de corte em previsão de capex para 2026,Neutral,recomendação neutr,Positive,False,,,https://www.infomoney.com.br/mercados/petrobras-por-que-o-citi-tem-recomendacao-neutra-para-as-acoes-da-estatal/
2025-08-14,MoneyTimes,citi,Citi reitera recomendação neutra para Petrobras (PETR4) e vê chance de corte em previsão de capex para 2026,"Analistas do Citi reiteraram a recomendação neutra para as ações da Petrobras (PETR4) em relatório enviado a clientes nesta quarta-feira, no qual também mantiveram o preço-alvo dos papéis em R$ 35 — ou US$ 12,50 no caso dos ADRs (recibos das ações negociados nos Estados Unidos). Eles afirmaram que a companhia pode ser uma boa […]",Neutral,recomendação neutr,Negative,False,,,https://www.moneytimes.com.br/citi-reitera-recomendacao-neutra-para-petrobras-petr4-e-ve-chance-de-corte-em-previsao-de-capex-para-2026-fets/
2025-08-19,MoneyTimes,citi,Raízen (RAIZ4) cai até 11% após Citi rebaixar recomendação e Petrobras (PETR4) negar investimento; ação derrete 70% no ano,"As ações da Raízen (RAIZ4) amargaram mais um dia negativo no Ibovespa (IBOV), após a Petrobras (PETR4) negar a intenção de realizar algum investimento na joint venture entre Shell e Cosan (CSAN3). Os papéis enceraram a sessão com queda de 9,57%, a R$ 1,04. Na mínima intradia, RAIZ4 chegaram a recuar 11,30% (R$ 1,02). CONFIRA: Está em […]",Negative,rebaixar recomendaç,Negative,True,,,https://www.moneytimes.com.br/raizen-raiz4-despenca-e-queda-chega-a-30-em-um-mes-citi-rebaixa-recomendacao-grds/
2025-08-21,MoneyTimes,btg,Ibovespa futuro deve seguir em baixa; BTG recomenda compra de Petrobras (PETR4) e aponta oportunidades em swing trade,"O Ibovespa futuro (WINV25) encerrou o pregão da última quarta-feira (20) com uma leve recuperação de 0,48%, aos 137.145 pontos, após as fortes quedas nos últimos dias. No entanto, em análise técnica divulgada nesta quinta-feira (21), o BTG Pactual aponta a formação de um padrão que sugere a continuidade do movimento vendedor — o que […]",Positive,recomenda compra,Negative,False,,,https://www.moneytimes.com.br/ibovespa-futuro-continuidade-de-baixa-recomendacao-para-petrobras-petr4-swing-trade-grds/
2025-08-22,InfoMoney,ubs,"Petrobras: UBS BB reduz preço-alvo, mas recomenda compra para ações por 3 pilares","Baixa concentração de investidores, combinada com múltiplos descontados e dividendos elevados, reduz riscos e pode abrir espaço para reprecificação",Positive,recomenda compra,Neutral,False,,,https://www.infomoney.com.br/mercados/petrobras-ubs-bb-reduz-preco-alvo-mas-recomenda-compra-para-acoes-por-3-pilares/
2025-09-09,InfoMoney,analistas,Petrobras pode prever corte de US$ 8 bi em plano de negócios: positivo para as ações?,"Possível plano para vender campos maduros está no radar; analistas ponderam sobre condições do plano, mas veem iniciativas como positivas",Positive,positivo para,Negative,False,,,https://www.infomoney.com.br/mercados/petrobras-pode-prever-corte-de-us-8-bi-em-plano-de-negocios-positivo-para-as-acoes/
2025-09-18,MoneyTimes,btg,Petrobras (PETR4): BTG enxerga combinação positiva para dividendos adicionais; ciclo eleitoral pode reprecificar ação,"O BTG Pactual mantém uma visão fora do consenso para Petrobras (PETR4), enxergando uma assimetria positiva de revisões para cima na produção e revisões para baixo em capex (despesas de capital) e opex (despesa operacional). Além disso, o cenário eleitoral em 2026 pode ajudar ainda mais na valorização das ações. Isso se dá por conta das premissas do […]",Positive,positiva para,Positive,True,,,https://www.moneytimes.com.br/petrobras-petr4-btg-enxerga-combinacao-para-dividendos-adicionais-ciclo-eleitoral-pode-reprecificar-acao-pads/
2025-09-24,InfoMoney,jpmorgan,"Petrobras: JPMorgan ressalta pré-sal, eleva projeção de produção e reitera compra","Banco também ressaltou o baixo ritmo de esgotamento dos reservatórios do pré-sal, e reiterou recomendação “overweight” para PETR4",Positive,eleva projeç,Neutral,False,,,https://www.infomoney.com.br/mercados/petrobras-jpmorgan-ressalta-qualidade-do-pre-sal-e-eleva-projecao-de-producao/
2025-10-08,MoneyTimes,bb investimentos,Swing Trade: BB Investimentos recomenda venda para Petrobras (PETR4) e B3 (B3SA3) nesta quarta-feira (8),"O BB Investimentos recomenda a venda das ações da Petrobras (PETR4) e da B3 (B3SA3) nesta quarta-feira (8), encerrando mais duas operações de swing trade nesta semana. A recomendação de venda acontece pouco mais de um mês após o início das posições, em 2 de setembro para a Petrobras e 4 de setembro para a B3. […]",Negative,recomendação de venda,Neutral,False,,,https://www.moneytimes.com.br/swing-trade-bb-investimentos-recomenda-venda-para-petrobras-petr4-nesta-quarta-feira-081025-grds/
2025-10-20,MoneyTimes,analistas,"Petrobras (PETR4): Licença para perfurar Foz do Amazonas é positiva, mas impacto por ora é pequeno","O aval do Instituto Brasileiro do Meio Ambiente (Ibama) à Petrobras (PETR4) para o inicio da perfuração da Foz do Amazonas é vista por analistas como positiva, mas, por ora, não deve impactar as ações da estatal.  A visão geral é de que ainda é muito cedo para projetar qualquer expectativa quanto à exploração de […]",Positive,é positiv,Neutral,False,,,https://www.moneytimes.com.br/petrobras-petr4-licenca-para-perfurar-foz-do-amazonas-e-positiva-impacto-pequeno-vtra-kda/
2025-10-25,MoneyTimes,btg,"Petrobras (PETR4): A expectativa para o novo plano de negócios, segundo o BTG","O BTG Pactual manteve uma visão construtiva sobre a Petrobras (PETR4) antes da divulgação do novo Plano de Negócios 2026–2030, destacando que o cenário pode reservar uma assimetria positiva para os investidores. A instituição manteve nesta semana a recomendação de compra para os papéis da Petrobras, um preço-alvo de US$ 15 para as ADRs negociadas […]",Positive,positiva para,Neutral,False,,,https://www.moneytimes.com.br/petrobras-petr4-a-expectativa-para-o-novo-plano-de-negocios-segundo-o-btg-kda/
2025-11-07,MoneyTimes,btg,"Petrobras (PETR4) pode pagar dividendos extraordinários, após superar estimativas em lucro e proventos?","Mesmo depois de a Petrobras (PETR4) apresentar um resultado forte e acima do esperado, é improvável que a empresa anuncie dividendos extraordinários, diante da combinação de investimentos mais altos e preços mais baixos do petróleo, disse o BTG Pactual nesta sexta-feira (7). Na véspera, a estatal informou um lucro líquido de US$ 6,03 bilhões no […]",Positive,acima do esperado,Negative,False,,,https://www.moneytimes.com.br/petrobras-petr4-pode-pagar-dividendos-extraordinarios-apos-superar-estimativas-em-lucro-e-proventos-kda/
2025-11-07,MoneyTimes,analistas,Vale (VALE3) deixa Itaú e Petrobras para trás e é ação mais indicada para novembro; veja as preferidas de 18 analistas,"A Vale (VALE3) abriu vantagem diante da Petrobras (PETR4) e do Itaú Unibanco (ITUB4) e se consolidou como o nome mais recomendado para investir em novembro, mostra levantamento do Money Times que mapeou 18 carteiras recomendadas de ações divulgadas por bancos e corretoras para este mês. No último mês, a mineradora dividiu a primeira colocação […]",Positive,preferida,Negative,False,,,https://www.moneytimes.com.br/vale-vale3-deixa-itau-e-petrobras-para-tras-e-e-acao-mais-indicada-para-novembro-veja-as-preferidas-de-18-analistas-lmrs/
2025-11-17,MoneyTimes,analistas,Petrobras (PETR4): Nova descoberta de petróleo de ‘excelente qualidade’ terá impacto sobre as ações?,"A nova descoberta de petróleo na Bacia de Campos, divulgada pela Petrobras (PETR4), é positiva, pode reforçar o potencial de geração futura de caixa e a agenda de revitalização da Bacia de Campos, disseram analistas nesta segunda-feira (17). No entanto, segundo eles, ainda é cedo para qualquer impacto sobre as ações da estatal.  A companhia […]",Positive,é positiv,Neutral,False,,,https://www.moneytimes.com.br/petrobras-petr4-nova-descoberta-de-petroleo-de-excelente-qualidade-tera-impacto-sobre-as-acoes/
